Customer ID,Recency,Frequency,Monetary,Recency_log,Frequency_log,Monetary_log,Segment,Segment_Label
12346,326,12,77556.46,5.7899601708972535,2.5649493574615367,11.258774359980725,1,Big Spenders
12347,2,8,5633.32,1.0986122886681098,2.1972245773362196,8.63663174483544,3,Loyal Customers
12348,75,5,2019.3999999999999,4.330733340286331,1.791759469228055,7.6110507905938976,1,Big Spenders
12349,19,4,4428.6900000000005,2.995732273553991,1.6094379124341003,8.396084883164011,3,Loyal Customers
12350,310,1,334.40000000000003,5.739792912179234,0.6931471805599453,5.815323849389109,2,Lost/Churned
12351,375,1,300.93,5.929589143389895,0.6931471805599453,5.710195202428391,2,Lost/Churned
12352,36,10,2849.84,3.6109179126442243,2.3978952727983707,7.9553689666784315,1,Big Spenders
12353,204,2,406.76,5.3230099791384085,1.0986122886681098,6.010678766031786,2,Lost/Churned
12354,232,1,1079.4,5.4510384535657,0.6931471805599453,6.985086621918461,4,At Risk
12355,214,2,947.61,5.3706380281276624,1.0986122886681098,6.854997755239065,4,At Risk
12356,23,6,6373.68,3.1780538303479458,1.9459101490553132,8.76008917268833,1,Big Spenders
12357,33,3,18287.66,3.5263605246161616,1.3862943611198906,9.814036474622236,1,Big Spenders
12358,2,5,3887.07,1.0986122886681098,1.791759469228055,8.265668169533484,3,Loyal Customers
12359,58,10,8935.94,4.07753744390572,2.3978952727983707,9.097948527696552,1,Big Spenders
12360,52,8,4252.89,3.970291913552122,2.1972245773362196,8.355589137409874,1,Big Spenders
12361,287,4,511.25,5.662960480135946,1.6094379124341003,6.238812787119009,4,At Risk
12362,3,11,5356.2300000000005,1.3862943611198906,2.4849066497880004,8.586202329437555,3,Loyal Customers
12363,110,2,552.0,4.709530201312334,1.0986122886681098,6.315358001522335,0,New/Occasional
12364,8,4,1313.1,2.1972245773362196,1.6094379124341003,7.180907299649593,3,Loyal Customers
12365,291,2,641.38,5.676753802268282,1.0986122886681098,6.465180028897591,4,At Risk
12366,634,1,500.24,6.453624998892692,0.6931471805599453,6.217085028297085,2,Lost/Churned
12367,4,1,168.9,1.6094379124341003,0.6931471805599453,5.135210028677887,0,New/Occasional
12368,628,1,917.7,6.444131256700441,0.6931471805599453,6.822959627277421,4,At Risk
12369,413,3,1791.15,6.025865973825314,1.3862943611198906,7.491171295388921,4,At Risk
12370,51,7,4320.31,3.9512437185814275,2.0794415416798357,8.371313876010715,1,Big Spenders
12371,45,5,4067.38,3.828641396489095,1.791759469228055,8.31100016480189,1,Big Spenders
12372,72,3,1298.04,4.290459441148391,1.3862943611198906,7.169380809114136,4,At Risk
12373,311,3,1127.65,5.7430031878094825,1.3862943611198906,7.028777507229587,4,At Risk
12374,25,4,2989.2200000000003,3.258096538021482,1.6094379124341003,8.003102242273277,3,Loyal Customers
12375,11,2,457.5,2.4849066497880004,1.0986122886681098,6.127960291696519,0,New/Occasional
12376,390,2,503.15,5.968707559985366,1.0986122886681098,6.222873842839224,4,At Risk
12377,315,4,3426.32,5.755742213586912,1.6094379124341003,8.139533893646055,4,At Risk
12378,130,2,5416.32,4.875197323201151,1.0986122886681098,8.597356507200939,4,At Risk
12379,82,4,1620.22,4.418840607796598,1.6094379124341003,7.390934231218893,4,At Risk
12380,22,11,9676.300000000001,3.1354942159291497,2.4849066497880004,9.177538215743802,1,Big Spenders
12381,5,5,1845.31,1.791759469228055,1.791759469228055,7.520944331624911,3,Loyal Customers
12383,185,5,1850.56,5.225746673713202,1.791759469228055,7.523783805985769,4,At Risk
12384,29,2,585.27,3.4011973816621555,1.0986122886681098,6.373780434317173,0,New/Occasional
12385,379,1,1938.4,5.940171252720432,0.6931471805599453,7.570133925870446,4,At Risk
12386,338,2,660.8000000000001,5.82600010738045,1.0986122886681098,6.4949633954875114,4,At Risk
12387,415,1,143.94,6.030685260261263,0.6931471805599453,4.976319863681136,2,Lost/Churned
12388,16,8,3901.11,2.833213344056216,2.1972245773362196,8.269272711457157,3,Loyal Customers
12389,403,3,1433.33,6.0014148779611505,1.3862943611198906,7.268453120207762,4,At Risk
12390,80,1,549.84,4.394449154672439,0.6931471805599453,6.311444385858925,0,New/Occasional
12391,22,6,2773.42,3.1354942159291497,1.9459101490553132,7.928196995326099,3,Loyal Customers
12392,591,1,234.75000000000003,6.3835066348840055,0.6931471805599453,5.462771921513567,2,Lost/Churned
12393,72,6,2399.45,4.290459441148391,1.9459101490553132,7.783411498760109,1,Big Spenders
12394,64,2,1272.48,4.174387269895637,1.0986122886681098,7.149508589545504,0,New/Occasional
12395,19,15,5067.27,2.995732273553991,2.772588722239781,8.53075481547577,1,Big Spenders
12396,674,1,931.4300000000001,6.51471269087253,0.6931471805599453,6.837794081676172,4,At Risk
12397,36,2,2409.9,3.6109179126442243,1.0986122886681098,7.7877554007552545,0,New/Occasional
12398,46,1,1635.6599999999999,3.8501476017100584,0.6931471805599453,7.4004128587924045,0,New/Occasional
12399,119,7,1962.3,4.787491742782046,2.0794415416798357,7.582382009904704,1,Big Spenders
12400,414,1,205.25,6.028278520230698,0.6931471805599453,5.32908902521479,2,Lost/Churned
12401,303,1,84.3,5.717027701406222,0.6931471805599453,4.446174454497633,2,Lost/Churned
12402,323,6,1256.9,5.780743515792329,1.9459101490553132,7.137198942844827,4,At Risk
12403,50,2,1019.36,3.9318256327243257,1.0986122886681098,6.927910785185701,0,New/Occasional
12404,682,1,63.24,6.52649485957079,0.6931471805599453,4.162626069638506,2,Lost/Churned
12405,149,1,1710.39,5.0106352940962555,0.6931471805599453,7.445061184797548,4,At Risk
12406,22,5,6390.36,3.1354942159291497,1.791759469228055,8.762702357276806,1,Big Spenders
12407,50,5,1708.12,3.9318256327243257,1.791759469228055,7.4437338971514055,1,Big Spenders
12408,33,8,4340.77,3.5263605246161616,2.1972245773362196,8.37603737805411,1,Big Spenders
12409,79,7,23419.29,4.382026634673881,2.0794415416798357,10.061358019654037,1,Big Spenders
12410,309,3,1013.71,5.736572297479192,1.3862943611198906,6.9223581363660704,4,At Risk
12411,410,1,346.9,6.018593214496234,0.6931471805599453,5.8519150821578965,2,Lost/Churned
12412,75,6,2596.93,4.330733340286331,1.9459101490553132,7.862470253064629,1,Big Spenders
12413,67,4,999.45,4.219507705176107,1.6094379124341003,6.908205177762502,4,At Risk
12414,217,6,952.4100000000001,5.384495062789089,1.9459101490553132,6.860045031492727,4,At Risk
12415,24,28,144458.37,3.2188758248682006,3.367295829986474,11.88075357052652,5,Champions
12416,657,1,202.56,6.489204931325317,0.6931471805599453,5.315960801720632,2,Lost/Churned
12417,3,20,6816.91,1.3862943611198906,3.044522437723423,8.827308252258714,5,Champions
12418,113,4,2021.2,4.736198448394496,1.6094379124341003,7.6119413066572985,4,At Risk
12419,386,2,503.01,5.958424693029782,1.0986122886681098,6.222596109144375,4,At Risk
12420,64,1,600.39,4.174387269895637,0.6931471805599453,6.3992436425478765,0,New/Occasional
12421,16,6,1098.6,2.833213344056216,1.9459101490553132,7.00270175629109,3,Loyal Customers
12422,96,17,5231.8,4.574710978503383,2.8903717578961645,8.562701786647002,1,Big Spenders
12423,1,10,2622.39,0.6931471805599453,2.3978952727983707,7.872222653526559,3,Loyal Customers
12424,163,4,3340.0299999999997,5.099866427824199,1.6094379124341003,8.114034421663943,4,At Risk
12425,78,2,1741.41,4.3694478524670215,1.0986122886681098,7.4630244913725114,4,At Risk
12426,195,2,1345.21,5.278114659230517,1.0986122886681098,7.205048515865767,4,At Risk
12427,22,3,1129.3,3.1354942159291497,1.3862943611198906,7.030238363196686,0,New/Occasional
12428,26,9,7956.46,3.295836866004329,2.302585092994046,8.981865132439246,1,Big Spenders
12429,9,8,7485.91,2.302585092994046,2.1972245773362196,8.920911441322318,3,Loyal Customers
12430,43,1,256.4,3.784189633918261,0.6931471805599453,5.5506312951620265,0,New/Occasional
12431,36,27,10857.970000000001,3.6109179126442243,3.332204510175204,9.292746745527754,5,Champions
12432,43,5,5059.32,3.784189633918261,1.791759469228055,8.529185001388596,1,Big Spenders
12433,1,10,20581.260000000002,0.6931471805599453,2.3978952727983707,9.93218481871349,5,Champions
12434,85,3,1103.43,4.454347296253507,1.3862943611198906,7.007084643758051,4,At Risk
12435,80,6,13925.93,4.394449154672439,1.9459101490553132,9.541579654832375,1,Big Spenders
12436,100,1,509.01,4.61512051684126,0.6931471805599453,6.234430333369278,0,New/Occasional
12437,2,39,12683.4,1.0986122886681098,3.6888794541139363,9.44812817095412,5,Champions
12438,14,2,2906.85,2.70805020110221,1.0986122886681098,7.9751692554798295,3,Loyal Customers
12439,683,2,1158.18,6.52795791762255,1.0986122886681098,7.055468137579511,4,At Risk
12440,462,2,859.2,6.137727054086234,1.0986122886681098,6.757164920349636,4,At Risk
12441,367,1,347.1,5.908082938168931,0.6931471805599453,5.8524897948173935,2,Lost/Churned
12442,3,1,172.06,1.3862943611198906,0.6931471805599453,5.153638355178593,0,New/Occasional
12443,732,1,485.31,6.597145701886651,0.6931471805599453,6.186846280636522,2,Lost/Churned
12444,21,5,5005.46,3.091042453358316,1.791759469228055,8.518484357502437,3,Loyal Customers
12445,22,2,434.98,3.1354942159291497,1.0986122886681098,6.077596370737269,0,New/Occasional
12446,58,1,1002.3100000000001,4.07753744390572,0.6931471805599453,6.9110598129904375,0,New/Occasional
12447,243,1,476.49,5.497168225293202,0.6931471805599453,6.168543217293113,2,Lost/Churned
12448,44,1,449.45,3.8066624897703196,0.6931471805599453,6.110247083097449,0,New/Occasional
12449,22,6,4835.89,3.1354942159291497,1.9459101490553132,8.484027231195778,1,Big Spenders
12450,156,5,688.2,5.056245805348308,1.791759469228055,6.5355315046537745,4,At Risk
12451,11,8,12669.88,2.4849066497880004,2.1972245773362196,9.447061726309741,5,Champions
12452,17,2,430.57000000000005,2.8903717578961645,1.0986122886681098,6.067429722163682,0,New/Occasional
12453,134,1,707.09,4.90527477843843,0.6931471805599453,6.562571204258897,4,At Risk
12454,56,5,16679.78,4.04305126783455,1.791759469228055,9.72201243740933,1,Big Spenders
12455,73,10,5879.95,4.30406509320417,2.3978952727983707,8.679473592468364,1,Big Spenders
12456,44,3,3181.04,3.8066624897703196,1.3862943611198906,8.065277779528966,1,Big Spenders
12457,66,8,2995.91,4.204692619390966,2.1972245773362196,8.005337036835723,1,Big Spenders
12458,71,4,1777.49,4.276666119016055,1.6094379124341003,7.483519968656931,4,At Risk
12459,605,1,454.36,6.406879986069314,0.6931471805599453,6.121088314901487,2,Lost/Churned
12460,456,1,326.65,6.124683390894205,0.6931471805599453,5.791945965485506,2,Lost/Churned
12461,94,2,826.88,4.553876891600541,1.0986122886681098,6.718868216346018,4,At Risk
12462,19,2,1189.59,2.995732273553991,1.0986122886681098,7.082204261557526,0,New/Occasional
12463,53,4,1344.78,3.9889840465642745,1.6094379124341003,7.204729049594601,4,At Risk
12464,10,8,1212.05,2.3978952727983707,2.1972245773362196,7.100893128209941,3,Loyal Customers
12465,17,2,742.19,2.8903717578961645,1.0986122886681098,6.610951732080795,0,New/Occasional
12466,682,1,56.73,6.52649485957079,0.6931471805599453,4.055776969072842,2,Lost/Churned
12467,423,1,132.8,6.049733455231958,0.6931471805599453,4.896346147694128,2,Lost/Churned
12468,188,5,3670.7400000000002,5.241747015059643,1.791759469228055,8.208420943133293,1,Big Spenders
12469,523,2,3070.54,6.261491684321042,1.0986122886681098,8.029934343472139,4,At Risk
12470,690,1,211.95,6.53813982376767,0.6931471805599453,5.3610573963692225,2,Lost/Churned
12471,2,79,39963.79,1.0986122886681098,4.382026634673881,10.595754095448541,5,Champions
12472,32,19,17880.59,3.4965075614664802,2.995732273553991,9.791526970948304,5,Champions
12473,29,5,3938.55,3.4011973816621555,1.791759469228055,8.278821782571185,1,Big Spenders
12474,17,31,12424.45,2.8903717578961645,3.4657359027997265,9.427502067612823,5,Champions
12475,54,2,1149.64,4.007333185232471,1.0986122886681098,7.048073588295634,0,New/Occasional
12476,16,23,14115.41,2.833213344056216,3.1780538303479458,9.555093229428618,5,Champions
12477,23,9,20276.37,3.1780538303479458,2.302585092994046,9.917260764877222,1,Big Spenders
12478,4,1,680.99,1.6094379124341003,0.6931471805599453,6.525014994979364,0,New/Occasional
12479,11,1,527.2,2.4849066497880004,0.6931471805599453,6.269474999863032,0,New/Occasional
12480,28,7,5464.85,3.367295829986474,2.0794415416798357,8.606274923740443,1,Big Spenders
12481,23,15,12361.39,3.1780538303479458,2.772588722239781,9.422414078014738,5,Champions
12482,576,29,23691.4,6.3578422665081,3.4011973816621555,10.072909600590481,1,Big Spenders
12483,17,19,5120.58,2.8903717578961645,2.995732273553991,8.541218264178296,5,Champions
12484,33,12,6370.15,3.5263605246161616,2.5649493574615367,8.759535266023915,1,Big Spenders
12485,529,1,708.1,6.272877006546167,0.6931471805599453,6.563996560309951,2,Lost/Churned
12486,432,1,1037.28,6.07073772800249,0.6931471805599453,6.945320776868279,4,At Risk
12487,731,1,285.3,6.595780513961311,0.6931471805599453,5.65704021210407,2,Lost/Churned
12488,10,3,1298.66,2.3978952727983707,1.3862943611198906,7.169857970780942,3,Loyal Customers
12489,336,1,334.93,5.820082930352362,0.6931471805599453,5.816902804925467,2,Lost/Churned
12490,5,21,9823.64,1.791759469228055,3.091042453358316,9.192648794844782,5,Champions
12491,39,1,460.40000000000003,3.6888794541139363,0.6931471805599453,6.134265345739653,0,New/Occasional
12492,63,3,715.21,4.1588830833596715,1.3862943611198906,6.573973420047142,0,New/Occasional
12493,166,2,433.74,5.117993812416755,1.0986122886681098,6.0747481512447195,4,At Risk
12494,16,9,1872.8700000000001,2.833213344056216,2.302585092994046,7.535761090061292,3,Loyal Customers
12495,641,1,357.4,6.464588303689961,0.6931471805599453,5.881649681100775,2,Lost/Churned
12496,620,2,54.09,6.431331081933479,1.0986122886681098,4.008968211484625,2,Lost/Churned
12497,82,3,6248.5,4.418840607796598,1.3862943611198906,8.740256739530276,1,Big Spenders
12498,21,3,403.70000000000005,3.091042453358316,1.3862943611198906,6.00314605188182,0,New/Occasional
12499,560,1,393.72,6.329720905522696,0.6931471805599453,5.9781766527810465,2,Lost/Churned
12500,23,19,5955.21,3.1780538303479458,2.995732273553991,8.692189651745124,5,Champions
12501,337,1,2169.39,5.823045895483019,0.6931471805599453,7.682662153888476,4,At Risk
12502,96,5,3723.87,4.574710978503383,1.791759469228055,8.222787230875806,1,Big Spenders
12503,584,1,1126.0,6.371611847231857,0.6931471805599453,7.027314514039777,4,At Risk
12504,18,4,779.05,2.9444389791664403,1.6094379124341003,6.659358020193259,3,Loyal Customers
12505,409,1,955.2,6.016157159698354,0.6931471805599453,6.862967096192003,4,At Risk
12506,233,1,73.5,5.455321115357702,0.6931471805599453,4.310799125385514,2,Lost/Churned
12507,134,4,1844.06,4.90527477843843,1.6094379124341003,7.520267076271057,4,At Risk
12508,26,2,398.27,3.295836866004329,1.0986122886681098,5.989637879766574,0,New/Occasional
12509,284,1,176.5,5.652489180268651,0.6931471805599453,5.178970608915471,2,Lost/Churned
12510,143,9,5178.02,4.969813299576001,2.302585092994046,8.552371128165808,1,Big Spenders
12511,429,1,3084.02,6.063785208687608,0.6931471805599453,8.034313419300645,4,At Risk
12512,66,2,138.03,4.204692619390966,1.0986122886681098,4.9346897371814515,0,New/Occasional
12513,113,1,612.29,4.736198448394496,0.6931471805599453,6.418837907265026,0,New/Occasional
12514,267,2,1597.76,5.5909869805108565,1.0986122886681098,7.3769836077601205,4,At Risk
12515,353,1,383.7,5.869296913133774,0.6931471805599453,5.95246380975825,2,Lost/Churned
12516,78,4,2648.62,4.3694478524670215,1.6094379124341003,7.882171512471631,1,Big Spenders
12517,28,5,2502.84,3.367295829986474,1.791759469228055,7.825580832414862,3,Loyal Customers
12518,1,5,2056.89,0.6931471805599453,1.791759469228055,7.629436465014086,3,Loyal Customers
12519,64,2,726.54,4.174387269895637,1.0986122886681098,6.589668980352017,0,New/Occasional
12520,79,5,2634.26,4.382026634673881,1.791759469228055,7.876737127834484,1,Big Spenders
12521,143,1,599.68,4.969813299576001,0.6931471805599453,6.39806234681208,2,Lost/Churned
12522,39,2,192.72,3.6888794541139363,1.0986122886681098,5.266413817535028,0,New/Occasional
12523,19,23,4372.15,2.995732273553991,3.1780538303479458,8.383238852219565,5,Champions
12524,9,17,11126.11,2.302585092994046,2.8903717578961645,9.317139751972052,5,Champions
12525,498,3,973.73,6.212606095751519,1.3862943611198906,6.882160509570649,4,At Risk
12526,1,3,1316.66,0.6931471805599453,1.3862943611198906,7.183612715167257,3,Loyal Customers
12527,82,5,735.51,4.418840607796598,1.791759469228055,6.601922813543027,4,At Risk
12528,9,6,1933.48,2.302585092994046,1.9459101490553132,7.567593835498341,3,Loyal Customers
12529,528,1,316.48,6.270988431858299,0.6931471805599453,5.760414824222675,2,Lost/Churned
12530,60,9,3759.26,4.110873864173311,2.302585092994046,8.232243382929433,1,Big Spenders
12531,15,2,1933.2,2.772588722239781,1.0986122886681098,7.567449083282863,3,Loyal Customers
12532,30,1,349.83000000000004,3.4339872044851463,0.6931471805599453,5.860301775655642,0,New/Occasional
12533,628,2,1367.89,6.444131256700441,1.0986122886681098,7.221755471439273,4,At Risk
12534,131,1,1089.18,4.882801922586371,0.6931471805599453,6.9940980992041535,4,At Risk
12535,92,2,716.35,4.532599493153256,1.0986122886681098,6.575563866544399,0,New/Occasional
12536,43,3,12601.830000000002,3.784189633918261,1.3862943611198906,9.441676670894656,1,Big Spenders
12537,409,1,732.94,6.016157159698354,0.6931471805599453,6.598427281404094,2,Lost/Churned
12538,29,2,640.45,3.4011973816621555,1.0986122886681098,6.463731238695349,0,New/Occasional
12539,22,7,11214.75,3.1354942159291497,2.0794415416798357,9.325074319439649,1,Big Spenders
12540,20,33,22254.49,3.044522437723423,3.5263605246161616,10.010343998731724,5,Champions
12541,30,3,981.18,3.4339872044851463,1.3862943611198906,6.889774590946187,0,New/Occasional
12542,484,2,481.88,6.184148890937483,1.0986122886681098,6.179768175579484,2,Lost/Churned
12543,448,1,980.25,6.1070228877422545,0.6931471805599453,6.888827269096618,4,At Risk
12544,36,1,372.7,3.6109179126442243,0.6931471805599453,5.923453336491439,0,New/Occasional
12545,75,2,1000.39,4.330733340286331,1.0986122886681098,6.9091443138264115,0,New/Occasional
12546,47,2,1161.5,3.871201010907891,1.0986122886681098,7.058328137461511,0,New/Occasional
12547,198,3,383.58,5.293304824724492,1.3862943611198906,5.952151829722441,4,At Risk
12548,166,1,95.19999999999999,5.117993812416755,0.6931471805599453,4.566429357671661,2,Lost/Churned
12549,576,6,1575.68,6.3578422665081,1.9459101490553132,7.363076649441731,4,At Risk
12550,79,1,964.83,4.382026634673881,0.6931471805599453,6.872987835288763,0,New/Occasional
12551,358,1,168.0,5.883322388488279,0.6931471805599453,5.1298987149230735,2,Lost/Churned
12552,39,2,437.82,3.6888794541139363,1.0986122886681098,6.084089306213804,0,New/Occasional
12553,8,12,4608.75,2.1972245773362196,2.5649493574615367,8.435928904585275,3,Loyal Customers
12554,449,1,468.5,6.1092475827643655,0.6931471805599453,6.1516682986483175,2,Lost/Churned
12555,682,1,129.23,6.52649485957079,0.6931471805599453,4.869302117979612,2,Lost/Churned
12556,50,2,603.71,3.9318256327243257,1.0986122886681098,6.404749004268278,0,New/Occasional
12557,16,8,18716.14,2.833213344056216,2.1972245773362196,9.837194960582092,5,Champions
12558,8,1,269.96,2.1972245773362196,0.6931471805599453,5.601971208509516,0,New/Occasional
12559,311,2,561.71,5.7430031878094825,1.0986122886681098,6.33276439774036,4,At Risk
12560,5,3,2134.01,1.791759469228055,1.3862943611198906,7.666226609492505,3,Loyal Customers
12561,303,1,238.85,5.717027701406222,0.6931471805599453,5.480013727948073,2,Lost/Churned
12562,8,9,4966.92,2.1972245773362196,2.302585092994046,8.510756520424078,3,Loyal Customers
12563,409,1,249.24,6.016157159698354,0.6931471805599453,5.522420457356946,2,Lost/Churned
12564,261,1,456.90000000000003,5.568344503761097,0.6931471805599453,6.12665081966305,2,Lost/Churned
12565,289,1,145.92000000000002,5.66988092298052,0.6931471805599453,4.989888220951467,2,Lost/Churned
12566,86,1,351.65,4.465908118654584,0.6931471805599453,5.865476063654188,0,New/Occasional
12567,23,15,13709.86,3.1780538303479458,2.772588722239781,9.525943498524859,5,Champions
12568,645,1,70.0,6.470799503782602,0.6931471805599453,4.2626798770413155,2,Lost/Churned
12569,2,32,4124.6900000000005,1.0986122886681098,3.4965075614664802,8.324988557507531,5,Champions
12570,682,1,77.52,6.52649485957079,0.6931471805599453,4.3633533694082605,2,Lost/Churned
12571,40,2,519.61,3.713572066704308,1.0986122886681098,6.255001200981438,0,New/Occasional
12572,9,2,1020.4200000000001,2.302585092994046,1.0986122886681098,6.928949094989139,0,New/Occasional
12573,227,5,717.41,5.429345628954441,1.791759469228055,6.577040436712936,4,At Risk
12574,316,1,218.45000000000002,5.75890177387728,0.6931471805599453,5.391124416134243,2,Lost/Churned
12575,457,2,622.82,6.126869184114185,1.0986122886681098,6.435861865217934,4,At Risk
12576,36,8,2142.7200000000003,3.6109179126442243,2.1972245773362196,7.670297916647234,1,Big Spenders
12577,35,8,1653.75,3.58351893845611,2.1972245773362196,7.4114052189990325,1,Big Spenders
12578,21,4,4642.45,3.091042453358316,1.6094379124341003,8.443212903418239,3,Loyal Customers
12579,78,1,440.42,4.3694478524670215,0.6931471805599453,6.0899968031722285,0,New/Occasional
12580,247,2,1052.9,5.5134287461649825,1.0986122886681098,6.960252847939891,4,At Risk
12581,40,1,197.71,3.713572066704308,0.6931471805599453,5.291846475417725,0,New/Occasional
12582,239,4,1980.4,5.480638923341991,1.6094379124341003,7.59155894453893,4,At Risk
12583,3,27,14447.44,1.3862943611198906,3.332204510175204,9.578341729235134,5,Champions
12584,4,9,2338.15,1.6094379124341003,2.302585092994046,7.757542894498013,3,Loyal Customers
12585,234,2,2040.1,5.459585514144159,1.0986122886681098,7.621244157199997,4,At Risk
12586,17,4,2062.67,2.8903717578961645,1.6094379124341003,7.632241230097758,3,Loyal Customers
12587,8,1,144.0,2.1972245773362196,0.6931471805599453,4.976733742420574,0,New/Occasional
12588,39,4,958.78,3.6888794541139363,1.6094379124341003,6.866704091532522,0,New/Occasional
12589,29,8,4695.66,3.4011973816621555,2.1972245773362196,8.454606896777193,1,Big Spenders
12590,211,2,9864.26,5.356586274672012,1.0986122886681098,9.196774773912752,4,At Risk
12591,317,3,1352.15,5.762051382780177,1.3862943611198906,7.210190486770758,4,At Risk
12592,92,5,2582.66,4.532599493153256,1.791759469228055,7.856962277297855,1,Big Spenders
12593,109,3,418.1,4.700480365792417,1.3862943611198906,6.038109554931026,4,At Risk
12594,38,15,5090.110000000001,3.6635616461296463,2.772588722239781,8.535251160425936,1,Big Spenders
12595,505,1,299.02,6.226536669287466,0.6931471805599453,5.703849139100744,2,Lost/Churned
12596,51,2,618.27,3.9512437185814275,1.0986122886681098,6.428541364981557,0,New/Occasional
12597,19,4,3811.22,2.995732273553991,1.6094379124341003,8.245966975595675,3,Loyal Customers
12598,10,11,4534.09,2.3978952727983707,2.4849066497880004,8.419600207997298,3,Loyal Customers
12599,29,13,2296.72,3.4011973816621555,2.6390573296152584,7.739672605902305,1,Big Spenders
12600,29,21,5043.92,3.4011973816621555,3.091042453358316,8.526137075377541,5,Champions
12601,190,6,681.26,5.25227342804663,1.9459101490553132,6.525410816864686,4,At Risk
12602,59,1,153.12,4.0943445622221,0.6931471805599453,5.037731519757957,0,New/Occasional
12603,22,1,739.1999999999999,3.1354942159291497,0.6931471805599453,6.606920419952056,0,New/Occasional
12604,79,2,254.18,4.382026634673881,1.0986122886681098,5.541969178493598,0,New/Occasional
12605,376,4,1232.95,5.932245187448011,1.6094379124341003,7.117975685005857,4,At Risk
12606,682,1,21.0,6.52649485957079,0.6931471805599453,3.091042453358316,2,Lost/Churned
12607,60,1,1579.51,4.110873864173311,0.6931471805599453,7.3655028587473295,0,New/Occasional
12608,405,1,415.79,6.0063531596017325,0.6931471805599453,6.03258249782888,2,Lost/Churned
12609,78,9,3435.86,4.3694478524670215,2.302585092994046,8.14231354282266,1,Big Spenders
12610,23,5,2099.54,3.1780538303479458,1.791759469228055,7.6499497335130995,3,Loyal Customers
12611,52,1,1193.32,3.970291913552122,0.6931471805599453,7.085332264745334,0,New/Occasional
12612,74,1,704.04,4.31748811353631,0.6931471805599453,6.558254538791405,0,New/Occasional
12613,57,10,6835.07,4.060443010546419,2.3978952727983707,8.829968284089432,1,Big Spenders
12614,278,1,315.6,5.631211781821365,0.6931471805599453,5.757639147446912,2,Lost/Churned
12615,2,8,5740.9800000000005,1.0986122886681098,2.1972245773362196,8.655559377568013,3,Loyal Customers
12616,95,3,1131.1,4.564348191467836,1.3862943611198906,7.031829594084064,4,At Risk
12617,29,1,355.53000000000003,3.4011973816621555,0.6931471805599453,5.876418387786465,0,New/Occasional
12618,22,1,177.31,3.1354942159291497,0.6931471805599453,5.183523608545955,0,New/Occasional
12619,16,10,3781.38,2.833213344056216,2.3978952727983707,8.238108720109691,3,Loyal Customers
12620,15,3,1339.41,2.772588722239781,1.3862943611198906,7.20073081629489,3,Loyal Customers
12621,2,35,24775.81,1.0986122886681098,3.58351893845611,10.117663414047277,5,Champions
12622,232,1,180.1,5.4510384535657,0.6931471805599453,5.199049364889368,2,Lost/Churned
12623,276,7,3747.84,5.6240175061873385,2.0794415416798357,8.229201737777698,1,Big Spenders
12624,106,2,641.13,4.672828834461906,1.0986122886681098,6.464790775403018,4,At Risk
12625,212,4,5164.88,5.3612921657094255,1.6094379124341003,8.549830744582277,1,Big Spenders
12626,23,9,6620.4800000000005,3.1780538303479458,2.302585092994046,8.798074188898816,1,Big Spenders
12627,11,7,4478.53,2.4849066497880004,2.0794415416798357,8.407273409191232,3,Loyal Customers
12628,4,3,786.46,1.6094379124341003,1.3862943611198906,6.668812575758953,3,Loyal Customers
12629,386,2,1558.22,5.958424693029782,1.0986122886681098,7.3519409752019005,4,At Risk
12630,10,2,1270.88,2.3978952727983707,1.0986122886681098,7.1482513998271635,0,New/Occasional
12631,57,6,3481.57,4.060443010546419,1.9459101490553132,8.155525805954461,1,Big Spenders
12632,521,2,804.88,6.257667587882639,1.0986122886681098,6.691934848047708,4,At Risk
12633,59,7,5678.16,4.0943445622221,2.0794415416798357,8.644558613454844,1,Big Spenders
12634,536,2,490.0,6.285998094508865,1.0986122886681098,6.19644412779452,2,Lost/Churned
12635,90,4,2930.41,4.51085950651685,1.6094379124341003,7.983238814926674,1,Big Spenders
12636,739,1,141.0,6.606650186198215,0.6931471805599453,4.955827057601261,2,Lost/Churned
12637,67,12,8340.31,4.219507705176107,2.5649493574615367,9.028975557358438,1,Big Spenders
12638,33,2,921.49,3.5263605246161616,1.0986122886681098,6.827076535747527,0,New/Occasional
12639,239,3,1312.3700000000001,5.480638923341991,1.3862943611198906,7.180351632015874,4,At Risk
12640,24,3,1174.58,3.2188758248682006,1.3862943611198906,7.06951692181073,0,New/Occasional
12641,115,1,185.9,4.7535901911063645,0.6931471805599453,5.230573714461517,2,Lost/Churned
12642,25,3,1013.26,3.258096538021482,1.3862943611198906,6.9219145615400475,0,New/Occasional
12643,128,12,8350.42,4.859812404361672,2.5649493574615367,9.030186863266598,1,Big Spenders
12644,130,4,1918.49,4.875197323201151,1.6094379124341003,7.559814804737258,4,At Risk
12645,34,8,3539.3,3.5553480614894135,2.1972245773362196,8.171966748299813,1,Big Spenders
12646,5,2,1346.97,1.791759469228055,1.0986122886681098,7.206355036031724,3,Loyal Customers
12647,22,36,17924.35,3.1354942159291497,3.6109179126442243,9.793971191079148,5,Champions
12648,155,4,1112.0,5.049856007249537,1.6094379124341003,7.014814351275545,4,At Risk
12649,107,8,2294.65,4.68213122712422,2.1972245773362196,7.738771306795058,1,Big Spenders
12650,3,1,314.44,1.3862943611198906,0.6931471805599453,5.753968489569372,0,New/Occasional
12651,335,4,377.75,5.817111159963204,1.6094379124341003,5.9368763568235785,4,At Risk
12652,331,2,1017.0300000000001,5.805134968916488,1.0986122886681098,6.925624666224383,4,At Risk
12653,149,3,4160.83,5.0106352940962555,1.3862943611198906,8.333710160372133,4,At Risk
12654,11,5,601.98,2.4849066497880004,1.791759469228055,6.401884028681278,3,Loyal Customers
12655,424,1,261.35,6.052089168924417,0.6931471805599453,5.569679490132721,2,Lost/Churned
12656,17,8,6407.83,2.8903717578961645,2.1972245773362196,8.765432005953489,1,Big Spenders
12657,11,4,1643.18,2.4849066497880004,1.6094379124341003,7.4049970586737315,3,Loyal Customers
12658,19,1,686.05,2.995732273553991,0.6931471805599453,6.532407069777784,0,New/Occasional
12659,30,1,91.68,3.4339872044851463,0.6931471805599453,4.529152699564175,0,New/Occasional
12660,11,1,245.10000000000002,2.4849066497880004,0.6931471805599453,5.50573795739701,0,New/Occasional
12661,436,1,162.0,6.07993319509559,0.6931471805599453,5.093750200806762,2,Lost/Churned
12662,1,20,6988.02,0.6931471805599453,3.044522437723423,8.852095625112755,5,Champions
12663,625,2,239.4,6.439350371100098,1.0986122886681098,5.4823042026610525,2,Lost/Churned
12664,8,11,6070.04,2.1972245773362196,2.4849066497880004,8.711285203809107,3,Loyal Customers
12665,325,3,313.6,5.786897381366708,1.3862943611198906,5.751301990624177,2,Lost/Churned
12666,394,1,1248.42,5.978885764901122,0.6931471805599453,7.130434722615036,4,At Risk
12667,58,1,620.13,4.07753744390572,0.6931471805599453,6.431540399799522,0,New/Occasional
12668,12,10,11444.68,2.5649493574615367,2.3978952727983707,9.345367645213216,5,Champions
12669,151,3,2744.0299999999997,5.0238805208462765,1.3862943611198906,7.917547282845659,4,At Risk
12670,10,7,3760.29,2.3978952727983707,2.0794415416798357,8.232517262650086,3,Loyal Customers
12671,606,1,2622.481,6.408528791059498,0.6931471805599453,7.872257340866884,4,At Risk
12672,330,2,437.05,5.802118375377063,1.0986122886681098,6.082333059112373,2,Lost/Churned
12673,5,3,1230.02,1.791759469228055,1.3862943611198906,7.115598373006169,3,Loyal Customers
12674,39,4,1970.6,3.6888794541139363,1.6094379124341003,7.586600674831223,3,Loyal Customers
12675,554,2,958.5,6.318968113746434,1.0986122886681098,6.8664123154477545,4,At Risk
12676,25,11,2843.09,3.258096538021482,2.4849066497880004,7.952998435992042,1,Big Spenders
12677,555,2,395.1,6.320768294250582,1.0986122886681098,5.981666704627871,2,Lost/Churned
12678,42,21,34281.18,3.7612001156935624,3.091042453358316,10.44238096462203,5,Champions
12679,59,4,1113.02,4.0943445622221,1.6094379124341003,7.015730373647435,4,At Risk
12680,1,4,880.81,0.6931471805599453,1.6094379124341003,6.781976613299544,3,Loyal Customers
12681,15,45,30868.28,2.772588722239781,3.828641396489095,10.337516793609044,5,Champions
12682,4,52,24033.91,1.6094379124341003,3.970291913552122,10.087262635781837,5,Champions
12683,4,21,12696.78,1.6094379124341003,3.091042453358316,9.449182454017226,5,Champions
12684,8,7,2283.63,2.1972245773362196,2.0794415416798357,7.733959364615189,3,Loyal Customers
12685,28,6,2863.08,3.367295829986474,1.9459101490553132,7.960002460651312,1,Big Spenders
12686,372,1,178.28,5.921578419643816,0.6931471805599453,5.188948829492672,2,Lost/Churned
12687,481,2,2138.91,6.1779441140506,1.0986122886681098,7.668519051056749,4,At Risk
12688,114,1,4873.81,4.74493212836325,0.6931471805599453,8.491836408313453,4,At Risk
12689,26,2,1247.6100000000001,3.295836866004329,1.0986122886681098,7.1297862115656185,0,New/Occasional
12690,206,1,389.01,5.332718793265369,0.6931471805599453,5.966172379820607,2,Lost/Churned
12691,28,7,1170.4,3.367295829986474,2.0794415416798357,7.065954893655682,3,Loyal Customers
12692,637,1,110.95,6.45833828334479,0.6931471805599453,4.718052343044764,2,Lost/Churned
12693,127,7,1703.02,4.852030263919617,2.0794415416798357,7.4407454444095835,1,Big Spenders
12694,70,3,1843.35,4.2626798770413155,1.3862943611198906,7.519882190878127,4,At Risk
12695,7,7,1407.1200000000001,2.0794415416798357,2.0794415416798357,7.2500107603590775,3,Loyal Customers
12696,435,2,851.91,6.077642243349034,1.0986122886681098,6.748654031960281,4,At Risk
12697,29,3,957.59,3.4011973816621555,1.3862943611198906,6.865463454791294,0,New/Occasional
12698,590,1,339.75,6.3818160174060985,0.6931471805599453,5.831149070576642,2,Lost/Churned
12699,418,1,638.11,6.037870919922137,0.6931471805599453,6.460076583537422,2,Lost/Churned
12700,8,4,4939.99,2.1972245773362196,1.6094379124341003,8.505320994961897,3,Loyal Customers
12701,80,6,2446.41,4.394449154672439,1.9459101490553132,7.802785601512003,1,Big Spenders
12702,20,1,219.0,3.044522437723423,0.6931471805599453,5.393627546352362,0,New/Occasional
12703,71,4,1006.53,4.276666119016055,1.6094379124341003,6.915257070052459,4,At Risk
12704,7,8,2340.84,2.0794415416798357,2.1972245773362196,7.758692224146705,3,Loyal Customers
12705,15,14,11762.1,2.772588722239781,2.70805020110221,9.372722792156985,5,Champions
12707,292,1,603.42,5.680172609017068,0.6931471805599453,6.404269320519532,2,Lost/Churned
12708,30,18,5314.1,3.4339872044851463,2.9444389791664403,8.5783071052745,1,Big Spenders
12709,15,34,31093.34,2.772588722239781,3.5553480614894135,10.344781088035354,5,Champions
12710,97,3,1149.02,4.584967478670572,1.3862943611198906,7.047534612510416,4,At Risk
12711,612,2,1339.05,6.418364935936212,1.0986122886681098,7.200462205681664,4,At Risk
12712,29,21,7193.66,3.4011973816621555,3.091042453358316,8.881094363166692,5,Champions
12713,1,1,848.55,0.6931471805599453,0.6931471805599453,6.744706797531768,0,New/Occasional
12714,9,12,14093.710000000001,2.302585092994046,2.5649493574615367,9.553554828664682,5,Champions
12715,106,1,353.86,4.672828834461906,0.6931471805599453,5.871723345495433,0,New/Occasional
12716,4,2,1053.49,1.6094379124341003,1.0986122886681098,6.960812516706486,3,Loyal Customers
12717,151,3,1308.91,5.0238805208462765,1.3862943611198906,7.17771371154501,4,At Risk
12718,71,1,238.25,4.276666119016055,0.6931471805599453,5.477509030333064,0,New/Occasional
12719,5,2,644.95,1.791759469228055,1.0986122886681098,6.47072210140631,0,New/Occasional
12720,3,30,8260.67,1.3862943611198906,3.4339872044851463,9.019382025256323,5,Champions
12721,32,8,4013.08,3.4965075614664802,2.1972245773362196,8.297563459401823,1,Big Spenders
12722,85,4,997.63,4.454347296253507,1.6094379124341003,6.906384339674138,4,At Risk
12723,4,5,725.07,1.6094379124341003,1.791759469228055,6.587646428909591,3,Loyal Customers
12724,5,7,2317.52,1.791759469228055,2.0794415416798357,7.748684330061293,3,Loyal Customers
12725,371,4,2694.56,5.918893854273146,1.6094379124341003,7.899361253965079,4,At Risk
12726,28,11,4014.6,3.367295829986474,2.4849066497880004,8.297942054817371,1,Big Spenders
12727,11,10,5679.53,2.4849066497880004,2.3978952727983707,8.644799817221259,3,Loyal Customers
12728,71,5,1070.17,4.276666119016055,1.791759469228055,6.97650678801018,4,At Risk
12729,114,1,453.01,4.74493212836325,0.6931471805599453,6.118119224230488,0,New/Occasional
12730,522,1,829.25,6.259581464064923,0.6931471805599453,6.721726860256856,2,Lost/Churned
12731,24,17,25775.71,3.2188758248682006,2.8903717578961645,10.157226650040503,5,Champions
12732,180,1,236.26000000000002,5.198497031265826,0.6931471805599453,5.469156586232957,2,Lost/Churned
12733,234,4,2424.87,5.459585514144159,1.6094379124341003,7.793945501918165,4,At Risk
12734,353,3,639.65,5.869296913133774,1.3862943611198906,6.462483285955585,4,At Risk
12735,315,2,779.5699999999999,5.755742213586912,1.0986122886681098,6.660024422032584,4,At Risk
12736,333,1,234.0,5.811140992976701,0.6931471805599453,5.459585514144159,2,Lost/Churned
12737,499,2,3710.5,6.214608098422191,1.0986122886681098,8.219191386557602,4,At Risk
12738,372,1,310.7,5.921578419643816,0.6931471805599453,5.7420411867732915,2,Lost/Churned
12739,78,4,2726.73,4.3694478524670215,1.6094379124341003,7.911225040458104,1,Big Spenders
12740,64,1,427.6,4.174387269895637,0.6931471805599453,6.060524083039477,0,New/Occasional
12741,529,2,406.07,6.272877006546167,1.0986122886681098,6.008985160825971,2,Lost/Churned
12742,626,1,1201.52,6.440946540632921,0.6931471805599453,7.092174633858238,4,At Risk
12743,134,2,546.43,4.90527477843843,1.0986122886681098,6.305234599635373,4,At Risk
12744,52,11,25317.06,3.970291913552122,2.4849066497880004,10.139273254049405,1,Big Spenders
12745,487,3,925.41,6.1903154058531475,1.3862943611198906,6.8313169012337,4,At Risk
12746,541,1,254.55,6.295266001439646,0.6931471805599453,5.543418085214289,2,Lost/Churned
12747,2,26,9276.54,1.0986122886681098,3.295836866004329,9.135351704431791,5,Champions
12748,1,336,56599.39,0.6931471805599453,5.820082930352362,10.9437711546269,5,Champions
12749,4,9,6897.36,1.6094379124341003,2.302585092994046,8.839038981175287,3,Loyal Customers
12750,129,1,275.88,4.867534450455582,0.6931471805599453,5.623584199327089,2,Lost/Churned
12751,445,1,268.27,6.100318952020064,0.6931471805599453,5.595714593686387,2,Lost/Churned
12752,81,1,4366.78,4.406719247264253,0.6931471805599453,8.38201014985595,4,At Risk
12753,23,6,21429.39,3.1780538303479458,1.9459101490553132,9.972565287088774,1,Big Spenders
12754,236,3,3010.74,5.4680601411351315,1.3862943611198906,8.010273263812737,4,At Risk
12755,281,11,9030.66,5.641907070938114,2.4849066497880004,9.108491461188263,1,Big Spenders
12756,87,1,112.08,4.477336814478207,0.6931471805599453,4.72809553282539,2,Lost/Churned
12757,16,13,7857.1,2.833213344056216,2.6390573296152584,8.969300125921881,5,Champions
12758,117,7,9903.24,4.770684624465665,2.0794415416798357,9.200718227264051,1,Big Spenders
12759,52,8,5020.74,3.970291913552122,2.1972245773362196,8.521531766174993,1,Big Spenders
12760,456,1,347.8,6.124683390894205,0.6931471805599453,5.8544986920348245,2,Lost/Churned
12761,458,2,782.95,6.129050210060545,1.0986122886681098,6.664345242806459,4,At Risk
12762,8,2,1898.52,2.1972245773362196,1.0986122886681098,7.549356501658852,3,Loyal Customers
12763,138,2,814.16,4.9344739331306915,1.0986122886681098,6.703384412991211,4,At Risk
12764,317,1,1693.88,5.762051382780177,0.6931471805599453,7.435367220848186,4,At Risk
12765,472,6,1404.58,6.159095388491933,1.9459101490553132,7.248205307972568,4,At Risk
12766,4,9,10068.28,1.6094379124341003,2.302585092994046,9.217244483652921,5,Champions
12767,376,1,949.82,5.932245187448011,0.6931471805599453,6.857324770182772,4,At Risk
12768,451,1,168.69,6.113682179832232,0.6931471805599453,5.133973242984735,2,Lost/Churned
12769,239,1,1143.6,5.480638923341991,0.6931471805599453,7.042810509975002,4,At Risk
12770,211,2,3246.45,5.356586274672012,1.0986122886681098,8.085625351967414,4,At Risk
12771,486,1,282.3,6.18826412308259,0.6931471805599453,5.646506406836471,2,Lost/Churned
12772,60,1,892.47,4.110873864173311,0.6931471805599453,6.795112758210396,0,New/Occasional
12773,564,1,124.25,6.336825731146441,0.6931471805599453,4.830311739964974,2,Lost/Churned
12774,536,1,98.7,6.285998094508865,0.6931471805599453,4.602165676967792,2,Lost/Churned
12775,17,7,1686.1200000000001,2.8903717578961645,2.0794415416798357,7.430778212203509,3,Loyal Customers
12776,668,1,55.5,6.505784060128229,0.6931471805599453,4.034240638152395,2,Lost/Churned
12777,458,1,519.45,6.129050210060545,0.6931471805599453,6.254693821961477,2,Lost/Churned
12778,20,9,1775.68,3.044522437723423,2.302585092994046,7.482501733154052,3,Loyal Customers
12779,38,14,6722.2699999999995,3.6635616461296463,2.70805020110221,8.81332992230519,1,Big Spenders
12780,599,1,337.4,6.396929655216146,0.6931471805599453,5.824228627732068,2,Lost/Churned
12781,64,2,826.74,4.174387269895637,1.0986122886681098,6.718699095412067,0,New/Occasional
12782,5,11,4618.24,1.791759469228055,2.4849066497880004,8.437985468379317,3,Loyal Customers
12783,2,6,2225.91,1.0986122886681098,1.9459101490553132,7.708370253328926,3,Loyal Customers
12784,9,3,1804.75,2.302585092994046,1.3862943611198906,7.4987312969309565,3,Loyal Customers
12785,364,3,1100.4,5.8998973535824915,1.3862943611198906,7.004337376828381,4,At Risk
12786,610,1,728.5000000000001,6.415096959171596,0.6931471805599453,6.592359367962841,2,Lost/Churned
12787,10,4,862.1800000000001,2.3978952727983707,1.6094379124341003,6.760623244074023,3,Loyal Customers
12788,463,4,444.90000000000003,6.139884552226255,1.6094379124341003,6.100094711633431,4,At Risk
12789,65,3,273.35,4.189654742026425,1.3862943611198906,5.614404663504985,0,New/Occasional
12790,192,2,591.85,5.262690188904886,1.0986122886681098,6.38494141590408,4,At Risk
12791,374,6,1056.1100000000001,5.926926025970411,1.9459101490553132,6.96329404857284,4,At Risk
12792,257,2,827.01,5.552959584921617,1.0986122886681098,6.719025231607016,4,At Risk
12793,335,3,1017.33,5.817111159963204,1.3862943611198906,6.925919309609807,4,At Risk
12794,53,2,860.41,3.9889840465642745,1.0986122886681098,6.758570581561217,0,New/Occasional
12795,19,1,430.48,2.995732273553991,0.6931471805599453,6.067221159507229,0,New/Occasional
12796,628,1,381.0,6.444131256700441,0.6931471805599453,5.945420608606575,2,Lost/Churned
12797,366,2,806.11,5.905361848054571,1.0986122886681098,6.69345996629198,4,At Risk
12798,10,4,8510.93,2.3978952727983707,1.6094379124341003,9.049223987863401,3,Loyal Customers
12799,529,1,219.35,6.272877006546167,0.6931471805599453,5.395217191287996,2,Lost/Churned
12800,470,3,584.25,6.154858094016418,1.3862943611198906,6.3720391063710204,4,At Risk
12801,501,1,1071.82,6.218600119691729,0.6931471805599453,6.978045974597571,4,At Risk
12802,187,7,2416.42,5.236441962829949,2.0794415416798357,7.7904561347426675,1,Big Spenders
12803,393,1,1092.81,5.976350909297934,0.6931471805599453,6.997422293310083,4,At Risk
12804,466,2,327.02,6.1463292576688975,1.0986122886681098,5.793074582134963,2,Lost/Churned
12805,382,4,1434.95,5.948034989180646,1.6094379124341003,7.269581930060472,4,At Risk
12806,435,4,2878.96,6.077642243349034,1.6094379124341003,7.9655316841446515,4,At Risk
12807,383,1,330.35,5.950642552587727,0.6931471805599453,5.803175218534236,2,Lost/Churned
12808,37,5,906.1,3.6375861597263857,1.791759469228055,6.810252697620898,3,Loyal Customers
12809,178,3,1755.94,5.187385805840755,1.3862943611198906,7.471328938486188,4,At Risk
12810,535,2,534.99,6.284134161070802,1.0986122886681098,6.284115504180345,4,At Risk
12811,261,5,1033.9,5.568344503761097,1.791759469228055,6.942060082674128,4,At Risk
12812,45,1,229.64000000000001,3.828641396489095,0.6931471805599453,5.440858053330147,0,New/Occasional
12813,502,3,1687.8,6.220590170099739,1.3862943611198906,7.4317734965341105,4,At Risk
12814,102,1,125.92,4.634728988229636,0.6931471805599453,4.843556966714995,2,Lost/Churned
12815,148,2,1063.46,5.003946305945459,1.0986122886681098,6.970222907300612,4,At Risk
12816,96,2,572.2,4.574710978503383,1.0986122886681098,6.351234695954017,0,New/Occasional
12817,281,3,690.98,5.641907070938114,1.3862943611198906,6.539557053465902,4,At Risk
12818,262,1,1542.08,5.572154032177765,0.6931471805599453,7.341535698070348,4,At Risk
12819,458,1,540.52,6.129050210060545,0.6931471805599453,6.294380000200352,2,Lost/Churned
12820,3,11,2689.52,1.3862943611198906,2.4849066497880004,7.897489762464381,3,Loyal Customers
12821,214,2,220.8,5.3706380281276624,1.0986122886681098,5.401776074916267,2,Lost/Churned
12822,71,2,948.88,4.276666119016055,1.0986122886681098,6.856335660826602,0,New/Occasional
12823,75,18,6501.5,4.330733340286331,2.9444389791664403,8.779941997322807,1,Big Spenders
12824,60,1,397.12,4.110873864173311,0.6931471805599453,5.986753467377863,0,New/Occasional
12825,521,2,518.63,6.257667587882639,1.0986122886681098,6.253117019850299,4,At Risk
12826,3,12,2955.75,1.3862943611198906,2.5649493574615367,7.991845971131227,3,Loyal Customers
12827,6,3,430.15,1.9459101490553132,1.3862943611198906,6.066456057398334,0,New/Occasional
12828,3,6,1018.71,1.3862943611198906,1.9459101490553132,6.927273552128017,3,Loyal Customers
12829,337,3,385.3,5.823045895483019,1.3862943611198906,5.956614269672236,4,At Risk
12830,38,6,6814.64,3.6635616461296463,1.9459101490553132,8.826975250212882,1,Big Spenders
12831,262,3,451.11,5.572154032177765,1.3862943611198906,6.113925513056159,4,At Risk
12832,32,2,383.03000000000003,3.4965075614664802,1.0986122886681098,5.950720674536128,0,New/Occasional
12833,145,1,417.38,4.983606621708336,0.6931471805599453,6.0363901104609745,2,Lost/Churned
12834,283,1,312.38,5.648974238161206,0.6931471805599453,5.7474165116762626,2,Lost/Churned
12835,428,41,6043.31,6.061456918928017,3.7376696182833684,8.706872612613385,1,Big Spenders
12836,59,15,6585.62,4.0943445622221,2.772588722239781,8.792795597588407,1,Big Spenders
12837,173,2,688.41,5.159055299214529,1.0986122886681098,6.535836159344549,4,At Risk
12838,34,10,3398.48,3.5553480614894135,2.3978952727983707,8.131377757731087,1,Big Spenders
12839,3,26,10071.73,1.3862943611198906,3.295836866004329,9.217587051255036,5,Champions
12840,144,7,4041.9700000000003,4.976733742420574,2.0794415416798357,8.30473484938074,1,Big Spenders
12841,5,40,7540.68,1.791759469228055,3.713572066704308,8.928200247854255,5,Champions
12842,70,4,1917.99,4.2626798770413155,1.6094379124341003,7.559554284946702,1,Big Spenders
12843,66,30,6588.41,4.204692619390966,3.4339872044851463,8.793219093898252,5,Champions
12844,29,4,648.6,3.4011973816621555,1.6094379124341003,6.476356788847468,0,New/Occasional
12845,267,4,354.09000000000003,5.5909869805108565,1.6094379124341003,5.872371278471126,4,At Risk
12846,682,1,15.58,6.52649485957079,0.6931471805599453,2.8081971497071487,2,Lost/Churned
12847,22,2,1636.8999999999999,3.1354942159291497,1.0986122886681098,7.401170212488334,0,New/Occasional
12848,676,1,208.0,6.517671272912275,0.6931471805599453,5.342334251964811,2,Lost/Churned
12849,31,6,3090.56,3.4657359027997265,1.9459101490553132,8.036431096864632,1,Big Spenders
12850,446,1,330.0,6.102558594613569,0.6931471805599453,5.802118375377063,2,Lost/Churned
12851,97,2,284.13,4.584967478670572,1.0986122886681098,5.652945216619142,0,New/Occasional
12852,295,1,311.55,5.69035945432406,0.6931471805599453,5.744764456377822,2,Lost/Churned
12853,135,11,3907.5,4.912654885736052,2.4849066497880004,8.270908947660384,1,Big Spenders
12854,79,7,2994.02,4.382026634673881,2.0794415416798357,8.004706188323581,1,Big Spenders
12855,373,4,650.94,5.924255797414532,1.6094379124341003,6.479952533152258,4,At Risk
12856,8,6,2179.93,2.1972245773362196,1.9459101490553132,7.687506670317465,3,Loyal Customers
12857,211,6,3688.0,5.356586274672012,1.9459101490553132,8.213110697596676,1,Big Spenders
12858,383,1,177.92,5.950642552587727,0.6931471805599453,5.186938778564647,2,Lost/Churned
12859,459,1,575.1,6.131226489483141,0.6931471805599453,6.356281256738337,2,Lost/Churned
12860,693,1,55.47,6.542471960506805,0.6931471805599453,4.033709523684745,2,Lost/Churned
12861,620,1,68.25,6.431331081933479,0.6931471805599453,4.237723145067448,2,Lost/Churned
12862,426,2,1008.32,6.056784013228625,1.0986122886681098,6.917032115762346,4,At Risk
12863,52,6,2792.55,3.970291913552122,1.9459101490553132,7.935068467432419,1,Big Spenders
12864,138,2,299.57,4.9344739331306915,1.0986122886681098,5.705680671939281,2,Lost/Churned
12865,26,4,3323.4700000000003,3.295836866004329,1.6094379124341003,8.109065541888423,3,Loyal Customers
12866,283,3,1227.35,5.648974238161206,1.3862943611198906,7.113427084384307,4,At Risk
12867,26,13,7913.29,3.295836866004329,2.6390573296152584,8.976425265196161,1,Big Spenders
12868,186,8,2247.06,5.231108616854587,2.1972245773362196,7.717822901048859,1,Big Spenders
12869,682,1,337.66999999999996,6.52649485957079,0.6931471805599453,5.825026181941565,2,Lost/Churned
12870,375,3,1676.95,5.929589143389895,1.3862943611198906,7.42532808920537,4,At Risk
12871,84,3,744.02,4.442651256490317,1.3862943611198906,6.613411063656805,4,At Risk
12872,327,12,3685.4900000000002,5.793013608384144,2.5649493574615367,8.212430064825998,1,Big Spenders
12873,282,3,2027.3,5.645446897643238,1.3862943611198906,7.614953282764742,4,At Risk
12874,385,2,948.42,5.955837369464831,1.0986122886681098,6.855851271831715,4,At Risk
12875,143,5,1356.9900000000002,4.969813299576001,1.791759469228055,7.213760944321279,4,At Risk
12876,58,4,4081.79,4.07753744390572,1.6094379124341003,8.314535857226844,1,Big Spenders
12877,4,20,2955.17,1.6094379124341003,3.044522437723423,7.991649790563297,5,Champions
12878,236,2,854.99,5.4680601411351315,1.0986122886681098,6.752258693830513,4,At Risk
12879,45,3,573.22,3.828641396489095,1.3862943611198906,6.353012598149689,0,New/Occasional
12880,382,2,640.13,5.948034989180646,1.0986122886681098,6.463232244470209,4,At Risk
12881,276,1,298.0,5.6240175061873385,0.6931471805599453,5.700443573390687,2,Lost/Churned
12882,9,2,1463.04,2.302585092994046,1.0986122886681098,7.288955016552379,3,Loyal Customers
12883,25,4,703.47,3.258096538021482,1.6094379124341003,6.5574457470395595,0,New/Occasional
12884,88,1,309.05,4.48863636973214,0.6931471805599453,5.736733574795887,0,New/Occasional
12885,63,3,1175.22,4.1588830833596715,1.3862943611198906,7.0700611857921905,4,At Risk
12886,68,2,1378.4,4.23410650459726,1.0986122886681098,7.229403900997191,4,At Risk
12887,384,1,222.4,5.953243334287785,0.6931471805599453,5.4089638866351,2,Lost/Churned
12888,214,2,354.12,5.3706380281276624,1.0986122886681098,5.87245576052578,2,Lost/Churned
12889,381,4,385.46000000000004,5.945420608606575,1.6094379124341003,5.957028369786855,4,At Risk
12890,24,2,717.27,3.2188758248682006,1.0986122886681098,6.576845542929431,0,New/Occasional
12891,186,11,840.5,5.231108616854587,2.4849066497880004,6.735186013630861,1,Big Spenders
12892,397,1,263.38,5.986452005284438,0.6931471805599453,5.577387462151254,2,Lost/Churned
12893,31,1,188.14,3.4657359027997265,0.6931471805599453,5.242487481587366,0,New/Occasional
12894,575,1,157.35,6.3561076606958915,0.6931471805599453,5.064807772984649,2,Lost/Churned
12895,42,2,372.8,3.7612001156935624,1.0986122886681098,5.923720895021463,0,New/Occasional
12897,205,4,514.25,5.327876168789581,1.6094379124341003,6.244652219770568,4,At Risk
12898,464,2,310.96,6.142037405587356,1.0986122886681098,5.742874974462297,2,Lost/Churned
12899,414,1,366.4,6.028278520230698,0.6931471805599453,5.906451172781026,2,Lost/Churned
12900,422,1,340.33000000000004,6.0473721790462776,0.6931471805599453,5.832849751258659,2,Lost/Churned
12901,9,28,17654.54,2.302585092994046,3.367295829986474,9.778804894130932,5,Champions
12902,265,1,138.68,5.583496308781699,0.6931471805599453,4.939354092091292,2,Lost/Churned
12903,429,1,833.5300000000001,6.063785208687608,0.6931471805599453,6.726868692126177,4,At Risk
12904,18,2,509.58,2.9444389791664403,1.0986122886681098,6.235547334435847,0,New/Occasional
12905,577,2,1018.42,6.359573868672378,1.0986122886681098,6.926989117097435,4,At Risk
12906,12,5,2919.81,2.5649493574615367,1.791759469228055,7.979616254055095,3,Loyal Customers
12907,396,2,508.91,5.983936280687191,1.0986122886681098,6.23423423955737,4,At Risk
12908,176,5,1776.0,5.176149732573829,1.791759469228055,7.482681828154651,4,At Risk
12909,40,8,3103.19,3.713572066704308,2.1972245773362196,8.040508090769977,1,Big Spenders
12910,23,13,5796.52,3.1780538303479458,2.6390573296152584,8.665185518886565,1,Big Spenders
12911,552,1,1680.47,6.315358001522335,0.6931471805599453,7.4274236898079655,4,At Risk
12912,3,5,1662.3,1.3862943611198906,1.791759469228055,7.416558859796489,3,Loyal Customers
12913,5,13,6700.86,1.791759469228055,2.6390573296152584,8.810140378792292,5,Champions
12914,401,1,223.98,5.996452088619021,0.6931471805599453,5.4160115093646795,2,Lost/Churned
12915,149,4,1174.75,5.0106352940962555,1.6094379124341003,7.069661520825157,4,At Risk
12916,139,7,4654.02,4.941642422609304,2.0794415416798357,8.445701486157363,1,Big Spenders
12917,128,6,4359.2,4.859812404361672,1.9459101490553132,8.380273206850646,1,Big Spenders
12918,626,1,10953.5,6.440946540632921,0.6931471805599453,9.301505609728274,4,At Risk
12919,8,6,1335.19,2.1972245773362196,1.9459101490553132,7.197577559553778,3,Loyal Customers
12920,17,4,488.09000000000003,2.8903717578961645,1.6094379124341003,6.192546521619673,0,New/Occasional
12921,9,74,35921.04,2.302585092994046,4.31748811353631,10.489106313676533,5,Champions
12922,161,1,405.38,5.087596335232384,0.6931471805599453,6.007288682454868,2,Lost/Churned
12923,64,3,789.87,4.174387269895637,1.3862943611198906,6.673133605335479,0,New/Occasional
12924,88,12,2469.4,4.48863636973214,2.5649493574615367,7.8121353598304575,1,Big Spenders
12925,5,3,729.33,1.791759469228055,1.3862943611198906,6.593496486790971,3,Loyal Customers
12926,411,4,1548.46,6.021023349349527,1.6094379124341003,7.345661762115635,4,At Risk
12927,395,1,197.31,5.981414211254481,0.6931471805599453,5.289831462897738,2,Lost/Churned
12928,35,12,4304.89,3.58351893845611,2.5649493574615367,8.367739131847895,1,Big Spenders
12929,312,1,117.85,5.746203190540153,0.6931471805599453,4.777862193806203,2,Lost/Churned
12930,78,2,415.8,4.3694478524670215,1.0986122886681098,6.032606490439157,0,New/Occasional
12931,22,57,92347.34,3.1354942159291497,4.060443010546419,11.433323010371083,5,Champions
12932,539,8,1698.56,6.29156913955832,2.1972245773362196,7.438124673014305,4,At Risk
12933,24,8,1687.03,3.2188758248682006,2.1972245773362196,7.431317447509821,3,Loyal Customers
12934,737,1,181.65,6.6039438246004725,0.6931471805599453,5.207571753241291,2,Lost/Churned
12935,2,15,4243.86,1.0986122886681098,2.772588722239781,8.353464118225153,5,Champions
12936,17,4,1063.9,2.8903717578961645,1.6094379124341003,6.970636177021338,3,Loyal Customers
12937,15,9,3097.61,2.772588722239781,2.302585092994046,8.03870890282091,3,Loyal Customers
12938,26,1,114.14,3.295836866004329,0.6931471805599453,4.7461487792476635,0,New/Occasional
12939,64,20,25264.8,4.174387269895637,3.044522437723423,10.13720698158251,5,Champions
12940,55,2,913.54,4.02535169073515,1.0986122886681098,6.818421206622862,0,New/Occasional
12941,724,1,377.49,6.586171654854675,0.6931471805599453,5.936189652449227,2,Lost/Churned
12942,131,3,942.65,4.882801922586371,1.3862943611198906,6.849755334684148,4,At Risk
12943,558,2,496.5,6.326149473155099,1.0986122886681098,6.209595556598647,2,Lost/Churned
12944,36,2,604.51,3.6109179126442243,1.0986122886681098,6.406071078133402,0,New/Occasional
12945,288,2,900.11,5.666426688112432,1.0986122886681098,6.803627336726857,4,At Risk
12946,437,1,324.45,6.082218910376446,0.6931471805599453,5.785208840018396,2,Lost/Churned
12947,144,6,1908.03,4.976733742420574,1.9459101490553132,7.554350538636317,1,Big Spenders
12948,16,9,2317.43,2.833213344056216,2.302585092994046,7.748645511441289,3,Loyal Customers
12949,31,22,15526.7,3.4657359027997265,3.1354942159291497,9.650380804724037,5,Champions
12950,2,3,1843.0,1.0986122886681098,1.3862943611198906,7.519692404116539,3,Loyal Customers
12951,9,15,3213.7200000000003,2.302585092994046,2.772588722239781,8.075495541121626,3,Loyal Customers
12952,6,4,1387.79,1.9459101490553132,1.6094379124341003,7.236188143419333,3,Loyal Customers
12953,10,2,828.8100000000001,2.3978952727983707,1.0986122886681098,6.721196758922804,0,New/Occasional
12954,639,1,162.45,6.461468176353717,0.6931471805599453,5.09650713317022,2,Lost/Churned
12955,1,11,4757.16,0.6931471805599453,2.4849066497880004,8.46761631787212,3,Loyal Customers
12956,306,4,521.89,5.726847747587197,1.6094379124341003,6.259371116895707,4,At Risk
12957,10,13,8706.97,2.3978952727983707,2.6390573296152584,9.071993977240556,5,Champions
12958,400,2,539.49,5.993961427306569,1.0986122886681098,6.2924761355205066,4,At Risk
12959,484,1,150.95,6.184148890937483,0.6931471805599453,5.023551519362802,2,Lost/Churned
12960,414,4,1322.0700000000002,6.028278520230698,1.6094379124341003,7.187710072768178,4,At Risk
12961,379,1,211.99,5.940171252720432,0.6931471805599453,5.361245216250509,2,Lost/Churned
12962,7,2,266.39,2.0794415416798357,1.0986122886681098,5.588708266810736,0,New/Occasional
12963,8,12,3601.59,2.1972245773362196,2.5649493574615367,8.189408310212553,3,Loyal Customers
12964,437,1,132.24,6.082218910376446,0.6931471805599453,4.892152013325479,2,Lost/Churned
12965,89,1,771.91,4.499809670330265,0.6931471805599453,6.65016261231351,0,New/Occasional
12966,10,1,160.18,2.3978952727983707,0.6931471805599453,5.0825217528963655,0,New/Occasional
12967,358,3,4306.92,5.883322388488279,1.3862943611198906,8.368210468001717,4,At Risk
12968,112,1,135.95,4.727387818712341,0.6931471805599453,4.919615895709087,2,Lost/Churned
12969,603,1,122.45,6.403574197934815,0.6931471805599453,4.8158362157911885,2,Lost/Churned
12970,7,10,1524.97,2.0794415416798357,2.3978952727983707,7.330385552411315,3,Loyal Customers
12971,4,116,15972.79,1.6094379124341003,4.762173934797756,9.67870453302808,5,Champions
12972,414,4,1161.2,6.028278520230698,1.6094379124341003,7.058070039641005,4,At Risk
12973,414,1,385.55,6.028278520230698,0.6931471805599453,5.957261225766484,2,Lost/Churned
12974,198,2,408.95,5.293304824724492,1.0986122886681098,6.016035201042187,2,Lost/Churned
12975,437,6,2100.09,6.082218910376446,1.9459101490553132,7.650211536671941,4,At Risk
12976,212,8,3156.38,5.3612921657094255,2.1972245773362196,8.057497848751854,1,Big Spenders
12977,156,4,517.63,5.056245805348308,1.6094379124341003,6.251190719483879,4,At Risk
12978,385,5,2502.82,5.955837369464831,1.791759469228055,7.825572844652115,4,At Risk
12979,729,1,517.7,6.593044534142437,0.6931471805599453,6.251325681357355,2,Lost/Churned
12980,158,21,16245.78,5.0689042022202315,3.091042453358316,9.695650014276662,1,Big Spenders
12981,30,2,372.21999999999997,3.4339872044851463,1.0986122886681098,5.922168058105325,0,New/Occasional
12982,243,8,2744.81,5.497168225293202,2.1972245773362196,7.917831392382723,1,Big Spenders
12983,598,1,490.08,6.395261598115449,0.6931471805599453,6.196607047312639,2,Lost/Churned
12984,19,1,97.5,2.995732273553991,0.6931471805599453,4.590056548178043,0,New/Occasional
12985,1,2,1239.38,0.6931471805599453,1.0986122886681098,7.123173063265281,3,Loyal Customers
12986,429,10,2729.84,6.063785208687608,2.3978952727983707,7.912364533159128,1,Big Spenders
12987,74,5,1312.21,4.31748811353631,1.791759469228055,7.180229800584737,4,At Risk
12988,292,1,535.32,5.680172609017068,0.6931471805599453,6.284730997853663,2,Lost/Churned
12989,3,33,13551.75,1.3862943611198906,3.5263605246161616,9.51434475774539,5,Champions
12990,31,7,955.5,3.4657359027997265,2.0794415416798357,6.863280788880307,3,Loyal Customers
12991,23,3,764.82,3.1780538303479458,1.3862943611198906,6.640947155181664,0,New/Occasional
12992,725,1,93.35,6.587550014824796,0.6931471805599453,4.547011271814559,2,Lost/Churned
12993,23,8,1259.63,3.1780538303479458,2.1972245773362196,7.139366874987175,3,Loyal Customers
12994,4,3,974.42,1.6094379124341003,1.3862943611198906,6.882868147474188,3,Loyal Customers
12995,85,1,211.32,4.454347296253507,0.6931471805599453,5.358094570583897,0,New/Occasional
12996,376,1,355.5,5.932245187448011,0.6931471805599453,5.8763342398543505,2,Lost/Churned
12997,22,8,2110.91,3.1354942159291497,2.1972245773362196,7.655348030281802,3,Loyal Customers
12998,493,3,920.08,6.202535517187923,1.3862943611198906,6.825546894589419,4,At Risk
12999,196,3,455.88,5.2832037287379885,1.3862943611198906,6.124420774356607,4,At Risk
13000,107,4,1032.5,4.68213122712422,1.6094379124341003,6.940706379121823,4,At Risk
13001,4,33,24172.100000000002,1.6094379124341003,3.5263605246161616,10.092995723644439,5,Champions
13002,318,3,414.13,5.765191102784844,1.3862943611198906,6.0285917241892655,4,At Risk
13003,106,3,149.05,4.672828834461906,1.3862943611198906,5.010968571886377,0,New/Occasional
13004,12,36,11650.85,2.5649493574615367,3.6109179126442243,9.363220244669996,5,Champions
13005,174,4,999.68,5.1647859739235145,1.6094379124341003,6.908435047886894,4,At Risk
13006,56,1,81.57,4.04305126783455,0.6931471805599453,4.413646418429337,0,New/Occasional
13007,580,1,175.25,6.364750756851911,0.6931471805599453,5.171903441692378,2,Lost/Churned
13008,323,3,612.13,5.780743515792329,1.3862943611198906,6.4185769852303105,4,At Risk
13009,673,1,234.0,6.513230110912307,0.6931471805599453,5.459585514144159,2,Lost/Churned
13010,374,2,330.12,5.926926025970411,1.0986122886681098,5.802480847440477,2,Lost/Churned
13011,372,1,101.10000000000001,5.921578419643816,0.6931471805599453,4.62595272517062,2,Lost/Churned
13012,9,11,2972.83,2.302585092994046,2.4849066497880004,7.997605963315002,3,Loyal Customers
13013,1,29,12625.77,0.6931471805599453,3.4011973816621555,9.443574442336539,5,Champions
13014,11,11,5381.08,2.4849066497880004,2.4849066497880004,8.590830195539068,3,Loyal Customers
13015,53,11,6586.42,3.9889840465642745,2.4849066497880004,8.792917048563352,1,Big Spenders
13016,73,3,789.89,4.30406509320417,1.3862943611198906,6.673158893621945,0,New/Occasional
13017,7,1,204.0,2.0794415416798357,0.6931471805599453,5.3230099791384085,0,New/Occasional
13018,16,35,9763.16,2.833213344056216,3.58351893845611,9.186473818105341,5,Champions
13019,379,6,1229.95,5.940171252720432,1.9459101490553132,7.115541507975305,4,At Risk
13020,563,2,618.96,6.335054251498059,1.0986122886681098,6.42965495982885,4,At Risk
13021,4,17,4887.24,1.6094379124341003,2.8903717578961645,8.494587599482408,5,Champions
13022,430,1,65.3,6.066108090103747,0.6931471805599453,4.194189897191817,2,Lost/Churned
13023,64,3,1449.03,4.174387269895637,1.3862943611198906,7.279339524855764,4,At Risk
13024,471,2,555.87,6.156978985585555,1.0986122886681098,6.32233181950912,4,At Risk
13025,732,1,323.39,6.597145701886651,0.6931471805599453,5.781946495625555,2,Lost/Churned
13026,1,9,1733.08,0.6931471805599453,2.302585092994046,7.458232292377749,3,Loyal Customers
13027,114,19,17335.2,4.74493212836325,2.995732273553991,9.760552079836312,1,Big Spenders
13028,23,2,661.3199999999999,3.1780538303479458,1.0986122886681098,6.49574882283055,0,New/Occasional
13029,31,5,1927.3,3.4657359027997265,1.791759469228055,7.564394064725559,3,Loyal Customers
13030,11,2,1227.22,2.4849066497880004,1.0986122886681098,7.113321245755551,0,New/Occasional
13031,407,5,3419.27,6.0112671744041615,1.791759469228055,8.137474774308892,4,At Risk
13032,52,9,2843.55,3.970291913552122,2.302585092994046,7.953160161817899,1,Big Spenders
13033,357,2,220.55,5.8805329864007,1.0986122886681098,5.400648297645499,2,Lost/Churned
13034,55,3,922.68,4.02535169073515,1.3862943611198906,6.828365691312624,0,New/Occasional
13035,74,3,1364.2,4.31748811353631,1.3862943611198906,7.219056217032552,4,At Risk
13036,685,1,307.1,6.530877627725885,0.6931471805599453,5.730424405602622,2,Lost/Churned
13037,138,12,3914.9500000000003,4.9344739331306915,2.5649493574615367,8.272813235438143,1,Big Spenders
13038,80,3,908.46,4.394449154672439,1.3862943611198906,6.812851016782114,4,At Risk
13039,584,4,1010.73,6.371611847231857,1.6094379124341003,6.919417015831408,4,At Risk
13040,9,2,676.99,2.302585092994046,1.0986122886681098,6.519132538569087,0,New/Occasional
13041,451,4,799.13,6.113682179832232,1.6094379124341003,6.684774214466232,4,At Risk
13042,598,3,1556.54,6.395261598115449,1.3862943611198906,7.350862932514812,4,At Risk
13043,273,1,516.42,5.6131281063880705,0.6931471805599453,6.248854923817375,2,Lost/Churned
13044,291,11,4853.9,5.676753802268282,2.4849066497880004,8.487743783190949,1,Big Spenders
13045,99,3,808.9200000000001,4.605170185988092,1.3862943611198906,6.696935477356759,4,At Risk
13046,31,3,949.25,3.4657359027997265,1.3862943611198906,6.856725107869358,0,New/Occasional
13047,32,24,8795.16,3.4965075614664802,3.2188758248682006,9.082070541595616,5,Champions
13048,14,9,4084.21,2.70805020110221,2.302585092994046,8.315128413561517,3,Loyal Customers
13049,64,4,1408.24,4.174387269895637,1.6094379124341003,7.250805830963473,4,At Risk
13050,15,35,12344.53,2.772588722239781,3.58351893845611,9.421049333218992,5,Champions
13051,579,2,155.8,6.363028103540465,1.0986122886681098,5.054971107916307,2,Lost/Churned
13052,212,7,3168.53,5.3612921657094255,2.0794415416798357,8.06133859089476,1,Big Spenders
13053,622,1,127.65,6.434546518787453,0.6931471805599453,4.857095538727753,2,Lost/Churned
13055,78,4,2321.11,4.3694478524670215,1.6094379124341003,7.7502315340901236,1,Big Spenders
13056,551,1,209.48,6.313548046277095,0.6931471805599453,5.349390636732037,2,Lost/Churned
13057,530,3,722.09,6.274762021241939,1.3862943611198906,6.583533695739408,4,At Risk
13058,25,3,271.40000000000003,3.258096538021482,1.3862943611198906,5.607271574275358,0,New/Occasional
13059,250,10,2303.17,5.5254529391317835,2.3978952727983707,7.7424758038160455,1,Big Spenders
13060,254,1,307.53000000000003,5.541263545158426,0.6931471805599453,5.731819083350057,2,Lost/Churned
13061,72,1,248.61,4.290459441148391,0.6931471805599453,5.519899699795292,0,New/Occasional
13062,191,1,346.98,5.2574953720277815,0.6931471805599453,5.85214500685857,2,Lost/Churned
13063,481,1,188.4,6.1779441140506,0.6931471805599453,5.243861180751978,2,Lost/Churned
13064,13,6,1680.74,2.6390573296152584,1.9459101490553132,7.427584250701029,3,Loyal Customers
13065,373,5,1260.91,5.924255797414532,1.791759469228055,7.140381725185672,4,At Risk
13066,24,2,470.8,3.2188758248682006,1.0986122886681098,6.1565551669735745,0,New/Occasional
13067,82,3,508.51,4.418840607796598,1.3862943611198906,6.233449479555548,0,New/Occasional
13068,10,2,344.0,2.3978952727983707,1.0986122886681098,5.84354441703136,0,New/Occasional
13069,1,38,9683.13,0.6931471805599453,3.6635616461296463,9.17824374217272,5,Champions
13070,192,4,751.7,5.262690188904886,1.6094379124341003,6.623666742040486,4,At Risk
13071,612,1,129.22,6.418364935936212,0.6931471805599453,4.869225327808716,2,Lost/Churned
13072,267,1,177.15,5.5909869805108565,0.6931471805599453,5.182625892051845,2,Lost/Churned
13073,411,2,418.08,6.021023349349527,1.0986122886681098,6.038061832484764,2,Lost/Churned
13074,511,4,1378.74,6.238324625039508,1.6094379124341003,7.229650354603547,4,At Risk
13075,130,1,919.61,4.875197323201151,0.6931471805599453,6.825036493805135,4,At Risk
13076,458,1,135.4,6.129050210060545,0.6931471805599453,4.915591745409362,2,Lost/Churned
13077,1,11,3064.67,0.6931471805599453,2.4849066497880004,8.028021421545077,3,Loyal Customers
13078,3,57,29532.45,1.3862943611198906,4.060443010546419,10.29327879825586,5,Champions
13079,4,6,419.18,1.6094379124341003,1.9459101490553132,6.040683190895481,3,Loyal Customers
13080,179,4,280.73,5.19295685089021,1.6094379124341003,5.640949165484632,4,At Risk
13081,12,28,59205.15,2.5649493574615367,3.367295829986474,10.988780700611546,5,Champions
13082,126,21,7335.75,4.844187086458591,3.091042453358316,8.900651244261311,1,Big Spenders
13083,4,3,395.43,1.6094379124341003,1.3862943611198906,5.982499480722332,0,New/Occasional
13084,492,1,122.39999999999999,6.20050917404269,0.6931471805599453,4.8154311114712876,2,Lost/Churned
13085,158,8,2433.28,5.0689042022202315,2.1972245773362196,7.7974063039073975,1,Big Spenders
13086,383,1,439.33000000000004,5.950642552587727,0.6931471805599453,6.087524445802853,2,Lost/Churned
13087,726,1,313.64,6.588926477533519,0.6931471805599453,5.751429128123554,2,Lost/Churned
13088,417,1,236.11,6.035481432524756,0.6931471805599453,5.468524168478886,2,Lost/Churned
13089,3,203,116737.86,1.3862943611198906,5.318119993844216,11.667694753419712,5,Champions
13090,9,24,14103.09,2.302585092994046,3.2188758248682006,9.55422010522581,5,Champions
13091,28,3,2321.82,3.367295829986474,1.3862943611198906,7.7505372437587425,3,Loyal Customers
13092,71,12,2140.28,4.276666119016055,2.5649493574615367,7.669159060048065,1,Big Spenders
13093,276,55,54943.65,5.6240175061873385,4.02535169073515,10.914081593854366,5,Champions
13094,21,13,2433.1200000000003,3.091042453358316,2.6390573296152584,7.797340573893407,1,Big Spenders
13095,71,1,74.39999999999999,4.276666119016055,0.6931471805599453,4.32280727501391,2,Lost/Churned
13096,394,1,419.7000000000001,5.978885764901122,0.6931471805599453,6.041919990596475,2,Lost/Churned
13097,33,28,13389.22,3.5263605246161616,3.367295829986474,9.502279868722015,5,Champions
13098,1,28,28882.44,0.6931471805599453,3.367295829986474,10.271023699486712,5,Champions
13099,99,1,207.36,4.605170185988092,0.6931471805599453,5.339267352876991,2,Lost/Churned
13101,234,4,695.4,5.459585514144159,1.6094379124341003,6.545924207894034,4,At Risk
13102,1,37,11696.92,0.6931471805599453,3.6375861597263857,9.367166327203728,5,Champions
13103,40,3,709.64,3.713572066704308,1.3862943611198906,6.566165972461445,0,New/Occasional
13104,3,9,1709.1,1.3862943611198906,2.302585092994046,7.444307127319008,3,Loyal Customers
13105,436,1,72.0,6.07993319509559,0.6931471805599453,4.290459441148391,2,Lost/Churned
13106,133,2,603.46,4.897839799950911,1.0986122886681098,6.4043354974767395,4,At Risk
13107,44,9,5253.07,3.8066624897703196,2.302585092994046,8.56675829333907,1,Big Spenders
13108,373,2,1098.52,5.924255797414532,1.0986122886681098,7.002628999915781,4,At Risk
13109,60,3,1134.03,4.110873864173311,1.3862943611198906,7.034414361284253,0,New/Occasional
13110,31,12,2957.4700000000003,3.4657359027997265,2.5649493574615367,7.992427521791549,1,Big Spenders
13111,719,1,321.88000000000005,6.579251212010101,0.6931471805599453,5.777280737165245,2,Lost/Churned
13112,541,1,20.599999999999998,6.295266001439646,0.6931471805599453,3.0726933146901194,2,Lost/Churned
13113,1,37,18625.73,0.6931471805599453,3.6375861597263857,9.832352924840173,5,Champions
13114,731,1,234.38,6.595780513961311,0.6931471805599453,5.461201229449516,2,Lost/Churned
13115,12,10,5494.7,2.5649493574615367,2.3978952727983707,8.611721247259522,3,Loyal Customers
13116,138,1,501.14,4.9344739331306915,0.6931471805599453,6.218878965272838,2,Lost/Churned
13117,22,18,2643.81,3.1354942159291497,2.9444389791664403,7.880354508063847,1,Big Spenders
13118,20,9,2415.41,3.044522437723423,2.302585092994046,7.790038246643707,3,Loyal Customers
13119,669,1,134.9,6.507277712385012,0.6931471805599453,4.911919321157098,2,Lost/Churned
13120,239,1,30.6,5.480638923341991,0.6931471805599453,3.4531571205928664,2,Lost/Churned
13121,269,1,283.73,5.598421958998375,0.6931471805599453,5.6515413628105104,2,Lost/Churned
13122,94,2,922.39,4.553876891600541,1.0986122886681098,6.828051680471256,4,At Risk
13123,473,2,506.75,6.161207321695077,1.0986122886681098,6.229989200460494,4,At Risk
13124,90,4,4782.45,4.51085950651685,1.6094379124341003,8.472917322466122,1,Big Spenders
13125,524,1,158.57,6.263398262591624,0.6931471805599453,5.072482697422336,2,Lost/Churned
13126,5,13,3998.25,1.791759469228055,2.6390573296152584,8.293862122521706,3,Loyal Customers
13127,78,1,259.17,4.3694478524670215,0.6931471805599453,5.561335263505108,0,New/Occasional
13128,631,1,263.5,6.448889394146858,0.6931471805599453,5.577841251298354,2,Lost/Churned
13129,452,2,233.25,6.115892125483034,1.0986122886681098,5.456388921118531,2,Lost/Churned
13130,94,1,64.0,4.553876891600541,0.6931471805599453,4.174387269895637,2,Lost/Churned
13131,23,7,3313.77,3.1780538303479458,2.0794415416798357,8.106143518614155,3,Loyal Customers
13132,262,1,77.3,5.572154032177765,0.6931471805599453,4.360547602996758,2,Lost/Churned
13133,274,3,200.45,5.616771097666572,1.3862943611198906,5.305541211637356,2,Lost/Churned
13134,86,6,2475.23,4.465908118654584,1.9459101490553132,7.814492521251219,1,Big Spenders
13135,197,2,3371.45,5.288267030694535,1.0986122886681098,8.12339476217512,4,At Risk
13136,56,13,6274.56,4.04305126783455,2.6390573296152584,8.74441800304595,1,Big Spenders
13137,11,16,7712.7,2.4849066497880004,2.833213344056216,8.950753247682654,5,Champions
13138,22,7,1467.24,3.1354942159291497,2.0794415416798357,7.291819683550217,3,Loyal Customers
13139,16,8,8202.98,2.833213344056216,2.1972245773362196,9.012374681354098,1,Big Spenders
13140,108,5,1215.68,4.6913478822291435,1.791759469228055,7.103881116752489,4,At Risk
13141,85,17,7668.58,4.454347296253507,2.8903717578961645,8.945017134061462,1,Big Spenders
13142,19,1,307.09000000000003,2.995732273553991,0.6931471805599453,5.7303919480814,0,New/Occasional
13143,585,1,405.1,6.373319789577012,0.6931471805599453,6.006599434692252,2,Lost/Churned
13144,333,2,135.35,5.811140992976701,1.0986122886681098,4.9152251092915975,2,Lost/Churned
13145,40,7,1423.52,3.713572066704308,2.0794415416798357,7.261590193853443,1,Big Spenders
13146,26,1,228.91,3.295836866004329,0.6931471805599453,5.437687927995845,0,New/Occasional
13147,10,4,712.8,2.3978952727983707,1.6094379124341003,6.57060281105606,3,Loyal Customers
13148,29,26,8621.81,3.4011973816621555,3.295836866004329,9.062166296614707,5,Champions
13149,14,4,1676.06,2.70805020110221,1.6094379124341003,7.424797539358498,3,Loyal Customers
13150,484,3,449.96999999999997,6.184148890937483,1.3862943611198906,6.111400818443195,4,At Risk
13151,296,3,2580.7400000000002,5.6937321388027,1.3862943611198906,7.856218869202286,4,At Risk
13152,417,7,2146.38,6.035481432524756,2.0794415416798357,7.672003773368138,4,At Risk
13153,6,1,486.22,1.9459101490553132,0.6931471805599453,6.188715766456242,0,New/Occasional
13154,399,3,1624.84,5.991464547107982,1.3862943611198906,7.3937798842820515,4,At Risk
13155,33,6,1750.18,3.5263605246161616,1.9459101490553132,7.468045125403372,3,Loyal Customers
13156,385,3,1586.54,5.955837369464831,1.3862943611198906,7.369940927299805,4,At Risk
13157,49,9,5687.36,3.912023005428146,2.302585092994046,8.646177260619517,1,Big Spenders
13158,95,5,1508.18,4.564348191467836,1.791759469228055,7.319321735948278,4,At Risk
13159,9,4,1437.85,2.302585092994046,1.6094379124341003,7.271599462399201,3,Loyal Customers
13160,22,1,91.8,3.1354942159291497,0.6931471805599453,4.530446639792155,0,New/Occasional
13161,313,2,478.88,5.749392985908253,1.0986122886681098,6.173536072646727,4,At Risk
13162,122,16,9275.49,4.812184355372417,2.833213344056216,9.135238521473575,1,Big Spenders
13163,610,1,17.65,6.415096959171596,0.6931471805599453,2.9258461460898246,2,Lost/Churned
13164,569,2,372.2,6.345636360828596,1.0986122886681098,5.922114468973189,2,Lost/Churned
13165,46,3,1451.1599999999999,3.8501476017100584,1.3862943611198906,7.280807382151422,0,New/Occasional
13166,283,2,884.18,5.648974238161206,1.0986122886681098,6.785791014157531,4,At Risk
13167,19,5,1125.15,2.995732273553991,1.791759469228055,7.026560014747387,3,Loyal Customers
13168,36,5,1875.31,3.6109179126442243,1.791759469228055,7.537062361117244,3,Loyal Customers
13169,64,3,840.08,4.174387269895637,1.3862943611198906,6.734686780300234,0,New/Occasional
13170,27,1,116.00999999999999,3.332204510175204,0.6931471805599453,4.7622594012308666,0,New/Occasional
13171,22,3,468.41,3.1354942159291497,1.3862943611198906,6.151476586982076,0,New/Occasional
13172,400,1,69.6,5.993961427306569,0.6931471805599453,4.257030144499196,2,Lost/Churned
13173,4,11,2639.35,1.6094379124341003,2.4849066497880004,7.878666763110549,3,Loyal Customers
13174,16,12,9494.84,2.833213344056216,2.5649493574615367,9.15860908694789,5,Champions
13175,582,2,831.45,6.368187186350492,1.0986122886681098,6.724373159990861,4,At Risk
13176,46,1,492.84,3.8501476017100584,0.6931471805599453,6.202211578085641,0,New/Occasional
13177,65,2,512.2,4.189654742026425,1.0986122886681098,6.240665632741481,0,New/Occasional
13178,26,21,14059.19,3.295836866004329,3.091042453358316,9.551102678786863,5,Champions
13179,619,1,572.3100000000001,6.429719478039138,0.6931471805599453,6.3514265826367975,2,Lost/Churned
13180,607,1,86.10000000000001,6.410174881966167,0.6931471805599453,4.467056883858457,2,Lost/Churned
13181,381,1,359.69,5.945420608606575,0.6931471805599453,5.888018863654928,2,Lost/Churned
13182,45,1,121.18,3.828641396489095,0.6931471805599453,4.805495367221621,0,New/Occasional
13183,8,15,7036.18,2.1972245773362196,2.772588722239781,8.858962800721406,5,Champions
13184,15,10,1701.29,2.772588722239781,2.3978952727983707,7.439729682398054,3,Loyal Customers
13185,268,1,71.4,5.594711379601839,0.6931471805599453,4.282206299391671,2,Lost/Churned
13186,40,3,1575.89,3.713572066704308,1.3862943611198906,7.363209831835215,0,New/Occasional
13187,337,4,367.01,5.823045895483019,1.6094379124341003,5.90811011171277,4,At Risk
13188,11,1,114.6,2.4849066497880004,0.6931471805599453,4.750135956238277,0,New/Occasional
13189,19,2,260.68,2.995732273553991,1.0986122886681098,5.567122383230129,0,New/Occasional
13190,544,3,570.66,6.300785794663244,1.3862943611198906,6.348544409056351,4,At Risk
13191,658,1,164.69,6.490723534502507,0.6931471805599453,5.1101185725812055,2,Lost/Churned
13192,95,6,2558.58,4.564348191467836,1.9459101490553132,7.847598461513884,1,Big Spenders
13193,61,1,117.88,4.127134385045092,0.6931471805599453,4.778114580969449,0,New/Occasional
13194,136,2,472.78,4.919980925828125,1.0986122886681098,6.160743078929981,4,At Risk
13195,414,1,172.38,6.028278520230698,0.6931471805599453,5.155485717440494,2,Lost/Churned
13196,11,7,3068.84,2.4849066497880004,2.0794415416798357,8.029380721959248,3,Loyal Customers
13197,610,1,373.01000000000005,6.415096959171596,0.6931471805599453,5.924282535024993,2,Lost/Churned
13198,10,8,4974.2300000000005,2.3978952727983707,2.1972245773362196,8.512226879679845,3,Loyal Customers
13199,4,67,16432.89,1.6094379124341003,4.219507705176107,9.707100945028303,5,Champions
13200,19,4,870.09,2.995732273553991,1.6094379124341003,6.769745301020691,3,Loyal Customers
13201,502,4,1240.61,6.220590170099739,1.6094379124341003,7.124164203520231,4,At Risk
13202,394,7,1580.3,5.978885764901122,2.0794415416798357,7.366002572529271,4,At Risk
13203,10,10,2648.25,2.3978952727983707,2.3978952727983707,7.882031860054945,3,Loyal Customers
13204,731,1,966.6600000000001,6.595780513961311,0.6931471805599453,6.874880785908055,4,At Risk
13205,443,1,2803.2,6.095824562432225,0.6931471805599453,7.938873572287031,4,At Risk
13206,400,13,8377.32,5.993961427306569,2.6390573296152584,9.033402696050894,1,Big Spenders
13207,15,4,535.86,2.772588722239781,1.6094379124341003,6.285737352883712,0,New/Occasional
13208,59,9,1988.5,4.0943445622221,2.302585092994046,7.595638629866984,1,Big Spenders
13209,30,13,8509.51,3.4339872044851463,2.6390573296152584,9.049057149266432,1,Big Spenders
13210,94,1,353.48,4.553876891600541,0.6931471805599453,5.8706519268912345,0,New/Occasional
13211,10,10,2729.32,2.3978952727983707,2.3978952727983707,7.912174097426949,3,Loyal Customers
13212,20,3,788.08,3.044522437723423,1.3862943611198906,6.670867709875668,0,New/Occasional
13213,57,11,3851.52,4.060443010546419,2.4849066497880004,8.25648275861493,1,Big Spenders
13214,418,7,3264.23,6.037870919922137,2.0794415416798357,8.091085483333597,4,At Risk
13215,402,1,81.6,5.998936561946683,0.6931471805599453,4.414009680526933,2,Lost/Churned
13216,268,1,333.74,5.594711379601839,0.6931471805599453,5.813354111085492,2,Lost/Churned
13217,122,4,666.48,4.812184355372417,1.6094379124341003,6.503509427278702,4,At Risk
13218,127,1,62.64,4.852030263919617,0.6931471805599453,4.153242203469586,2,Lost/Churned
13219,618,1,76.23,6.428105272684596,0.6931471805599453,4.346787982581173,2,Lost/Churned
13220,78,5,1336.0900000000001,4.3694478524670215,1.791759469228055,7.198250889720467,4,At Risk
13221,240,2,847.41,5.484796933490655,1.0986122886681098,6.743364009514037,4,At Risk
13222,577,1,88.5,6.359573868672378,0.6931471805599453,4.4942386252808095,2,Lost/Churned
13223,200,6,969.12,5.303304908059076,1.9459101490553132,6.877419775186018,4,At Risk
13224,60,2,2155.95,4.110873864173311,1.0986122886681098,7.676450465777419,4,At Risk
13225,3,16,16260.07,1.3862943611198906,2.833213344056216,9.696529186594761,5,Champions
13226,273,2,312.46,5.6131281063880705,1.0986122886681098,5.747671760225922,2,Lost/Churned
13227,202,1,257.7,5.313205979041787,0.6931471805599453,5.5556690891919835,2,Lost/Churned
13228,81,1,358.0,4.406719247264253,0.6931471805599453,5.883322388488279,0,New/Occasional
13229,226,1,160.95,5.424950017481403,0.6931471805599453,5.087287645617338,2,Lost/Churned
13230,4,30,6360.78,1.6094379124341003,3.4339872044851463,8.758063491390523,5,Champions
13232,13,7,1357.6,2.6390573296152584,2.0794415416798357,7.214210036757201,3,Loyal Customers
13233,74,4,1176.46,4.31748811353631,1.6094379124341003,7.071114855037561,4,At Risk
13234,673,2,356.95,6.513230110912307,1.0986122886681098,5.880393311842194,2,Lost/Churned
13235,212,1,1031.07,5.3612921657094255,0.6931471805599453,6.939321773198559,4,At Risk
13236,25,2,744.85,3.258096538021482,1.0986122886681098,6.614524507599939,0,New/Occasional
13237,388,1,643.0,5.963579343618446,0.6931471805599453,6.467698726104354,2,Lost/Churned
13238,17,6,1006.63,2.8903717578961645,1.9459101490553132,6.915356317754957,3,Loyal Customers
13239,262,5,1594.69,5.572154032177765,1.791759469228055,7.375061523554606,4,At Risk
13240,96,8,1738.52,4.574710978503383,2.1972245773362196,7.461364492082669,1,Big Spenders
13241,412,1,115.58,6.023447592961033,0.6931471805599453,4.758577732617404,2,Lost/Churned
13242,112,7,699.4,4.727387818712341,2.0794415416798357,6.551651600411697,4,At Risk
13243,203,5,1278.04,5.318119993844216,1.791759469228055,7.153865075522958,4,At Risk
13244,93,1,121.74000000000001,4.543294782270004,0.6931471805599453,4.810068296960951,2,Lost/Churned
13245,51,2,989.22,3.9512437185814275,1.0986122886681098,6.897927140663157,0,New/Occasional
13246,18,11,3387.43,2.9444389791664403,2.4849066497880004,8.12812196625448,1,Big Spenders
13247,18,4,501.12,2.9444389791664403,1.6094379124341003,6.218839134950008,0,New/Occasional
13248,125,2,465.68,4.836281906951478,1.0986122886681098,6.145643797955656,4,At Risk
13249,92,9,1608.9299999999998,4.532599493153256,2.302585092994046,7.383945978772432,1,Big Spenders
13250,461,2,256.04,6.135564891081739,1.0986122886681098,5.549231714807603,2,Lost/Churned
13251,402,1,252.68,5.998936561946683,0.6931471805599453,5.536073630230092,2,Lost/Churned
13252,394,2,399.3,5.978885764901122,1.0986122886681098,5.992214265998528,2,Lost/Churned
13253,157,4,2951.11,5.062595033026967,1.6094379124341003,7.990275447898748,4,At Risk
13254,376,1,51.41,5.932245187448011,0.6931471805599453,3.959097412814075,2,Lost/Churned
13255,9,3,904.46,2.302585092994046,1.3862943611198906,6.808443101858514,3,Loyal Customers
13257,436,1,149.75,6.07993319509559,0.6931471805599453,5.015622835607295,2,Lost/Churned
13258,12,5,1035.18,2.5649493574615367,1.791759469228055,6.943296152901229,3,Loyal Customers
13259,62,9,1433.38,4.143134726391533,2.302585092994046,7.268487979081614,1,Big Spenders
13260,61,1,557.62,4.127134385045092,0.6931471805599453,6.325469456665338,0,New/Occasional
13261,269,2,944.1,5.598421958998375,1.0986122886681098,6.8512907420010105,4,At Risk
13262,263,3,573.45,5.575949103146316,1.3862943611198906,6.353413061299374,4,At Risk
13263,1,39,8704.69,0.6931471805599453,3.6888794541139363,9.071732113851352,5,Champions
13264,443,1,722.5600000000001,6.095824562432225,0.6931471805599453,6.584183472833434,2,Lost/Churned
13265,53,5,2107.66,3.9889840465642745,1.791759469228055,7.653807953637001,1,Big Spenders
13266,11,19,6135.04,2.4849066497880004,2.995732273553991,8.721934861930668,5,Champions
13267,3,36,9758.26,1.3862943611198906,3.6109179126442243,9.18597185686055,5,Champions
13268,18,11,3214.69,2.9444389791664403,2.4849066497880004,8.075797232617925,1,Big Spenders
13269,1,28,8891.7,0.6931471805599453,3.367295829986474,9.092985994432782,5,Champions
13270,366,1,1180.0,5.905361848054571,0.6931471805599453,7.074116816197362,4,At Risk
13271,37,1,217.38,3.6375861597263857,0.6931471805599453,5.38623666458592,0,New/Occasional
13272,31,2,276.56,3.4657359027997265,1.0986122886681098,5.626037126031348,0,New/Occasional
13273,113,1,138.98,4.736198448394496,0.6931471805599453,4.941499555261394,2,Lost/Churned
13274,409,1,360.85,6.016157159698354,0.6931471805599453,5.891229761312137,2,Lost/Churned
13275,384,2,241.66,5.953243334287785,1.0986122886681098,5.491661286623727,2,Lost/Churned
13276,64,5,1939.26,4.174387269895637,1.791759469228055,7.57057726369597,1,Big Spenders
13277,16,7,523.3,2.833213344056216,2.0794415416798357,6.262064039578487,3,Loyal Customers
13278,41,4,1435.85,3.7376696182833684,1.6094379124341003,7.27020849649701,3,Loyal Customers
13279,78,1,137.75,4.3694478524670215,0.6931471805599453,4.932673752626544,2,Lost/Churned
13280,122,7,2322.63,4.812184355372417,2.0794415416798357,7.750885897035204,1,Big Spenders
13281,439,1,350.85,6.0867747269123065,0.6931471805599453,5.863204948412558,2,Lost/Churned
13282,18,4,1313.19,2.9444389791664403,1.6094379124341003,7.1809757852429135,3,Loyal Customers
13283,60,4,373.36,4.110873864173311,1.6094379124341003,5.925217901289056,0,New/Occasional
13284,331,1,201.19,5.805134968916488,0.6931471805599453,5.309207849379209,2,Lost/Churned
13285,23,6,3364.59,3.1780538303479458,1.9459101490553132,8.121358561033485,3,Loyal Customers
13286,600,1,734.91,6.398594934535208,0.6931471805599453,6.601107828643053,2,Lost/Churned
13287,603,3,781.59,6.403574197934815,1.3862943611198906,6.662608931774919,4,At Risk
13288,443,5,927.61,6.095824562432225,1.791759469228055,6.833688844427256,4,At Risk
13289,724,1,307.95,6.586171654854675,0.6931471805599453,5.733179451506989,2,Lost/Churned
13290,438,1,208.63,6.0844994130751715,0.6931471805599453,5.345344071975791,2,Lost/Churned
13291,156,11,3320.84,5.056245805348308,2.4849066497880004,8.108274125256557,1,Big Spenders
13292,39,5,994.51,3.6888794541139363,1.791759469228055,6.903255168657213,3,Loyal Customers
13293,392,6,1192.94,5.973809611869261,1.9459101490553132,7.085014041433629,4,At Risk
13294,190,3,1689.53,5.25227342804663,1.3862943611198906,7.432797368219404,4,At Risk
13295,360,4,1101.97,5.8888779583328805,1.6094379124341003,7.005761820334205,4,At Risk
13296,137,6,792.51,4.927253685157205,1.9459101490553132,6.676466142281509,4,At Risk
13297,8,7,4368.62,2.1972245773362196,2.0794415416798357,8.382431327786959,3,Loyal Customers
13298,1,1,360.0,0.6931471805599453,0.6931471805599453,5.8888779583328805,0,New/Occasional
13299,268,3,1218.7,5.594711379601839,1.3862943611198906,7.106360205849192,4,At Risk
13300,169,3,1285.51,5.135798437050262,1.3862943611198906,7.1596884047191836,4,At Risk
13301,104,4,618.09,4.653960350157523,1.6094379124341003,6.428250657915328,4,At Risk
13302,155,2,159.2,5.049856007249537,1.0986122886681098,5.076423034634259,2,Lost/Churned
13303,400,1,61.72,5.993961427306569,0.6931471805599453,4.138680376042152,2,Lost/Churned
13304,351,4,1217.99,5.863631175598097,1.6094379124341003,7.105777926002176,4,At Risk
13305,4,16,3754.71,1.6094379124341003,2.833213344056216,8.231032627549666,5,Champions
13306,430,1,53.65,6.066108090103747,0.6931471805599453,4.000949214622548,2,Lost/Churned
13307,120,3,273.34,4.795790545596741,1.3862943611198906,5.614368213050261,0,New/Occasional
13308,23,4,1670.3700000000001,3.1780538303479458,1.6094379124341003,7.421398928381481,3,Loyal Customers
13309,7,6,1706.3700000000001,2.0794415416798357,1.9459101490553132,7.442709453846698,3,Loyal Customers
13310,28,5,1541.2,3.367295829986474,1.791759469228055,7.34096524739886,3,Loyal Customers
13311,4,2,598.57,1.6094379124341003,1.0986122886681098,6.396212731621162,0,New/Occasional
13312,451,1,124.75,6.113682179832232,0.6931471805599453,4.8342958089798485,2,Lost/Churned
13313,22,12,3445.32,3.1354942159291497,2.5649493574615367,8.145062274064983,1,Big Spenders
13314,2,3,775.94,1.0986122886681098,1.3862943611198906,6.655363127308804,3,Loyal Customers
13315,689,1,310.26000000000005,6.536691597591305,0.6931471805599453,5.7406285757768645,2,Lost/Churned
13316,37,10,13191.57,3.6375861597263857,2.3978952727983707,9.487409071310847,1,Big Spenders
13317,66,19,6486.091,4.204692619390966,2.995732273553991,8.777569481170776,1,Big Spenders
13318,1,3,640.76,0.6931471805599453,1.3862943611198906,6.464214402021743,3,Loyal Customers
13319,5,58,22082.5,1.791759469228055,4.07753744390572,10.00258600232169,5,Champions
13320,78,6,2228.1,4.3694478524670215,1.9459101490553132,7.709353195546886,1,Big Spenders
13321,72,2,567.36,4.290459441148391,1.0986122886681098,6.342755020769874,0,New/Occasional
13322,17,1,199.48000000000002,2.8903717578961645,0.6931471805599453,5.300714491147758,0,New/Occasional
13323,3,5,787.85,1.3862943611198906,1.791759469228055,6.670576188703463,3,Loyal Customers
13324,36,18,10513.47,3.6109179126442243,2.9444389791664403,9.260507682681968,5,Champions
13325,82,1,675.3,4.418840607796598,0.6931471805599453,6.516636764580894,0,New/Occasional
13326,432,1,281.76,6.07073772800249,0.6931471805599453,5.644598481302753,2,Lost/Churned
13327,39,20,9879.48,3.6888794541139363,3.044522437723423,9.19831637255775,5,Champions
13328,316,1,1308.48,5.75890177387728,0.6931471805599453,7.17738539082617,4,At Risk
13329,32,8,5112.97,3.4965075614664802,2.1972245773362196,8.539731289584415,1,Big Spenders
13330,93,6,2806.18,4.543294782270004,1.9459101490553132,7.93993569970672,1,Big Spenders
13331,402,1,262.4,5.998936561946683,0.6931471805599453,5.573673789309181,2,Lost/Churned
13332,14,1,350.90000000000003,2.70805020110221,0.6931471805599453,5.86334704432754,0,New/Occasional
13333,411,3,1015.74,6.021023349349527,1.3862943611198906,6.924356709479563,4,At Risk
13334,82,5,6263.75,4.418840607796598,1.791759469228055,8.742693962304125,1,Big Spenders
13336,77,1,795.12,4.356708826689592,0.6931471805599453,6.679749928251019,0,New/Occasional
13337,546,1,1575.26,6.304448802421981,0.6931471805599453,7.362810231430298,4,At Risk
13338,158,4,2445.62,5.0689042022202315,1.6094379124341003,7.8024627591890665,4,At Risk
13339,201,1,860.12,5.308267697401205,0.6931471805599453,6.758233867538541,4,At Risk
13340,45,12,22100.56,3.828641396489095,2.5649493574615367,10.003403473249906,1,Big Spenders
13341,261,1,775.85,5.568344503761097,0.6931471805599453,6.65524728153801,4,At Risk
13343,178,1,353.43,5.187385805840755,0.6931471805599453,5.870510865261174,2,Lost/Churned
13344,68,3,2543.7200000000003,4.23410650459726,1.3862943611198906,7.841775903285653,4,At Risk
13345,288,1,389.5,5.666426688112432,0.6931471805599453,5.967427969279741,2,Lost/Churned
13346,463,6,299.4,6.139884552226255,1.9459101490553132,5.705114919889979,4,At Risk
13347,70,1,341.36,4.2626798770413155,0.6931471805599453,5.835862815013409,0,New/Occasional
13348,64,1,233.76000000000002,4.174387269895637,0.6931471805599453,5.458563715690134,0,New/Occasional
13349,11,1,247.32,2.4849066497880004,0.6931471805599453,5.514718236994854,0,New/Occasional
13350,16,2,979.12,2.833213344056216,1.0986122886681098,6.887675013147945,0,New/Occasional
13351,66,1,373.94,4.204692619390966,0.6931471805599453,5.926766013169045,0,New/Occasional
13352,60,1,397.98,4.110873864173311,0.6931471805599453,5.988911290320265,0,New/Occasional
13354,71,1,743.53,4.276666119016055,0.6931471805599453,6.612753146812557,0,New/Occasional
13355,122,1,674.7,4.812184355372417,0.6931471805599453,6.515749190558129,0,New/Occasional
13356,80,1,768.24,4.394449154672439,0.6931471805599453,6.645403014442647,0,New/Occasional
13357,257,5,3838.36,5.552959584921617,1.791759469228055,8.253060965024673,4,At Risk
13358,269,1,439.03000000000003,5.598421958998375,0.6931471805599453,6.086842906406214,2,Lost/Churned
13359,64,2,1043.31,4.174387269895637,1.0986122886681098,6.951111659232052,0,New/Occasional
13360,432,4,1553.65,6.07073772800249,1.6094379124341003,7.349005718893091,4,At Risk
13361,472,2,1450.5,6.159095388491933,1.0986122886681098,7.280352783464685,4,At Risk
13362,9,7,5394.07,2.302585092994046,2.0794415416798357,8.593240852584891,3,Loyal Customers
13363,18,3,1723.8600000000001,2.9444389791664403,1.3862943611198906,7.452901166751566,3,Loyal Customers
13364,71,1,134.96,4.276666119016055,0.6931471805599453,4.9123607248279155,0,New/Occasional
13365,34,2,2225.37,3.5553480614894135,1.0986122886681098,7.708127735453272,0,New/Occasional
13366,50,1,56.16,3.9318256327243257,0.6931471805599453,4.045854353061666,0,New/Occasional
13367,432,1,510.2,6.07073772800249,0.6931471805599453,6.236760903063325,2,Lost/Churned
13368,257,4,1121.5,5.552959584921617,1.6094379124341003,7.02331361961641,4,At Risk
13369,366,1,616.5600000000001,5.905361848054571,0.6931471805599453,6.425776229773726,2,Lost/Churned
13370,372,1,1509.74,5.921578419643816,0.6931471805599453,7.320354875990901,4,At Risk
13371,505,2,2297.66,6.226536669287466,1.0986122886681098,7.740081623439195,4,At Risk
13372,90,1,378.64,4.51085950651685,0.6931471805599453,5.939223435262291,0,New/Occasional
13373,61,6,7587.1900000000005,4.127134385045092,1.9459101490553132,8.934348370277531,1,Big Spenders
13374,415,2,422.8,6.030685260261263,1.0986122886681098,6.049261645834199,2,Lost/Churned
13375,89,2,1792.23,4.499809670330265,1.0986122886681098,7.491773742009734,4,At Risk
13376,99,3,1019.76,4.605170185988092,1.3862943611198906,6.928302726869797,4,At Risk
13377,397,2,1552.88,5.986452005284438,1.0986122886681098,7.348510307868749,4,At Risk
13379,26,3,572.56,3.295836866004329,1.3862943611198906,6.351862551846838,0,New/Occasional
13380,433,1,62.4,6.073044534100405,0.6931471805599453,4.14946386144318,2,Lost/Churned
13381,32,12,8224.37,3.4965075614664802,2.5649493574615367,9.014978559424218,1,Big Spenders
13382,281,5,1387.58,5.641907070938114,1.791759469228055,7.236036921219625,4,At Risk
13383,544,1,305.28000000000003,6.300785794663244,0.6931471805599453,5.724499716244923,2,Lost/Churned
13384,31,11,6680.83,3.4657359027997265,2.4849066497880004,8.807147181108476,1,Big Spenders
13385,330,1,534.57,5.802118375377063,0.6931471805599453,6.283331600299074,2,Lost/Churned
13386,414,2,835.46,6.028278520230698,1.0986122886681098,6.729178700993051,4,At Risk
13387,417,1,189.44,6.035481432524756,0.6931471805599453,5.249337184326318,2,Lost/Churned
13388,131,3,1185.65,4.882801922586371,1.3862943611198906,7.0788894901355155,4,At Risk
13389,11,3,797.96,2.4849066497880004,1.3862943611198906,6.683310881934879,0,New/Occasional
13390,75,1,544.08,4.330733340286331,0.6931471805599453,6.30093257288162,0,New/Occasional
13391,204,1,59.8,5.3230099791384085,0.6931471805599453,4.107589788972121,2,Lost/Churned
13392,677,1,91.14,6.519147287940395,0.6931471805599453,4.523309159507771,2,Lost/Churned
13393,584,4,1131.45,6.371611847231857,1.6094379124341003,7.032138706272169,4,At Risk
13394,2,19,6621.7,1.0986122886681098,2.995732273553991,8.798258420765713,5,Champions
13395,185,3,1180.23,5.225746673713202,1.3862943611198906,7.074311547447687,4,At Risk
13396,29,2,1360.99,3.4011973816621555,1.0986122886681098,7.216702144538598,0,New/Occasional
13397,73,10,3191.87,4.30406509320417,2.3978952727983707,8.068675477823932,1,Big Spenders
13398,192,2,670.34,5.262690188904886,1.0986122886681098,6.509275715047685,4,At Risk
13399,464,3,275.4,6.142037405587356,1.3862943611198906,5.621849091893515,2,Lost/Churned
13400,583,1,310.83,6.369900982828227,0.6931471805599453,5.742458167518031,2,Lost/Churned
13402,127,4,1535.13,4.852030263919617,1.6094379124341003,7.3370215455429095,4,At Risk
13403,18,3,229.5,2.9444389791664403,1.3862943611198906,5.440250862436703,0,New/Occasional
13404,1,2,252.49,0.6931471805599453,1.0986122886681098,5.5353243745214,0,New/Occasional
13405,74,6,1213.811,4.31748811353631,1.9459101490553132,7.1023437881190725,1,Big Spenders
13406,427,2,568.92,6.059123195581797,1.0986122886681098,6.3454960001012966,4,At Risk
13407,579,3,2244.7,6.363028103540465,1.3862943611198906,7.7167725555844955,4,At Risk
13408,2,106,51733.462,1.0986122886681098,4.672828834461906,10.853879414835468,5,Champions
13410,24,9,2201.96,3.2188758248682006,2.302585092994046,7.697557189578945,3,Loyal Customers
13411,107,1,213.55,4.68213122712422,0.6931471805599453,5.368542811437534,2,Lost/Churned
13412,620,1,487.35,6.431331081933479,0.6931471805599453,6.191032361893486,2,Lost/Churned
13413,640,6,429.44,6.46302945692067,1.9459101490553132,6.064807941332192,4,At Risk
13414,134,6,2494.14,4.90527477843843,1.9459101490553132,7.822100118835836,1,Big Spenders
13415,473,4,800.67,6.161207321695077,1.6094379124341003,6.686697051867266,4,At Risk
13416,44,3,940.8000000000001,3.8066624897703196,1.3862943611198906,6.847792937809454,0,New/Occasional
13417,5,6,1669.49,1.791759469228055,1.9459101490553132,7.420872275547227,3,Loyal Customers
13418,12,31,12233.6,2.5649493574615367,3.4657359027997265,9.412023282248757,5,Champions
13419,64,1,221.06,4.174387269895637,0.6931471805599453,5.40294761562612,0,New/Occasional
13420,150,2,159.85,5.017279836814924,1.0986122886681098,5.080472253685035,2,Lost/Churned
13421,40,8,4103.12,3.713572066704308,2.1972245773362196,8.319746626189215,1,Big Spenders
13422,64,1,2626.3,4.174387269895637,0.6931471805599453,7.8737119818711125,4,At Risk
13423,429,1,217.03,6.063785208687608,0.6931471805599453,5.3846326679999565,2,Lost/Churned
13424,450,1,572.77,6.111467339502679,0.6931471805599453,6.352228619155015,2,Lost/Churned
13425,108,5,3403.63,4.6913478822291435,1.791759469228055,8.132891548949473,1,Big Spenders
13426,1,22,8167.38,0.6931471805599453,3.1354942159291497,9.00802588177899,5,Champions
13427,19,6,1006.53,2.995732273553991,1.9459101490553132,6.915257070052459,3,Loyal Customers
13428,10,3,499.98,2.3978952727983707,1.3862943611198906,6.216566180128353,0,New/Occasional
13429,11,4,1006.8,2.4849066497880004,1.6094379124341003,6.915525016246498,3,Loyal Customers
13430,19,2,679.45,2.995732273553991,1.0986122886681098,6.5227543440063265,0,New/Occasional
13431,67,8,3316.2400000000002,4.219507705176107,2.1972245773362196,8.106888390866821,1,Big Spenders
13432,571,2,439.1,6.349138991379798,1.0986122886681098,6.0870019738170456,2,Lost/Churned
13433,501,4,658.32,6.218600119691729,1.6094379124341003,6.491209000863155,4,At Risk
13434,74,5,1666.8600000000001,4.31748811353631,1.791759469228055,7.419296646542416,1,Big Spenders
13435,5,9,4475.2300000000005,1.791759469228055,2.302585092994046,8.40653645327697,3,Loyal Customers
13436,2,1,196.89,1.0986122886681098,0.6931471805599453,5.287711320760812,0,New/Occasional
13437,14,7,3408.06,2.70805020110221,2.0794415416798357,8.134191872452362,3,Loyal Customers
13438,547,1,46.5,6.306275286948016,0.6931471805599453,3.8607297110405954,2,Lost/Churned
13439,255,3,986.61,5.545177444479562,1.3862943611198906,6.895287882976667,4,At Risk
13440,423,7,1295.25,6.049733455231958,2.0794415416798357,7.167230759543737,4,At Risk
13441,92,2,720.9,4.532599493153256,1.0986122886681098,6.581886625145115,0,New/Occasional
13442,667,3,419.87,6.504288173536645,1.3862943611198906,6.042323997398791,4,At Risk
13443,449,6,1280.16,6.1092475827643655,1.9459101490553132,7.155521196517061,4,At Risk
13444,374,2,631.68,5.926926025970411,1.0986122886681098,6.449964765095288,4,At Risk
13445,626,1,241.89999999999998,6.440946540632921,0.6931471805599453,5.492649836008127,2,Lost/Churned
13446,430,11,3881.89,6.066108090103747,2.4849066497880004,8.264335000718507,1,Big Spenders
13447,23,3,1129.14,3.1780538303479458,1.3862943611198906,7.030096797837492,0,New/Occasional
13448,17,13,9240.87,2.8903717578961645,2.6390573296152584,9.131499525111849,5,Champions
13449,24,1,291.88,3.2188758248682006,0.6931471805599453,5.679762968811981,0,New/Occasional
13450,27,13,4120.04,3.332204510175204,2.6390573296152584,8.323860837673656,1,Big Spenders
13451,26,11,7190.92,3.295836866004329,2.4849066497880004,8.880713452619068,1,Big Spenders
13452,259,3,729.8,5.560681631015528,1.3862943611198906,6.594139824503851,4,At Risk
13453,166,3,781.69,5.117993812416755,1.3862943611198906,6.662736704441964,4,At Risk
13454,641,1,219.87,6.464588303689961,0.6931471805599453,5.397574293145378,2,Lost/Churned
13455,25,6,2905.93,3.258096538021482,1.9459101490553132,7.974852820461591,3,Loyal Customers
13456,18,6,1766.72,2.9444389791664403,1.9459101490553132,7.477445859614847,3,Loyal Customers
13457,689,2,148.22,6.536691597591305,1.0986122886681098,5.005421727043368,2,Lost/Churned
13458,7,16,11959.27,2.0794415416798357,2.833213344056216,9.389345602500642,5,Champions
13459,625,2,1160.41,6.439350371100098,1.0986122886681098,7.057390063198797,4,At Risk
13460,29,2,183.44,3.4011973816621555,1.0986122886681098,5.217324207338505,0,New/Occasional
13461,39,6,4160.0,3.6888794541139363,1.9459101490553132,8.333510708982942,1,Big Spenders
13462,253,5,1153.8500000000001,5.537334267018537,1.791759469228055,7.051725744392169,4,At Risk
13464,58,6,3097.64,4.07753744390572,1.9459101490553132,8.038718584534573,1,Big Spenders
13465,446,2,931.12,6.102558594613569,1.0986122886681098,6.8374615617621375,4,At Risk
13466,184,5,1013.35,5.220355825078324,1.791759469228055,6.9220032922473385,4,At Risk
13467,11,2,1083.71,2.4849066497880004,1.0986122886681098,6.989067949142608,0,New/Occasional
13468,2,72,13390.51,1.0986122886681098,4.290459441148391,9.502376203051499,5,Champions
13469,653,1,82.4,6.483107351457199,0.6931471805599453,4.423648309364701,2,Lost/Churned
13470,99,2,165.0,4.605170185988092,1.0986122886681098,5.111987788356544,2,Lost/Churned
13471,1,4,2531.58,0.6931471805599453,1.6094379124341003,7.836993824962504,3,Loyal Customers
13472,464,2,592.24,6.142037405587356,1.0986122886681098,6.385599038873762,4,At Risk
13473,61,8,2657.76,4.127134385045092,2.1972245773362196,7.8856151276733355,1,Big Spenders
13474,236,3,663.79,5.4680601411351315,1.3862943611198906,6.4994712013101745,4,At Risk
13475,191,4,1431.78,5.2574953720277815,1.6094379124341003,7.2673718919667785,4,At Risk
13476,179,5,2061.4700000000003,5.19295685089021,1.791759469228055,7.631659572648505,4,At Risk
13477,38,11,2834.17,3.6635616461296463,2.4849066497880004,7.949857179090672,1,Big Spenders
13478,469,5,2215.78,6.152732694704104,1.791759469228055,7.703810971494357,4,At Risk
13479,201,4,851.37,5.308267697401205,1.6094379124341003,6.748020704860861,4,At Risk
13480,417,2,627.82,6.035481432524756,1.0986122886681098,6.443845047224953,4,At Risk
13481,46,11,3830.84,3.8501476017100584,2.4849066497880004,8.251100384565598,1,Big Spenders
13482,232,2,336.09,5.4510384535657,1.0986122886681098,5.82034995701211,2,Lost/Churned
13483,66,1,140.34,4.204692619390966,0.6931471805599453,4.951168335262708,0,New/Occasional
13484,241,3,790.72,5.488937726156687,1.3862943611198906,6.674207793952535,4,At Risk
13485,233,11,3019.2200000000003,5.455321115357702,2.4849066497880004,8.01308495539777,1,Big Spenders
13486,78,3,1122.41,4.3694478524670215,1.3862943611198906,7.024123981607583,4,At Risk
13487,58,5,846.87,4.07753744390572,1.791759469228055,6.742727322153176,4,At Risk
13488,17,23,15587.880000000001,2.8903717578961645,3.1780538303479458,9.65431311854747,5,Champions
13489,105,4,449.52,4.663439094112067,1.6094379124341003,6.110402471179496,4,At Risk
13490,654,1,154.25,6.484635235635252,0.6931471805599453,5.045036720813588,2,Lost/Churned
13491,52,27,4566.56,3.970291913552122,3.332204510175204,8.42673442445488,1,Big Spenders
13492,136,3,1269.84,4.919980925828125,1.3862943611198906,7.147433378135437,4,At Risk
13493,275,2,618.63,5.62040086571715,1.0986122886681098,6.429122525704993,4,At Risk
13494,312,1,316.26000000000005,5.746203190540153,0.6931471805599453,5.759721626980309,2,Lost/Churned
13495,8,10,5374.26,2.1972245773362196,2.3978952727983707,8.589562223918994,3,Loyal Customers
13496,11,2,653.33,2.4849066497880004,1.0986122886681098,6.483611811351871,0,New/Occasional
13497,283,6,1320.3300000000002,5.648974238161206,1.9459101490553132,7.186394084074248,4,At Risk
13498,730,1,327.38,6.594413459749778,0.6931471805599453,5.794171474383882,2,Lost/Churned
13499,18,5,1159.1100000000001,2.9444389791664403,1.791759469228055,7.056270107190766,3,Loyal Customers
13500,23,4,1466.3,3.1780538303479458,1.6094379124341003,7.291179256213421,3,Loyal Customers
13501,288,3,2885.11,5.666426688112432,1.3862943611198906,7.967664853645572,4,At Risk
13502,17,5,780.5,2.8903717578961645,1.791759469228055,6.6612151498615315,3,Loyal Customers
13503,71,6,1905.39,4.276666119016055,1.9459101490553132,7.552966680281895,1,Big Spenders
13504,64,1,295.93,4.174387269895637,0.6931471805599453,5.693496420787701,0,New/Occasional
13505,73,4,4393.63,4.30406509320417,1.6094379124341003,8.388138619999735,1,Big Spenders
13506,316,5,1639.2,5.75890177387728,1.791759469228055,7.402573464602311,4,At Risk
13507,3,4,2479.16,1.3862943611198906,1.6094379124341003,7.816078353206984,3,Loyal Customers
13508,244,2,287.05,5.501258210544727,1.0986122886681098,5.663134076178392,2,Lost/Churned
13509,9,8,1114.72,2.302585092994046,2.1972245773362196,7.017255215404227,3,Loyal Customers
13510,1,11,4558.29,0.6931471805599453,2.4849066497880004,8.42492218863127,3,Loyal Customers
13511,677,1,282.76,6.519147287940395,0.6931471805599453,5.648128810465367,2,Lost/Churned
13512,261,4,713.39,5.568344503761097,1.6094379124341003,6.571429031703961,4,At Risk
13513,127,3,824.59,4.852030263919617,1.3862943611198906,6.716098282250842,4,At Risk
13514,74,4,815.9000000000001,4.31748811353631,1.6094379124341003,6.705516688347823,4,At Risk
13515,73,6,1265.82,4.30406509320417,1.9459101490553132,7.1442651023516675,1,Big Spenders
13516,21,4,1685.26,3.091042453358316,1.6094379124341003,7.430268337823136,3,Loyal Customers
13517,60,3,2128.42,4.110873864173311,1.3862943611198906,7.663604921153483,4,At Risk
13518,86,1,659.44,4.465908118654584,0.6931471805599453,6.492906279563631,0,New/Occasional
13519,78,2,343.21,4.3694478524670215,1.0986122886681098,5.8412519362316475,0,New/Occasional
13520,59,11,6909.4,4.0943445622221,2.4849066497880004,8.840782802206437,1,Big Spenders
13521,1,3,1093.65,0.6931471805599453,1.3862943611198906,6.998189956453345,3,Loyal Customers
13522,30,1,125.80000000000001,3.4339872044851463,0.6931471805599453,4.842611042003125,0,New/Occasional
13523,33,6,5101.52,3.5263605246161616,1.9459101490553132,8.53748981432355,1,Big Spenders
13524,41,5,680.1800000000001,3.7376696182833684,1.791759469228055,6.523826588404497,0,New/Occasional
13525,15,2,628.78,2.772588722239781,1.0986122886681098,6.445370552049637,0,New/Occasional
13526,738,2,1182.0,6.6052979209482015,1.0986122886681098,7.075808863978387,4,At Risk
13527,34,12,4683.74,3.5553480614894135,2.5649493574615367,8.452065696867873,1,Big Spenders
13529,79,2,307.76,4.382026634673881,1.0986122886681098,5.732564276081653,0,New/Occasional
13530,634,1,402.98,6.453624998892692,0.6931471805599453,6.001365371785244,2,Lost/Churned
13531,205,6,1738.52,5.327876168789581,1.9459101490553132,7.461364492082669,4,At Risk
13532,34,1,210.31,3.5553480614894135,0.6931471805599453,5.353326249578836,0,New/Occasional
13533,183,3,270.79,5.214935757608986,1.3862943611198906,5.605029709281564,2,Lost/Churned
13534,2,35,7720.900000000001,1.0986122886681098,3.58351893845611,8.95181572672738,5,Champions
13535,403,1,89.5,6.0014148779611505,0.6931471805599453,4.505349850705881,2,Lost/Churned
13536,1,7,3448.29,0.6931471805599453,2.0794415416798357,8.145923691744827,3,Loyal Customers
13537,426,2,717.85,6.056784013228625,1.0986122886681098,6.577652712868601,4,At Risk
13538,43,12,3112.73,3.784189633918261,2.5649493574615367,8.043576643432518,1,Big Spenders
13539,86,7,1569.36,4.465908118654584,2.0794415416798357,7.35906017142033,1,Big Spenders
13540,467,3,632.39,6.148468295917647,1.3862943611198906,6.451086346168101,4,At Risk
13541,427,2,785.25,6.059123195581797,1.0986122886681098,6.667274808014651,4,At Risk
13542,377,17,4006.17,5.934894195619588,2.8903717578961645,8.295840535491127,1,Big Spenders
13543,634,2,1439.61,6.453624998892692,1.0986122886681098,7.272821913983301,4,At Risk
13544,40,6,829.0,3.713572066704308,1.9459101490553132,6.721425700790643,3,Loyal Customers
13545,391,2,374.64,5.971261839790462,1.0986122886681098,5.928631237936413,2,Lost/Churned
13546,12,5,1092.14,2.5649493574615367,1.791759469228055,6.9968095678056486,3,Loyal Customers
13547,408,1,175.53,6.013715156042802,0.6931471805599453,5.173490833601192,2,Lost/Churned
13548,96,3,908.99,4.574710978503383,1.3862943611198906,6.813433610439527,4,At Risk
13549,26,8,1005.8000000000001,3.295836866004329,2.1972245773362196,6.914532263261161,3,Loyal Customers
13550,383,1,349.51,5.950642552587727,0.6931471805599453,5.8593892367381235,2,Lost/Churned
13551,319,2,244.2,5.768320995793772,1.0986122886681098,5.5020742040620565,2,Lost/Churned
13552,66,22,6978.92,4.204692619390966,3.1354942159291497,8.850792734372686,1,Big Spenders
13553,675,1,517.8,6.516193076042964,0.6931471805599453,6.251518452442289,2,Lost/Churned
13554,380,7,1638.28,5.942799375126701,2.0794415416798357,7.402012400028577,4,At Risk
13555,74,13,8999.19,4.31748811353631,2.6390573296152584,9.105000967206632,1,Big Spenders
13556,429,2,200.82,6.063785208687608,1.0986122886681098,5.307376211036383,2,Lost/Churned
13557,28,13,3032.26,3.367295829986474,2.6390573296152584,8.017393227720415,1,Big Spenders
13558,6,4,605.06,1.9459101490553132,1.6094379124341003,6.406978991069148,3,Loyal Customers
13559,513,2,990.0,6.2422232654551655,1.0986122886681098,6.898714534329988,4,At Risk
13560,7,1,174.37,2.0794415416798357,0.6931471805599453,5.166898027681201,0,New/Occasional
13561,216,11,1820.72,5.37989735354046,2.4849066497880004,7.507536388732624,1,Big Spenders
13562,82,8,4838.18,4.418840607796598,2.1972245773362196,8.484500563869632,1,Big Spenders
13563,84,2,777.53,4.442651256490317,1.0986122886681098,6.657407526177046,0,New/Occasional
13564,144,37,17249.55,4.976733742420574,3.6375861597263857,9.755599306009191,5,Champions
13565,19,3,414.8,2.995732273553991,1.3862943611198906,6.030204375423913,0,New/Occasional
13566,41,5,1708.1200000000001,3.7376696182833684,1.791759469228055,7.4437338971514055,1,Big Spenders
13567,428,4,1083.69,6.061456918928017,1.6094379124341003,6.989049510864743,4,At Risk
13568,173,1,192.85,5.159055299214529,0.6931471805599453,5.267084664116938,2,Lost/Churned
13569,17,4,893.78,2.8903717578961645,1.6094379124341003,6.796577878002746,3,Loyal Customers
13570,243,1,239.49,5.497168225293202,0.6931471805599453,5.482678508639762,2,Lost/Churned
13571,13,26,4546.54,2.6390573296152584,3.295836866004329,8.422341706395374,5,Champions
13572,206,1,1384.25,5.332718793265369,0.6931471805599453,7.233635907747459,4,At Risk
13573,50,6,916.47,3.9318256327243257,1.9459101490553132,6.821619881846465,1,Big Spenders
13574,411,1,421.25,6.021023349349527,0.6931471805599453,6.04559755568791,2,Lost/Churned
13575,23,5,732.07,3.1780538303479458,1.791759469228055,6.597241195280628,3,Loyal Customers
13576,10,28,11551.74,2.3978952727983707,3.367295829986474,9.354677917252715,5,Champions
13577,25,11,3489.28,3.258096538021482,2.4849066497880004,8.157737241204641,1,Big Spenders
13578,409,1,147.66,6.016157159698354,0.6931471805599453,5.001661819297148,2,Lost/Churned
13579,15,5,1539.04,2.772588722239781,1.791759469228055,7.3395636690963295,3,Loyal Customers
13580,406,1,107.75,6.008813185442595,0.6931471805599453,4.689051669968793,2,Lost/Churned
13581,309,2,280.53000000000003,5.736572297479192,1.0986122886681098,5.640239013837417,2,Lost/Churned
13582,390,2,241.68,5.968707559985366,1.0986122886681098,5.491743703074097,2,Lost/Churned
13583,156,2,1445.031,5.056245805348308,1.0986122886681098,7.276577840939809,4,At Risk
13584,307,3,392.45,5.730099782973574,1.3862943611198906,5.974953994980992,4,At Risk
13585,531,3,684.54,6.2766434893416445,1.3862943611198906,6.530206848868181,4,At Risk
13586,541,1,131.53,6.295266001439646,0.6931471805599453,4.886809034892587,2,Lost/Churned
13587,64,4,1673.5,4.174387269895637,1.6094379124341003,7.423269892234259,4,At Risk
13588,16,9,2478.95,2.833213344056216,2.302585092994046,7.815993677665464,3,Loyal Customers
13589,15,6,1120.74,2.772588722239781,1.9459101490553132,7.022636330174057,3,Loyal Customers
13590,11,18,6349.59,2.4849066497880004,2.9444389791664403,8.756303000956382,5,Champions
13591,65,7,2093.94,4.189654742026425,2.0794415416798357,7.647280192327978,1,Big Spenders
13592,36,4,247.95999999999998,3.6109179126442243,1.6094379124341003,5.5172922409900265,0,New/Occasional
13593,108,14,5523.6900000000005,4.6913478822291435,2.70805020110221,8.616982416214523,1,Big Spenders
13594,53,2,533.32,3.9889840465642745,1.0986122886681098,6.28099491041738,0,New/Occasional
13595,517,3,818.22,6.249975242259483,1.3862943611198906,6.708352668049725,4,At Risk
13596,6,2,697.04,1.9459101490553132,1.0986122886681098,6.54827640771067,0,New/Occasional
13597,400,2,396.71,5.993961427306569,1.0986122886681098,5.985723096478868,2,Lost/Churned
13598,47,5,789.59,3.871201010907891,1.791759469228055,6.672779502161291,0,New/Occasional
13599,1,33,10167.630000000001,0.6931471805599453,3.5263605246161616,9.227062770037238,5,Champions
13600,312,2,518.42,5.746203190540153,1.0986122886681098,6.252712804455737,4,At Risk
13601,45,4,1185.14,3.828641396489095,1.6094379124341003,7.078459616435901,0,New/Occasional
13602,65,4,1025.17,4.189654742026425,1.6094379124341003,6.933588704013108,4,At Risk
13603,26,1,164.34,3.295836866004329,0.6931471805599453,5.108003959824529,0,New/Occasional
13604,659,1,717.62,6.492239835020471,0.6931471805599453,6.5773327061874705,2,Lost/Churned
13605,387,2,522.67,5.961005339623274,1.0986122886681098,6.260861714939627,4,At Risk
13606,29,3,280.54,3.4011973816621555,1.3862943611198906,5.640274533399819,0,New/Occasional
13607,40,2,1078.31,3.713572066704308,1.0986122886681098,6.984077227052902,0,New/Occasional
13608,541,1,236.2,6.295266001439646,0.6931471805599453,5.468903667123571,2,Lost/Churned
13609,593,1,167.35,6.386879319362645,0.6931471805599453,5.126045145607083,2,Lost/Churned
13610,12,14,2175.88,2.5649493574615367,2.70805020110221,7.685647937988142,3,Loyal Customers
13611,89,10,3319.53,4.499809670330265,2.3978952727983707,8.107879687723873,1,Big Spenders
13612,633,1,818.29,6.452048954437226,0.6931471805599453,6.708438111531965,2,Lost/Churned
13613,453,5,1039.8500000000001,6.118097198041348,1.791759469228055,6.947792966013668,4,At Risk
13614,24,6,2359.19,3.2188758248682006,1.9459101490553132,7.766497403253599,3,Loyal Customers
13615,319,8,6272.53,5.768320995793772,2.1972245773362196,8.744094473607927,1,Big Spenders
13616,568,2,288.1,6.343880434126331,1.0986122886681098,5.666772649022301,2,Lost/Churned
13617,40,8,1278.75,3.713572066704308,2.1972245773362196,7.154420025337693,1,Big Spenders
13618,174,1,177.34,5.1647859739235145,0.6931471805599453,5.183691840706733,2,Lost/Churned
13619,545,2,231.69,6.302618975744905,1.0986122886681098,5.449707095598856,2,Lost/Churned
13620,528,1,112.34,6.270988431858299,0.6931471805599453,4.730392150741473,2,Lost/Churned
13621,117,1,213.85,4.770684624465665,0.6931471805599453,5.3699401102210045,2,Lost/Churned
13622,696,1,658.95,6.546785410760524,0.6931471805599453,6.492164074574964,2,Lost/Churned
13623,31,10,2566.49,3.4657359027997265,2.3978952727983707,7.850684046955791,1,Big Spenders
13624,388,1,462.08,5.963579343618446,0.6931471805599453,6.137899825337528,2,Lost/Churned
13625,597,1,301.26,6.393590753950631,0.6931471805599453,5.711287574141974,2,Lost/Churned
13626,253,2,707.04,5.537334267018537,1.0986122886681098,6.562500589272956,4,At Risk
13627,59,7,2245.9,4.0943445622221,2.0794415416798357,7.717306767412185,1,Big Spenders
13628,676,1,310.14,6.517671272912275,0.6931471805599453,5.740242971658976,2,Lost/Churned
13629,23,19,13370.86,3.1780538303479458,2.995732273553991,9.500907777847132,5,Champions
13630,5,7,2031.78,1.791759469228055,2.0794415416798357,7.617159593311352,3,Loyal Customers
13631,100,11,3070.42,4.61512051684126,2.4849066497880004,8.029895274358873,1,Big Spenders
13632,25,8,3648.15,3.258096538021482,2.1972245773362196,8.202249542744216,1,Big Spenders
13634,33,16,5073.47,3.5263605246161616,2.833213344056216,8.531977364958895,1,Big Spenders
13635,68,4,2999.16,4.23410650459726,1.6094379124341003,8.006420899561409,1,Big Spenders
13636,37,5,949.12,3.6375861597263857,1.791759469228055,6.856588292406893,3,Loyal Customers
13637,52,3,810.5,3.970291913552122,1.3862943611198906,6.698884386954646,0,New/Occasional
13638,16,1,122.64,2.833213344056216,0.6931471805599453,4.817374117263916,0,New/Occasional
13639,74,2,1346.27,4.31748811353631,1.0986122886681098,7.20583560175816,4,At Risk
13640,611,1,405.0,6.416732282512326,0.6931471805599453,6.0063531596017325,2,Lost/Churned
13641,641,5,1016.47,6.464588303689961,1.791759469228055,6.925074432852604,4,At Risk
13642,216,4,514.72,5.37989735354046,1.6094379124341003,6.245563982542637,4,At Risk
13643,31,10,2156.77,3.4657359027997265,2.3978952727983707,7.676830559971189,1,Big Spenders
13644,16,4,2624.26,2.833213344056216,1.6094379124341003,7.87293521773988,3,Loyal Customers
13645,120,1,252.1,4.795790545596741,0.6931471805599453,5.533784667551078,2,Lost/Churned
13646,400,2,326.25,5.993961427306569,1.0986122886681098,5.7907244047900095,2,Lost/Churned
13647,10,8,3071.68,2.3978952727983707,2.1972245773362196,8.03030542393901,3,Loyal Customers
13648,400,8,1764.02,5.993961427306569,2.1972245773362196,7.475917300747956,4,At Risk
13649,257,6,1678.88,5.552959584921617,1.9459101490553132,7.426477641274734,4,At Risk
13650,17,10,3288.0,2.8903717578961645,2.3978952727983707,8.098338846189057,3,Loyal Customers
13651,35,3,226.85,3.58351893845611,1.3862943611198906,5.428687517709892,0,New/Occasional
13652,46,5,2570.85,3.8501476017100584,1.791759469228055,7.85238076328356,1,Big Spenders
13653,488,1,152.2,6.192362489474872,0.6931471805599453,5.0317442573064906,2,Lost/Churned
13654,43,11,6308.0,3.784189633918261,2.4849066497880004,8.74973246437081,1,Big Spenders
13655,114,6,2280.51,4.74493212836325,1.9459101490553132,7.7325927834391575,1,Big Spenders
13656,165,4,1078.85,5.111987788356544,1.6094379124341003,6.984577421583421,4,At Risk
13657,11,2,382.14,2.4849066497880004,1.0986122886681098,5.948400457636955,0,New/Occasional
13658,10,9,6025.5,2.3978952727983707,2.302585092994046,8.703921690028398,3,Loyal Customers
13659,206,12,4894.88,5.332718793265369,2.5649493574615367,8.49614931408787,1,Big Spenders
13660,400,1,314.59,5.993961427306569,0.6931471805599453,5.754443902791644,2,Lost/Churned
13661,603,1,325.24,6.403574197934815,0.6931471805599453,5.787633306826145,2,Lost/Churned
13662,86,11,2250.11,4.465908118654584,2.4849066497880004,7.719178706882918,1,Big Spenders
13663,179,5,2047.51,5.19295685089021,1.791759469228055,7.6248679785957085,4,At Risk
13665,386,3,1711.66,5.958424693029782,1.3862943611198906,7.4458029964289425,4,At Risk
13666,60,5,127.9,4.110873864173311,1.791759469228055,4.859036909945142,0,New/Occasional
13667,149,1,305.02,5.0106352940962555,0.6931471805599453,5.723650459293667,2,Lost/Churned
13668,3,35,13089.94,1.3862943611198906,3.58351893845611,9.479675666868092,5,Champions
13669,51,3,413.55,3.9512437185814275,1.3862943611198906,6.0271935945622275,0,New/Occasional
13670,75,1,349.7,4.330733340286331,0.6931471805599453,5.859931157146132,0,New/Occasional
13671,395,1,194.95,5.981414211254481,0.6931471805599453,5.27785952464564,2,Lost/Churned
13672,301,3,419.92,5.71042701737487,1.3862943611198906,6.042442791872611,4,At Risk
13673,19,2,396.92,2.995732273553991,1.0986122886681098,5.986250980055095,0,New/Occasional
13674,433,1,240.68,6.073044534100405,0.6931471805599453,5.487614537078416,2,Lost/Churned
13675,151,2,486.82000000000005,5.0238805208462765,1.0986122886681098,6.189946485351331,4,At Risk
13676,539,2,243.9,6.29156913955832,1.0986122886681098,5.500849963958122,2,Lost/Churned
13677,405,2,556.1899999999999,6.0063531596017325,1.0986122886681098,6.32290629486736,4,At Risk
13678,152,1,232.6,5.030437921392435,0.6931471805599453,5.453610250954072,2,Lost/Churned
13679,494,3,281.26,6.20455776256869,1.3862943611198906,5.642828631985861,2,Lost/Churned
13680,1,12,11435.67,0.6931471805599453,2.5649493574615367,9.34458013864456,5,Champions
13681,18,4,827.83,2.9444389791664403,1.6094379124341003,6.720015067761323,3,Loyal Customers
13682,187,1,59.5,5.236441962829949,0.6931471805599453,4.102643365036796,2,Lost/Churned
13683,458,1,258.6,6.129050210060545,0.6931471805599453,5.559141984829935,2,Lost/Churned
13684,286,4,596.98,5.659482215759621,1.6094379124341003,6.393557308575288,4,At Risk
13685,3,7,3119.44,1.3862943611198906,2.0794415416798357,8.045729296501372,3,Loyal Customers
13686,183,3,409.04,5.214935757608986,1.3862943611198906,6.016254715915201,4,At Risk
13687,438,1,11880.84,6.0844994130751715,0.6931471805599453,9.382766463078516,4,At Risk
13688,635,1,375.5,6.455198563340122,0.6931471805599453,5.930918047239948,2,Lost/Churned
13689,63,2,1259.5,4.1588830833596715,1.0986122886681098,7.139263746627974,0,New/Occasional
13690,59,1,172.25,4.0943445622221,0.6931471805599453,5.1547356380700124,0,New/Occasional
13691,396,1,212.78,5.983936280687191,0.6931471805599453,5.3649474488457995,2,Lost/Churned
13692,25,5,3114.4,3.258096538021482,1.791759469228055,8.044112833892505,3,Loyal Customers
13693,374,9,2011.8200000000002,5.926926025970411,2.302585092994046,7.607292002863751,1,Big Spenders
13694,4,143,196482.81,1.6094379124341003,4.969813299576001,12.18833531503955,5,Champions
13695,31,16,2770.73,3.4657359027997265,2.833213344056216,7.92722695296845,1,Big Spenders
13696,422,3,2020.4,6.0473721790462776,1.3862943611198906,7.611545619640562,4,At Risk
13697,39,1,151.3,3.6888794541139363,0.6931471805599453,5.025852259901116,0,New/Occasional
13698,597,2,465.53000000000003,6.393590753950631,1.0986122886681098,6.145322326901356,2,Lost/Churned
13699,155,2,764.15,5.049856007249537,1.0986122886681098,6.640071893037045,4,At Risk
13700,26,13,2613.46,3.295836866004329,2.6390573296152584,7.868812854218742,1,Big Spenders
13701,447,1,161.0,6.104793232414985,0.6931471805599453,5.087596335232384,2,Lost/Churned
13702,446,1,135.18,6.102558594613569,0.6931471805599453,4.9139775400548205,2,Lost/Churned
13703,318,2,425.56,5.765191102784844,1.0986122886681098,6.055753036990344,2,Lost/Churned
13704,5,9,2308.06,1.791759469228055,2.302585092994046,7.744595794291895,3,Loyal Customers
13705,8,7,2035.33,2.1972245773362196,2.0794415416798357,7.618904447051197,3,Loyal Customers
13706,303,2,631.1700000000001,5.717027701406222,1.0986122886681098,6.449158345318021,4,At Risk
13707,267,5,3365.86,5.5909869805108565,1.791759469228055,8.12173583825502,4,At Risk
13708,271,1,296.88,5.605802066295998,0.6931471805599453,5.696690720842445,2,Lost/Churned
13709,4,18,7591.75,1.6094379124341003,2.9444389791664403,8.934949123608634,5,Champions
13710,32,3,509.52,3.4965075614664802,1.3862943611198906,6.23542981411449,0,New/Occasional
13711,219,9,1792.26,5.393627546352362,2.302585092994046,7.4917904714583035,1,Big Spenders
13712,247,2,766.42,5.5134287461649825,1.0986122886681098,6.643034239500869,4,At Risk
13713,408,3,743.26,6.013715156042802,1.3862943611198906,6.612390436150933,4,At Risk
13714,465,1,161.35,6.144185634125646,0.6931471805599453,5.089754498548855,2,Lost/Churned
13715,281,17,8483.29,5.641907070938114,2.8903717578961645,9.04597149709001,1,Big Spenders
13716,269,1,138.28,5.598421958998375,0.6931471805599453,4.936486295459933,2,Lost/Churned
13717,32,8,1763.3,3.4965075614664802,2.1972245773362196,7.47550929013402,1,Big Spenders
13718,246,2,306.55,5.5093883366279774,1.0986122886681098,5.728637675654378,2,Lost/Churned
13719,15,11,2815.25,2.772588722239781,2.4849066497880004,7.943161491746454,3,Loyal Customers
13720,117,4,799.9,4.770684624465665,1.6094379124341003,6.685736095329637,4,At Risk
13721,36,2,741.54,3.6109179126442243,1.0986122886681098,6.61007674127968,0,New/Occasional
13722,132,10,5635.41,4.890349128221754,2.3978952727983707,8.637002617001478,1,Big Spenders
13723,217,6,1209.2,5.384495062789089,1.9459101490553132,7.098540914188221,4,At Risk
13724,637,1,213.01,6.45833828334479,0.6931471805599453,5.366022742902049,2,Lost/Churned
13725,50,8,1980.56,3.9318256327243257,2.1972245773362196,7.5916396922628975,1,Big Spenders
13726,39,2,1079.66,3.6888794541139363,1.0986122886681098,6.985327244577022,0,New/Occasional
13727,29,8,1080.05,3.4011973816621555,2.1972245773362196,6.9856880700385595,3,Loyal Customers
13728,37,16,2855.17,3.6375861597263857,2.833213344056216,7.957236845497527,1,Big Spenders
13729,436,3,724.73,6.07993319509559,1.3862943611198906,6.587178044826087,4,At Risk
13730,136,2,752.6,4.919980925828125,1.0986122886681098,6.624861723262153,4,At Risk
13731,219,2,610.59,5.393627546352362,1.0986122886681098,6.416062123365316,4,At Risk
13732,28,1,491.86,3.367295829986474,0.6931471805599453,6.200225158054739,0,New/Occasional
13733,411,2,487.03000000000003,6.021023349349527,1.0986122886681098,6.1903768793734475,2,Lost/Churned
13734,509,4,6701.640000000001,6.234410725718371,1.6094379124341003,8.81025675762043,4,At Risk
13735,25,13,9813.22,3.258096538021482,2.6390573296152584,9.191587633353961,1,Big Spenders
13736,5,7,2766.21,1.791759469228055,2.0794415416798357,7.925594871377632,3,Loyal Customers
13737,200,1,339.6,5.303304908059076,0.6931471805599453,5.830708768228588,2,Lost/Churned
13738,396,1,440.93,5.983936280687191,0.6931471805599453,6.091151498494956,2,Lost/Churned
13739,18,2,292.2,2.9444389791664403,1.0986122886681098,5.680854970012496,0,New/Occasional
13740,241,5,1597.77,5.488937726156687,1.791759469228055,7.376989862588066,4,At Risk
13741,72,3,668.4300000000001,4.290459441148391,1.3862943611198906,6.50642660402637,0,New/Occasional
13742,17,12,3131.02,2.8903717578961645,2.5649493574615367,8.049433442786347,1,Big Spenders
13743,3,7,1341.6,1.3862943611198906,2.0794415416798357,7.2023633115046515,3,Loyal Customers
13744,95,2,1156.36,4.564348191467836,1.0986122886681098,7.053896828321335,4,At Risk
13745,162,2,777.36,5.093750200806762,1.0986122886681098,6.657189142089955,4,At Risk
13746,414,1,176.69,6.028278520230698,0.6931471805599453,5.1800404589569835,2,Lost/Churned
13747,374,2,249.39999999999998,5.926926025970411,1.0986122886681098,5.523059639225943,2,Lost/Churned
13748,96,9,2268.35,4.574710978503383,2.302585092994046,7.727248725858954,1,Big Spenders
13750,54,11,3602.18,4.007333185232471,2.4849066497880004,8.189572067868243,1,Big Spenders
13751,288,1,296.25,5.666426688112432,0.6931471805599453,5.694573535570891,2,Lost/Churned
13752,124,7,1590.73,4.8283137373023015,2.0794415416798357,7.372576754031013,1,Big Spenders
13753,288,4,2094.57,5.666426688112432,1.6094379124341003,7.647580871722489,4,At Risk
13754,152,3,447.05,5.030437921392435,1.3862943611198906,6.104904833330228,4,At Risk
13755,4,9,2161.35,1.6094379124341003,2.302585092994046,7.67895087223838,3,Loyal Customers
13756,2,23,9207.5,1.0986122886681098,3.1780538303479458,9.127882249535661,5,Champions
13757,675,1,195.55,6.516193076042964,0.6931471805599453,5.280916851867869,2,Lost/Churned
13758,12,15,9416.98,2.5649493574615367,2.772588722239781,9.150375907208126,5,Champions
13759,33,2,659.4100000000001,3.5263605246161616,1.0986122886681098,6.492860854269306,0,New/Occasional
13760,54,5,1363.6399999999999,4.007333185232471,1.791759469228055,7.218645936570799,1,Big Spenders
13761,50,6,1952.17,3.9318256327243257,1.9459101490553132,7.577208972659349,1,Big Spenders
13762,219,5,2472.48,5.393627546352362,1.791759469228055,7.813381344926563,4,At Risk
13763,63,3,5217.44,4.1588830833596715,1.3862943611198906,8.559953785637239,1,Big Spenders
13764,71,6,2953.26,4.276666119016055,1.9459101490553132,7.991003475467276,1,Big Spenders
13765,653,1,352.821,6.483107351457199,0.6931471805599453,5.86879113553233,2,Lost/Churned
13766,495,1,190.35,6.206575926724928,0.6931471805599453,5.254104211871711,2,Lost/Churned
13767,2,73,35540.53,1.0986122886681098,4.30406509320417,10.478457150866426,5,Champions
13768,727,2,875.97,6.590301048196686,1.0986122886681098,6.776472784261436,4,At Risk
13769,2,20,5800.42,1.0986122886681098,3.044522437723423,8.665857994155335,5,Champions
13770,422,4,785.37,6.0473721790462776,1.6094379124341003,6.66742741958036,4,At Risk
13771,64,9,5728.82,4.174387269895637,2.302585092994046,8.653439395602803,1,Big Spenders
13772,34,8,3114.2200000000003,3.5553480614894135,2.1972245773362196,8.044055054730865,1,Big Spenders
13773,397,2,301.54,5.986452005284438,1.0986122886681098,5.7122135001340535,2,Lost/Churned
13774,82,1,345.0,4.418840607796598,0.6931471805599453,5.846438775057725,0,New/Occasional
13775,591,1,1049.66,6.3835066348840055,0.6931471805599453,6.9571738171118644,4,At Risk
13776,428,2,623.98,6.061456918928017,1.0986122886681098,6.43771964922439,4,At Risk
13777,1,61,56478.42,0.6931471805599453,4.127134385045092,10.941631602992583,5,Champions
13778,103,4,1124.49,4.6443908991413725,1.6094379124341003,7.025973775367289,4,At Risk
13779,516,1,161.13,6.248042874508429,0.6931471805599453,5.088398482561978,2,Lost/Churned
13780,7,3,735.82,2.0794415416798357,1.3862943611198906,6.602343628980946,3,Loyal Customers
13781,251,3,778.83,5.529429087511423,1.3862943611198906,6.659075947211416,4,At Risk
13782,13,13,1793.72,2.6390573296152584,2.6390573296152584,7.492604299896914,3,Loyal Customers
13783,488,4,1542.09,6.192362489474872,1.6094379124341003,7.341542178594752,4,At Risk
13784,10,14,2910.23,2.3978952727983707,2.70805020110221,7.976330951273708,3,Loyal Customers
13785,429,4,542.49,6.063785208687608,1.6094379124341003,6.298011307127966,4,At Risk
13786,367,6,3358.94,5.908082938168931,1.9459101490553132,8.119678395654953,4,At Risk
13787,76,6,1222.5,4.343805421853684,1.9459101490553132,7.109470882882726,1,Big Spenders
13788,505,1,3.75,6.226536669287466,0.6931471805599453,1.55814461804655,2,Lost/Churned
13789,388,1,239.46,5.963579343618446,0.6931471805599453,5.482553755546763,2,Lost/Churned
13790,4,1,348.79999999999995,1.6094379124341003,0.6931471805599453,5.857361562584502,0,New/Occasional
13791,128,2,1516.0,4.859812404361672,1.0986122886681098,7.324489979348532,4,At Risk
13792,66,3,383.95,4.204692619390966,1.3862943611198906,5.953113455724059,0,New/Occasional
13793,647,1,96.0,6.473890696352274,0.6931471805599453,4.574710978503383,2,Lost/Churned
13794,547,1,126.03,6.306275286948016,0.6931471805599453,4.844423279035369,2,Lost/Churned
13795,388,4,836.3,5.963579343618446,1.6094379124341003,6.7301824292103865,4,At Risk
13796,499,1,289.7,6.214608098422191,0.6931471805599453,5.6722918075648305,2,Lost/Churned
13797,437,3,1179.45,6.082218910376446,1.3862943611198906,7.073651000694222,4,At Risk
13798,1,110,75836.87,0.6931471805599453,4.709530201312334,11.236353051091461,5,Champions
13799,117,9,2803.57,4.770684624465665,2.302585092994046,7.939005508522796,1,Big Spenders
13800,310,3,1679.56,5.739792912179234,1.3862943611198906,7.426882350187425,4,At Risk
13801,67,1,324.8,4.219507705176107,0.6931471805599453,5.786283696167945,0,New/Occasional
13802,139,19,26259.11,4.941642422609304,2.995732273553991,10.17580633672844,1,Big Spenders
13803,255,3,1338.91,5.545177444479562,1.3862943611198906,7.200357726510238,4,At Risk
13804,31,9,3208.52,3.4657359027997265,2.302585092994046,8.07387667223265,1,Big Spenders
13805,52,2,924.5999999999999,3.970291913552122,1.0986122886681098,6.830442175879467,0,New/Occasional
13806,64,1,256.38,4.174387269895637,0.6931471805599453,5.550553592065519,0,New/Occasional
13807,367,3,534.8,5.908082938168931,1.3862943611198906,6.283760957110508,4,At Risk
13808,6,5,1747.66,1.9459101490553132,1.791759469228055,7.466605059322925,3,Loyal Customers
13809,305,3,679.6999999999999,5.723585101952381,1.3862943611198906,6.523121680453905,4,At Risk
13810,29,3,1499.01,3.4011973816621555,1.3862943611198906,7.313227053734746,3,Loyal Customers
13811,184,3,814.5,5.220355825078324,1.3862943611198906,6.703801422061068,4,At Risk
13812,42,3,539.0,3.7612001156935624,1.3862943611198906,6.29156913955832,0,New/Occasional
13813,40,8,2765.4700000000003,3.713572066704308,2.1972245773362196,7.925327418252619,1,Big Spenders
13814,92,3,2257.32,4.532599493153256,1.3862943611198906,7.7223764530033225,4,At Risk
13815,22,8,7475.74,3.1354942159291497,2.1972245773362196,8.919552147090508,1,Big Spenders
13816,24,2,571.6700000000001,3.2188758248682006,1.0986122886681098,6.3503096345809205,0,New/Occasional
13817,29,2,382.98,3.4011973816621555,1.0986122886681098,5.950590467898009,0,New/Occasional
13818,430,1,61.28,6.066108090103747,0.6931471805599453,4.131640346965797,2,Lost/Churned
13819,302,6,2642.35,5.713732805509369,1.9459101490553132,7.879802331111146,4,At Risk
13820,418,3,660.65,6.037870919922137,1.3862943611198906,6.494736715219059,4,At Risk
13821,145,6,1410.73,4.983606621708336,1.9459101490553132,7.252571181638358,4,At Risk
13822,6,2,632.0,1.9459101490553132,1.0986122886681098,6.450470422144176,0,New/Occasional
13823,19,7,3403.4500000000003,2.995732273553991,2.0794415416798357,8.132838678370764,3,Loyal Customers
13824,33,12,3314.76,3.5263605246161616,2.5649493574615367,8.106442137278835,1,Big Spenders
13825,622,2,255.59,6.434546518787453,1.0986122886681098,5.5474794802608,2,Lost/Churned
13826,176,1,189.5,5.176149732573829,0.6931471805599453,5.249652194566756,2,Lost/Churned
13827,58,3,412.05,4.07753744390572,1.3862943611198906,6.023568651008515,0,New/Occasional
13828,22,1,209.49,3.1354942159291497,0.6931471805599453,5.349438146055751,0,New/Occasional
13829,421,1,102.0,6.045005314036012,0.6931471805599453,4.634728988229636,2,Lost/Churned
13830,582,1,156.85000000000002,6.368187186350492,0.6931471805599453,5.061645215004001,2,Lost/Churned
13831,16,18,7023.58,2.833213344056216,2.9444389791664403,8.857170705937795,5,Champions
13832,19,2,613.6899999999999,2.995732273553991,1.0986122886681098,6.421118075682378,0,New/Occasional
13833,159,2,701.36,5.075173815233827,1.0986122886681098,6.55444609309113,4,At Risk
13834,577,2,324.19,6.359573868672378,1.0986122886681098,5.7844096268933525,2,Lost/Churned
13835,25,7,1095.27,3.258096538021482,2.0794415416798357,6.999668787533656,3,Loyal Customers
13836,399,2,620.37,5.991464547107982,1.0986122886681098,6.4319267177117725,4,At Risk
13837,212,2,271.24,5.3612921657094255,1.0986122886681098,5.606684030192651,2,Lost/Churned
13838,6,10,1966.09,1.9459101490553132,2.3978952727983707,7.5843105722991195,3,Loyal Customers
13839,486,1,139.95000000000002,6.18826412308259,0.6931471805599453,4.948405217560122,2,Lost/Churned
13840,416,1,651.4,6.0330862217988015,0.6931471805599453,6.4806578707468585,2,Lost/Churned
13841,253,1,85.0,5.537334267018537,0.6931471805599453,4.454347296253507,2,Lost/Churned
13842,59,18,5629.91,4.0943445622221,2.9444389791664403,8.636026342175372,1,Big Spenders
13843,381,1,319.75,5.945420608606575,0.6931471805599453,5.770662003495746,2,Lost/Churned
13844,11,1,361.62,2.4849066497880004,0.6931471805599453,5.893355453997663,0,New/Occasional
13845,65,1,312.98,4.189654742026425,0.6931471805599453,5.749329289612172,0,New/Occasional
13846,25,4,1307.79,3.258096538021482,1.6094379124341003,7.176858325232496,3,Loyal Customers
13847,720,1,310.72,6.580639137284949,0.6931471805599453,5.74210534897536,2,Lost/Churned
13848,92,8,3335.0,4.532599493153256,2.1972245773362196,8.112527763478637,1,Big Spenders
13849,52,5,3469.3,3.970291913552122,1.791759469228055,8.15199632453527,1,Big Spenders
13850,129,1,1595.48,4.867534450455582,0.6931471805599453,7.375556484672672,4,At Risk
13851,96,8,4606.46,4.574710978503383,2.1972245773362196,8.435432008008735,1,Big Spenders
13852,611,1,187.35000000000002,6.416732282512326,0.6931471805599453,5.23830193413805,2,Lost/Churned
13853,57,1,1090.1399999999999,4.060443010546419,0.6931471805599453,6.994978300240205,0,New/Occasional
13854,9,39,12253.96,2.302585092994046,3.6888794541139363,9.413686031982998,5,Champions
13855,501,4,1310.3400000000001,6.218600119691729,1.6094379124341003,7.178804794152059,4,At Risk
13856,169,11,1142.03,5.135798437050262,2.4849066497880004,7.041437910169532,1,Big Spenders
13857,393,6,1001.01,5.976350909297934,1.9459101490553132,6.90976326163493,4,At Risk
13858,57,1,216.17000000000002,4.060443010546419,0.6931471805599453,5.38068045697316,0,New/Occasional
13859,326,2,515.86,5.7899601708972535,1.0986122886681098,6.247772044800624,4,At Risk
13860,1,5,1245.9,0.6931471805599453,1.791759469228055,7.1284157500025405,3,Loyal Customers
13861,429,2,273.26,6.063785208687608,1.0986122886681098,5.614076561571708,2,Lost/Churned
13862,18,9,2556.09,2.9444389791664403,2.302585092994046,7.846625172168836,3,Loyal Customers
13863,248,4,1239.55,5.517452896464707,1.6094379124341003,7.123310108647671,4,At Risk
13864,387,1,662.4000000000001,5.961005339623274,0.6931471805599453,6.497378126512952,2,Lost/Churned
13865,58,4,501.56,4.07753744390572,1.6094379124341003,6.219715035790337,0,New/Occasional
13866,74,1,145.67,4.31748811353631,0.6931471805599453,4.988185165258664,0,New/Occasional
13867,31,3,1015.29,3.4657359027997265,1.3862943611198906,6.923914020481024,0,New/Occasional
13868,7,2,3192.54,2.0794415416798357,1.0986122886681098,8.068885298365506,3,Loyal Customers
13869,123,10,8111.57,4.820281565605037,2.3978952727983707,9.001169989634596,1,Big Spenders
13870,2,15,5712.08,1.0986122886681098,2.772588722239781,8.650513561777128,5,Champions
13871,23,17,7885.85,3.1780538303479458,2.8903717578961645,8.972952094578869,5,Champions
13872,527,3,919.57,6.269096283706261,1.3862943611198906,6.8249930434091866,4,At Risk
13873,120,8,1038.92,4.795790545596741,2.1972245773362196,6.946899066099764,1,Big Spenders
13874,358,7,2049.15,5.883322388488279,2.0794415416798357,7.625668240187314,4,At Risk
13875,54,14,4814.37,4.007333185232471,2.70805020110221,8.479568164478277,1,Big Spenders
13876,64,1,122.7,4.174387269895637,0.6931471805599453,4.8178592793984425,0,New/Occasional
13877,86,3,449.68,4.465908118654584,1.3862943611198906,6.110757553295965,0,New/Occasional
13878,55,4,2473.06,4.02535169073515,1.6094379124341003,7.813615804881473,1,Big Spenders
13879,646,1,395.5,6.472346294500901,0.6931471805599453,5.982676041074902,2,Lost/Churned
13880,21,17,4391.66,3.091042453358316,2.8903717578961645,8.38769024512352,1,Big Spenders
13881,4,43,45179.1,1.6094379124341003,3.784189633918261,10.718412003388291,5,Champions
13882,3,5,1191.13,1.3862943611198906,1.791759469228055,7.083496902081326,3,Loyal Customers
13883,11,15,6560.02,2.4849066497880004,2.772588722239781,8.788901357656037,5,Champions
13884,7,10,1888.48,2.0794415416798357,2.3978952727983707,7.544056937922727,3,Loyal Customers
13885,189,2,506.8,5.247024072160486,1.0986122886681098,6.230087669270578,4,At Risk
13886,71,1,243.56,4.276666119016055,0.6931471805599453,5.499460677582579,0,New/Occasional
13887,204,1,349.55,5.3230099791384085,0.6931471805599453,5.859503349652977,2,Lost/Churned
13888,120,7,2169.05,4.795790545596741,2.0794415416798357,7.682505487743709,1,Big Spenders
13889,93,6,1991.23,4.543294782270004,1.9459101490553132,7.597009893326727,1,Big Spenders
13890,1,14,2927.38,0.6931471805599453,2.70805020110221,7.982204648081087,3,Loyal Customers
13891,378,3,863.56,5.937536205082426,1.3862943611198906,6.76222070699491,4,At Risk
13892,27,6,1267.65,3.332204510175204,1.9459101490553132,7.145708621949827,3,Loyal Customers
13893,298,1,821.1,5.700443573390687,0.6931471805599453,6.711862042158088,4,At Risk
13894,24,3,564.62,3.2188758248682006,1.3862943611198906,6.337922474636114,0,New/Occasional
13895,28,6,4008.52,3.367295829986474,1.9459101490553132,8.296426812387779,1,Big Spenders
13896,626,1,388.55,6.440946540632921,0.6931471805599453,5.964992226776867,2,Lost/Churned
13897,50,3,1160.72,3.9318256327243257,1.3862943611198906,7.05765694451998,0,New/Occasional
13898,326,2,686.4,5.7899601708972535,1.0986122886681098,6.532916364415733,4,At Risk
13899,16,2,388.52,2.833213344056216,1.0986122886681098,5.9649152118744455,0,New/Occasional
13900,183,6,1610.5900000000001,5.214935757608986,1.9459101490553132,7.38497654828429,4,At Risk
13901,72,15,5676.34,4.290459441148391,2.772588722239781,8.644238092164732,1,Big Spenders
13902,632,5,34095.26,6.450470422144176,1.791759469228055,10.436942979837246,1,Big Spenders
13903,400,1,165.45000000000002,5.993961427306569,0.6931471805599453,5.114694964021034,2,Lost/Churned
13904,37,2,332.64,3.6375861597263857,1.0986122886681098,5.810062567373411,0,New/Occasional
13905,733,1,312.65,6.598509028614515,0.6931471805599453,5.748277714542752,2,Lost/Churned
13906,409,1,42.0,6.016157159698354,0.6931471805599453,3.7612001156935624,2,Lost/Churned
13907,692,1,136.8,6.541029999189903,0.6931471805599453,4.925803358579558,2,Lost/Churned
13908,80,4,2369.55,4.394449154672439,1.6094379124341003,7.770877274716226,1,Big Spenders
13909,423,2,286.6,6.049733455231958,1.0986122886681098,5.661570625846892,2,Lost/Churned
13911,57,20,4234.99,4.060443010546419,3.044522437723423,8.351372346000852,1,Big Spenders
13912,424,1,124.95,6.052089168924417,0.6931471805599453,4.835885002798619,2,Lost/Churned
13913,507,1,42.22,6.230481447578482,0.6931471805599453,3.76630335107874,2,Lost/Churned
13914,12,2,626.45,2.5649493574615367,1.0986122886681098,6.441663986556317,0,New/Occasional
13915,394,1,70.80000000000001,5.978885764901122,0.6931471805599453,4.273884476054179,2,Lost/Churned
13916,464,4,1275.81,6.142037405587356,1.6094379124341003,7.152120058745075,4,At Risk
13917,50,2,272.04,3.9318256327243257,1.0986122886681098,5.609618304598452,0,New/Occasional
13918,50,2,1212.8400000000001,3.9318256327243257,1.0986122886681098,7.101544167216986,0,New/Occasional
13919,59,4,1360.68,4.0943445622221,1.6094379124341003,7.216474510499718,4,At Risk
13920,432,4,1774.68,6.07073772800249,1.6094379124341003,7.481938727137536,4,At Risk
13921,402,4,730.7,5.998936561946683,1.6094379124341003,6.595370593889984,4,At Risk
13922,352,3,865.2,5.8664680569332965,1.3862943611198906,6.764115828780526,4,At Risk
13923,54,1,351.13,4.007333185232471,0.6931471805599453,5.864000425598742,0,New/Occasional
13924,2,6,1838.8500000000001,1.0986122886681098,1.9459101490553132,7.517439325540823,3,Loyal Customers
13925,93,4,678.25,4.543294782270004,1.6094379124341003,6.520989248306457,4,At Risk
13926,23,1,223.85000000000002,3.1780538303479458,0.6931471805599453,5.415433513216716,0,New/Occasional
13927,75,2,708.26,4.330733340286331,1.0986122886681098,6.56422217299034,0,New/Occasional
13928,11,4,464.57,2.4849066497880004,1.6094379124341003,6.143262461351643,0,New/Occasional
13929,169,11,3494.1,5.135798437050262,2.4849066497880004,8.159117266561877,1,Big Spenders
13930,58,2,337.34,4.07753744390572,1.0986122886681098,5.824051307047146,0,New/Occasional
13931,96,11,5257.38,4.574710978503383,2.4849066497880004,8.567578273503825,1,Big Spenders
13932,295,1,307.4,5.69035945432406,0.6931471805599453,5.731397641689174,2,Lost/Churned
13933,109,2,608.79,4.700480365792417,1.0986122886681098,6.413114635600407,4,At Risk
13934,264,1,922.1,5.579729825986222,0.6931471805599453,6.8277375709961055,4,At Risk
13935,597,3,6116.92,6.393590753950631,1.3862943611198906,8.718977448456672,4,At Risk
13936,180,3,939.6600000000001,5.198497031265826,1.3862943611198906,6.846581756547318,4,At Risk
13937,169,2,880.13,5.135798437050262,1.0986122886681098,6.781205174641707,4,At Risk
13938,35,1,71.66,3.58351893845611,0.6931471805599453,4.2857910267930555,0,New/Occasional
13939,23,7,1560.96,3.1780538303479458,2.0794415416798357,7.353696721877114,3,Loyal Customers
13940,17,4,839.14,2.8903717578961645,1.6094379124341003,6.73356854461668,3,Loyal Customers
13941,22,15,11122.300000000001,3.1354942159291497,2.772588722239781,9.316797286369194,5,Champions
13942,535,1,320.0,6.284134161070802,0.6931471805599453,5.771441123130016,2,Lost/Churned
13943,578,1,246.54000000000002,6.361302477572996,0.6931471805599453,5.511572185111876,2,Lost/Churned
13944,653,1,200.43,6.483107351457199,0.6931471805599453,5.3054419264903325,2,Lost/Churned
13945,395,2,854.1500000000001,5.981414211254481,1.0986122886681098,6.7512768921457,4,At Risk
13946,79,6,1876.23,4.382026634673881,1.9459101490553132,7.537552565041232,1,Big Spenders
13947,65,1,90.60000000000001,4.189654742026425,0.6931471805599453,4.517431271680085,0,New/Occasional
13948,361,4,548.76,5.8916442118257715,1.6094379124341003,6.3094818193558355,4,At Risk
13949,3,6,2427.32,1.3862943611198906,1.9459101490553132,7.794954939211736,3,Loyal Customers
13950,11,4,745.0600000000001,2.4849066497880004,1.6094379124341003,6.61480602592395,3,Loyal Customers
13951,176,3,674.45,5.176149732573829,1.3862943611198906,6.5153791354156905,4,At Risk
13952,218,14,12823.521,5.389071729816501,2.70805020110221,9.459114320413606,1,Big Spenders
13953,7,12,6640.68,2.0794415416798357,2.5649493574615367,8.801120222516522,5,Champions
13954,2,2,439.92,1.0986122886681098,1.0986122886681098,6.088863453095115,0,New/Occasional
13955,154,3,545.17,5.043425116919247,1.3862943611198906,6.302930282595254,4,At Risk
13956,5,5,1026.42,1.791759469228055,1.791759469228055,6.934806084458451,3,Loyal Customers
13957,418,3,458.25,6.037870919922137,1.3862943611198906,6.129594724095235,4,At Risk
13958,380,8,4709.2300000000005,5.942799375126701,2.1972245773362196,8.457492018089969,1,Big Spenders
13959,79,6,1076.18,4.382026634673881,1.9459101490553132,6.982101794110792,1,Big Spenders
13960,21,2,230.22,3.091042453358316,1.0986122886681098,5.443369638247176,0,New/Occasional
13961,392,1,538.4,5.973809611869261,0.6931471805599453,6.2904574107056295,2,Lost/Churned
13962,22,3,362.8,3.1354942159291497,1.3862943611198906,5.896604266084022,0,New/Occasional
13963,308,17,3011.87,5.733341276897746,2.8903717578961645,8.01064839183372,1,Big Spenders
13964,387,2,438.9,5.961005339623274,1.0986122886681098,6.086547428354674,2,Lost/Churned
13965,477,3,996.61,6.169610732491456,1.3862943611198906,6.905362418373325,4,At Risk
13966,435,1,390.86,6.077642243349034,0.6931471805599453,5.970904633142621,2,Lost/Churned
13967,146,2,166.3,4.990432586778736,1.0986122886681098,5.119788607992779,2,Lost/Churned
13968,423,1,123.66,6.049733455231958,0.6931471805599453,4.825590031380704,2,Lost/Churned
13969,7,35,13365.87,2.0794415416798357,3.58351893845611,9.500534536480925,5,Champions
13970,386,2,846.55,5.958424693029782,1.0986122886681098,6.742349834564496,4,At Risk
13971,19,14,4667.57,2.995732273553991,2.70805020110221,8.448608093921028,1,Big Spenders
13972,71,2,190.25,4.276666119016055,1.0986122886681098,5.253581472706645,0,New/Occasional
13973,287,1,264.7,5.662960480135946,0.6931471805599453,5.582367852765768,2,Lost/Churned
13974,49,2,677.72,3.912023005428146,1.0986122886681098,6.520208671376317,0,New/Occasional
13975,31,12,5358.84,3.4657359027997265,2.5649493574615367,8.586689402873036,1,Big Spenders
13976,207,4,1192.3600000000001,5.337538079701318,1.6094379124341003,7.084528136845675,4,At Risk
13977,411,1,519.8100000000001,6.021023349349527,0.6931471805599453,6.255385291938897,2,Lost/Churned
13978,15,2,196.79,2.772588722239781,1.0986122886681098,5.287205861793318,0,New/Occasional
13979,73,7,3416.23,4.30406509320417,2.0794415416798357,8.136585560356334,1,Big Spenders
13980,60,5,799.92,4.110873864173311,1.791759469228055,6.6857610669244485,4,At Risk
13981,416,1,331.14,6.0330862217988015,0.6931471805599453,5.805556566778607,2,Lost/Churned
13982,39,9,4445.59,3.6888794541139363,2.302585092994046,8.39989278927356,1,Big Spenders
13983,30,21,7108.45,3.4339872044851463,3.091042453358316,8.86918016396832,5,Champions
13984,27,12,2048.6,3.332204510175204,2.5649493574615367,7.62539993114247,1,Big Spenders
13985,4,22,10020.86,1.6094379124341003,3.1354942159291497,9.212523986154487,5,Champions
13986,17,1,320.46,2.8903717578961645,0.6931471805599453,5.7728731191409945,0,New/Occasional
13987,380,2,682.54,5.942799375126701,1.0986122886681098,6.527285176763272,4,At Risk
13988,20,8,4757.8,3.044522437723423,2.1972245773362196,8.46775081460237,1,Big Spenders
13989,66,5,2026.06,4.204692619390966,1.791759469228055,7.614341746408589,1,Big Spenders
13990,213,1,311.3,5.365976015021851,0.6931471805599453,5.7439642642890325,2,Lost/Churned
13991,12,6,855.97,2.5649493574615367,1.9459101490553132,6.753402912150755,3,Loyal Customers
13992,30,3,219.5,3.4339872044851463,1.3862943611198906,5.395897694886901,0,New/Occasional
13993,43,19,6775.71,3.784189633918261,2.995732273553991,8.821247012424738,1,Big Spenders
13994,4,6,2313.14,1.6094379124341003,1.9459101490553132,7.746793407219949,3,Loyal Customers
13995,15,14,3902.01,2.772588722239781,2.70805020110221,8.269503329309027,1,Big Spenders
13996,386,2,895.76,5.958424693029782,1.0986122886681098,6.798788267730199,4,At Risk
13997,519,3,382.31,6.253828811575473,1.3862943611198906,5.948844061271341,4,At Risk
13998,447,3,566.7,6.104793232414985,1.3862943611198906,6.341593110176681,4,At Risk
13999,10,29,9502.26,2.3978952727983707,3.4011973816621555,9.159390176618166,5,Champions
14000,211,5,2046.34,5.356586274672012,1.791759469228055,7.624296668595673,4,At Risk
14001,46,9,4530.09,3.8501476017100584,2.302585092994046,8.418717807634733,1,Big Spenders
14002,134,2,529.73,4.90527477843843,1.0986122886681098,6.274253417348632,4,At Risk
14003,733,1,209.41,6.598509028614515,0.6931471805599453,5.3490580082512205,2,Lost/Churned
14004,43,11,6258.45,3.784189633918261,2.4849066497880004,8.74184760080936,1,Big Spenders
14005,10,5,2874.72,2.3978952727983707,1.791759469228055,7.964058356660503,3,Loyal Customers
14006,116,7,2196.67,4.762173934797756,2.0794415416798357,7.69515298720424,1,Big Spenders
14007,513,1,79.48,6.2422232654551655,0.6931471805599453,4.388008706351429,2,Lost/Churned
14008,432,1,509.04,6.07073772800249,0.6931471805599453,6.234489154015341,2,Lost/Churned
14009,198,3,1099.91,5.293304824724492,1.3862943611198906,7.0038923895122585,4,At Risk
14010,565,2,445.15,6.338594078203183,1.0986122886681098,6.10065521834616,2,Lost/Churned
14011,480,2,457.82,6.175867270105761,1.0986122886681098,6.128657976284189,2,Lost/Churned
14012,278,1,328.8,5.631211781821365,0.6931471805599453,5.7984864101254985,2,Lost/Churned
14013,110,5,1084.57,4.709530201312334,1.791759469228055,6.989860473650979,4,At Risk
14014,77,3,1948.21,4.356708826689592,1.3862943611198906,7.575179441266062,4,At Risk
14015,53,1,917.34,3.9889840465642745,0.6931471805599453,6.8225676924206855,0,New/Occasional
14016,162,11,11403.41,5.093750200806762,2.4849066497880004,9.341755401683734,1,Big Spenders
14017,571,1,229.75,6.349138991379798,0.6931471805599453,5.441334873382962,2,Lost/Churned
14018,645,1,367.15,6.470799503782602,0.6931471805599453,5.908490463814726,2,Lost/Churned
14019,47,3,1421.6100000000001,3.871201010907891,1.3862943611198906,7.260248491657529,0,New/Occasional
14020,17,4,1249.01,2.8903717578961645,1.6094379124341003,7.130906830264347,3,Loyal Customers
14021,155,7,1716.58,5.049856007249537,2.0794415416798357,7.448671602342143,1,Big Spenders
14022,225,2,792.15,5.420534999272286,1.0986122886681098,6.676012358854464,4,At Risk
14023,7,2,584.07,2.0794415416798357,1.0986122886681098,6.371731498193053,0,New/Occasional
14024,122,3,645.74,4.812184355372417,1.3862943611198906,6.471944359021592,4,At Risk
14025,465,8,4057.9,6.144185634125646,2.1972245773362196,8.308667279925409,1,Big Spenders
14026,471,2,713.11,6.156978985585555,1.0986122886681098,6.571037012097961,4,At Risk
14027,61,1,104.82,4.127134385045092,0.6931471805599453,4.661739537475985,0,New/Occasional
14028,550,3,10396.5,6.311734809152915,1.3862943611198906,9.249320671617067,4,At Risk
14029,63,2,467.66,4.1588830833596715,1.0986122886681098,6.149877558850261,0,New/Occasional
14030,18,20,8262.29,2.9444389791664403,3.044522437723423,9.019578092297357,5,Champions
14031,7,44,40999.17,2.0794415416798357,3.8066624897703196,10.621331492019312,5,Champions
14032,2,16,4850.27,1.0986122886681098,2.833213344056216,8.48699580532342,5,Champions
14033,555,1,109.44,6.320768294250582,0.6931471805599453,4.704472387061954,2,Lost/Churned
14034,22,3,651.8199999999999,3.1354942159291497,1.3862943611198906,6.481301440435488,0,New/Occasional
14035,29,9,2856.72,3.4011973816621555,2.302585092994046,7.9577793830815615,1,Big Spenders
14036,285,1,626.65,5.655991810819852,0.6931471805599453,6.441982686264217,2,Lost/Churned
14037,176,6,836.95,5.176149732573829,1.9459101490553132,6.7309584328308825,4,At Risk
14038,78,5,3069.88,4.3694478524670215,1.791759469228055,8.029719444457568,1,Big Spenders
14039,33,2,267.28000000000003,3.5263605246161616,1.0986122886681098,5.592031211231537,0,New/Occasional
14040,41,35,12645.57,3.7376696182833684,3.58351893845611,9.445141311143818,5,Champions
14041,266,1,141.41,5.58724865840025,0.6931471805599453,4.958710221231336,2,Lost/Churned
14042,725,1,431.98,6.587550014824796,0.6931471805599453,6.070691537559284,2,Lost/Churned
14043,491,2,304.25,6.198478716492308,1.0986122886681098,5.721131112990814,2,Lost/Churned
14044,27,10,3123.1,3.332204510175204,2.3978952727983707,8.046901520690538,1,Big Spenders
14045,109,16,11313.03,4.700480365792417,2.833213344056216,9.333798827481695,1,Big Spenders
14046,284,1,154.99,5.652489180268651,0.6931471805599453,5.049791902630777,2,Lost/Churned
14047,9,14,4255.03,2.302585092994046,2.70805020110221,8.356092079868818,5,Champions
14048,305,3,748.69,5.723585101952381,1.3862943611198906,6.619659787751255,4,At Risk
14049,17,13,13239.03,2.8903717578961645,2.6390573296152584,9.49100009534946,5,Champions
14050,32,2,746.36,3.4965075614664802,1.0986122886681098,6.616546996753798,0,New/Occasional
14051,1,37,22434.0,0.6931471805599453,3.6375861597263857,10.018377518410084,5,Champions
14052,20,2,480.81,3.044522437723423,1.0986122886681098,6.177549845465586,0,New/Occasional
14053,124,4,572.3,4.8283137373023015,1.6094379124341003,6.351409139914337,4,At Risk
14054,65,1,92.46000000000001,4.189654742026425,0.6931471805599453,4.53753353727228,0,New/Occasional
14055,106,3,1520.96,4.672828834461906,1.3862943611198906,7.327754256867339,4,At Risk
14056,1,23,8214.65,0.6931471805599453,3.1780538303479458,9.013796150895738,5,Champions
14057,24,22,8408.84,3.2188758248682006,3.1354942159291497,9.037157727815742,5,Champions
14058,463,2,469.19,6.139884552226255,1.0986122886681098,6.153136868334086,2,Lost/Churned
14059,267,1,183.6,5.5909869805108565,0.6931471805599453,5.218191322068752,2,Lost/Churned
14060,5,30,9519.08,1.791759469228055,3.4339872044851463,9.161158531111447,5,Champions
14061,507,3,917.4300000000001,6.230481447578482,1.3862943611198906,6.822665690537023,4,At Risk
14062,10,24,25604.2,2.3978952727983707,3.2188758248682006,10.150550734840564,5,Champions
14063,438,9,22710.2,6.0844994130751715,2.302585092994046,10.030613473862132,1,Big Spenders
14064,29,15,3332.42,3.4011973816621555,2.772588722239781,8.111754082970078,1,Big Spenders
14065,389,3,891.02,5.966146739123692,1.3862943611198906,6.793488553853314,4,At Risk
14066,267,1,152.55,5.5909869805108565,0.6931471805599453,5.034026246886832,2,Lost/Churned
14067,64,2,374.7,4.174387269895637,1.0986122886681098,5.928790952579924,0,New/Occasional
14068,320,4,1528.3700000000001,5.771441123130016,1.6094379124341003,7.332611164882233,4,At Risk
14069,515,2,230.06,6.246106765481563,1.0986122886681098,5.442677417054872,2,Lost/Churned
14070,685,1,326.55,6.530877627725885,0.6931471805599453,5.791640715177885,2,Lost/Churned
14071,4,8,1438.82,1.6094379124341003,2.1972245773362196,7.272273384756895,3,Loyal Customers
14072,667,1,390.85,6.504288173536645,0.6931471805599453,5.9708791134988735,2,Lost/Churned
14073,32,1,151.04,3.4965075614664802,0.6931471805599453,5.024143644121048,0,New/Occasional
14074,623,1,219.4,6.436150368369428,0.6931471805599453,5.39544407727876,2,Lost/Churned
14075,5,6,1734.87,1.791759469228055,1.9459101490553132,7.459264007623663,3,Loyal Customers
14076,129,1,122.47,4.867534450455582,0.6931471805599453,4.815998211579652,2,Lost/Churned
14077,41,6,615.08,3.7376696182833684,1.9459101490553132,6.423376825230995,0,New/Occasional
14078,102,9,1692.6299999999999,4.634728988229636,2.302585092994046,7.4346294334096354,1,Big Spenders
14079,125,2,618.73,4.836281906951478,1.0986122886681098,6.4292838993175305,4,At Risk
14080,33,5,1115.68,3.5263605246161616,1.791759469228055,7.018115276378225,3,Loyal Customers
14081,302,10,5370.1,5.713732805509369,2.3978952727983707,8.588788008238932,1,Big Spenders
14082,365,2,413.36,5.902633333401366,1.0986122886681098,6.026735161189901,2,Lost/Churned
14083,4,11,1407.26,1.6094379124341003,2.4849066497880004,7.250110178761505,3,Loyal Customers
14084,512,1,150.5,6.240275845170769,0.6931471805599453,5.020585624949423,2,Lost/Churned
14085,2,33,10104.97,1.0986122886681098,3.5263605246161616,9.220881617313903,5,Champions
14086,463,1,39.95,6.139884552226255,0.6931471805599453,3.7123518102990785,2,Lost/Churned
14087,3,3,846.22,1.3862943611198906,1.3862943611198906,6.741960401185134,3,Loyal Customers
14088,10,16,64036.8,2.3978952727983707,2.833213344056216,11.06722881299151,5,Champions
14089,57,1,161.0,4.060443010546419,0.6931471805599453,5.087596335232384,0,New/Occasional
14090,325,1,76.32000000000001,5.786897381366708,0.6931471805599453,4.34795265434013,2,Lost/Churned
14091,654,2,9530.08,6.484635235635252,1.0986122886681098,9.162313316565184,4,At Risk
14092,8,24,7229.45,2.1972245773362196,3.2188758248682006,8.886056553879842,5,Champions
14093,12,1,442.85,2.5649493574615367,0.6931471805599453,6.095486667514328,0,New/Occasional
14094,440,1,335.22,6.089044875446846,0.6931471805599453,5.817765707604913,2,Lost/Churned
14095,723,1,2.95,6.584791392385716,0.6931471805599453,1.3737155789130306,2,Lost/Churned
14096,4,17,65164.79,1.6094379124341003,2.8903717578961645,11.084689916963537,5,Champions
14097,481,2,422.86,6.1779441140506,1.0986122886681098,6.0494032120284285,2,Lost/Churned
14098,37,1,147.35,3.6375861597263857,0.6931471805599453,4.999574346736831,0,New/Occasional
14099,16,20,5765.71,2.833213344056216,3.044522437723423,8.659857006240394,5,Champions
14100,138,1,194.9,4.9344739331306915,0.6931471805599453,5.277604324950495,2,Lost/Churned
14101,74,13,9961.93,4.31748811353631,2.6390573296152584,9.206626484023987,1,Big Spenders
14102,5,5,1360.28,1.791759469228055,1.791759469228055,7.216180712571818,3,Loyal Customers
14104,155,5,771.58,5.049856007249537,1.791759469228055,6.6497355632804975,4,At Risk
14105,239,5,5988.83,5.480638923341991,1.791759469228055,8.697818310072366,1,Big Spenders
14106,737,1,214.8,6.6039438246004725,0.6931471805599453,5.374352052824034,2,Lost/Churned
14107,52,11,4877.3,3.970291913552122,2.4849066497880004,8.492552077499786,1,Big Spenders
14108,31,4,1044.96,3.4657359027997265,1.6094379124341003,6.952690402975883,3,Loyal Customers
14109,73,1,144.2,4.30406509320417,0.6931471805599453,4.978112102390695,0,New/Occasional
14110,4,33,12987.95,1.6094379124341003,3.5263605246161616,9.471854274988836,5,Champions
14111,14,4,692.85,2.70805020110221,1.6094379124341003,6.54225579881702,3,Loyal Customers
14112,23,13,5834.59,3.1780538303479458,2.6390573296152584,8.671730653576422,1,Big Spenders
14113,4,16,7092.610000000001,1.6094379124341003,2.833213344056216,8.866949657786243,5,Champions
14114,274,7,1364.09,5.616771097666572,2.0794415416798357,7.218975639511439,4,At Risk
14115,502,2,622.67,6.220590170099739,1.0986122886681098,6.435621382327132,4,At Risk
14116,20,5,1382.74,3.044522437723423,1.791759469228055,7.2325452572578,3,Loyal Customers
14117,144,1,90.0,4.976733742420574,0.6931471805599453,4.51085950651685,2,Lost/Churned
14118,429,1,458.45,6.063785208687608,0.6931471805599453,6.130030121946894,2,Lost/Churned
14119,376,2,183.37,5.932245187448011,1.0986122886681098,5.216944608082299,2,Lost/Churned
14121,4,4,2780.15,1.6094379124341003,1.6094379124341003,7.930619790211972,3,Loyal Customers
14122,406,3,362.42,6.008813185442595,1.3862943611198906,5.895559190220911,4,At Risk
14123,733,1,436.18,6.598509028614515,0.6931471805599453,6.0803450096018565,2,Lost/Churned
14124,84,1,419.58,4.442651256490317,0.6931471805599453,6.041634711020558,0,New/Occasional
14125,11,3,2740.43,2.4849066497880004,1.3862943611198906,7.916234961051038,3,Loyal Customers
14126,8,4,1172.46,2.1972245773362196,1.6094379124341003,7.067711928642815,3,Loyal Customers
14127,123,6,1900.0800000000002,4.820281565605037,1.9459101490553132,7.55017742471711,1,Big Spenders
14128,61,3,924.21,4.127134385045092,1.3862943611198906,6.830020738772716,0,New/Occasional
14129,2,9,2591.34,1.0986122886681098,2.302585092994046,7.860316221709267,3,Loyal Customers
14130,319,4,1882.67,5.768320995793772,1.6094379124341003,7.540977280558469,4,At Risk
14131,649,1,187.87,6.476972362889683,0.6931471805599453,5.241058947707755,2,Lost/Churned
14132,2,11,3586.03,1.0986122886681098,2.4849066497880004,8.185079841032296,3,Loyal Customers
14133,130,4,911.14,4.875197323201151,1.6094379124341003,6.815793487064996,4,At Risk
14134,383,15,11123.35,5.950642552587727,2.772588722239781,9.316891678361227,1,Big Spenders
14135,2,24,9643.92,1.0986122886681098,3.2188758248682006,9.174186630852345,5,Champions
14136,401,5,1570.81,5.996452088619021,1.791759469228055,7.359983100544423,4,At Risk
14137,696,1,332.7,6.546785410760524,0.6931471805599453,5.810242385757328,2,Lost/Churned
14138,2,2,982.38,1.0986122886681098,1.0986122886681098,6.890995617166797,3,Loyal Customers
14139,46,4,1086.8,3.8501476017100584,1.6094379124341003,6.99191258698886,0,New/Occasional
14140,4,2,935.05,1.6094379124341003,1.0986122886681098,6.841668893854277,3,Loyal Customers
14141,3,4,915.13,1.3862943611198906,1.6094379124341003,6.820158276001622,3,Loyal Customers
14142,373,2,983.15,5.924255797414532,1.0986122886681098,6.891778324458996,4,At Risk
14143,134,1,115.8,4.90527477843843,0.6931471805599453,4.760463070394127,2,Lost/Churned
14144,486,1,30.6,6.18826412308259,0.6931471805599453,3.4531571205928664,2,Lost/Churned
14145,47,7,7600.05,3.871201010907891,2.0794415416798357,8.936041674626237,1,Big Spenders
14146,9,12,9450.3,2.302585092994046,2.5649493574615367,9.153907577164,5,Champions
14147,78,9,2590.2,4.3694478524670215,2.302585092994046,7.85987636785712,1,Big Spenders
14148,234,2,466.29,5.459585514144159,1.0986122886681098,6.146950049948197,4,At Risk
14149,221,1,446.62,5.402677381872279,0.6931471805599453,6.103944658191983,2,Lost/Churned
14150,36,2,658.64,3.6109179126442243,1.0986122886681098,6.49169423166057,0,New/Occasional
14151,673,2,679.45,6.513230110912307,1.0986122886681098,6.5227543440063265,4,At Risk
14152,75,7,1997.3400000000001,4.330733340286331,2.0794415416798357,7.600072114901368,1,Big Spenders
14153,483,1,233.39999999999998,6.182084906716632,0.6931471805599453,5.457029057702857,2,Lost/Churned
14154,239,8,6460.7,5.480638923341991,2.1972245773362196,8.77364772005142,1,Big Spenders
14155,266,1,118.75,5.58724865840025,0.6931471805599453,4.785406236291025,2,Lost/Churned
14156,10,156,313946.37,2.3978952727983707,5.056245805348308,12.656980639377052,5,Champions
14157,20,5,1002.7800000000001,3.044522437723423,1.791759469228055,6.911528152734635,3,Loyal Customers
14158,40,1,507.65999999999997,3.713572066704308,0.6931471805599453,6.231779816930511,0,New/Occasional
14159,20,20,7938.01,3.044522437723423,3.044522437723423,8.979543861328803,5,Champions
14160,610,7,8421.47,6.415096959171596,2.0794415416798357,9.038658413386564,1,Big Spenders
14161,216,7,3318.88,5.37989735354046,2.0794415416798357,8.10768391667899,1,Big Spenders
14162,174,2,289.36,5.1647859739235145,1.0986122886681098,5.67112153241664,2,Lost/Churned
14163,87,5,2594.62,4.477336814478207,1.791759469228055,7.861580688064839,1,Big Spenders
14164,71,2,1631.77,4.276666119016055,1.0986122886681098,7.398033237980444,4,At Risk
14165,276,1,122.53999999999999,5.6240175061873385,0.6931471805599453,4.816564990267753,2,Lost/Churned
14166,505,2,256.85,6.226536669287466,1.0986122886681098,5.552378020496968,2,Lost/Churned
14167,39,8,1296.49,3.6888794541139363,2.1972245773362196,7.168186907881249,1,Big Spenders
14168,421,2,370.45,6.045005314036012,1.0986122886681098,5.917414265597815,2,Lost/Churned
14169,431,2,624.4300000000001,6.068425588244111,1.0986122886681098,6.438439413172899,4,At Risk
14170,375,3,597.33,5.929589143389895,1.3862943611198906,6.3941424412081105,4,At Risk
14171,98,2,498.79,4.59511985013459,1.0986122886681098,6.214188010197488,0,New/Occasional
14172,605,3,402.72,6.406879986069314,1.3862943611198906,6.0007215683706585,4,At Risk
14173,11,6,586.0,2.4849066497880004,1.9459101490553132,6.375024819828097,3,Loyal Customers
14174,33,1,134.46,3.5263605246161616,0.6931471805599453,4.908676393786758,0,New/Occasional
14175,60,8,7678.88,4.110873864173311,2.1972245773362196,8.946359201019646,1,Big Spenders
14176,297,5,916.01,5.697093486505405,1.791759469228055,6.8211183773224136,4,At Risk
14177,86,13,2229.34,4.465908118654584,2.6390573296152584,7.7099093192000625,1,Big Spenders
14178,9,7,1620.93,2.302585092994046,2.0794415416798357,7.391372077147292,3,Loyal Customers
14179,41,2,719.78,3.7376696182833684,1.0986122886681098,6.580333958961338,0,New/Occasional
14180,11,33,6319.25,2.4849066497880004,3.5263605246161616,8.751514043320572,5,Champions
14181,411,2,310.55,6.021023349349527,1.0986122886681098,5.741559838990231,2,Lost/Churned
14182,444,4,678.77,6.09807428216624,1.6094379124341003,6.521754505661576,4,At Risk
14183,411,2,286.29,6.021023349349527,1.0986122886681098,5.660492158557335,2,Lost/Churned
14184,67,1,452.89,4.219507705176107,0.6931471805599453,6.1178548779353035,0,New/Occasional
14185,331,1,197.65,5.805134968916488,0.6931471805599453,5.291544482260608,2,Lost/Churned
14186,427,5,1550.63,6.059123195581797,1.791759469228055,7.34706127025902,4,At Risk
14187,474,1,123.5,6.163314804034641,0.6931471805599453,4.824305715904762,2,Lost/Churned
14188,31,6,2054.36,3.4657359027997265,1.9459101490553132,7.628206294069428,3,Loyal Customers
14189,2,16,5814.39,1.0986122886681098,2.833213344056216,8.668263130631585,5,Champions
14190,666,1,79.9,6.502790045915623,0.6931471805599453,4.393213824064446,2,Lost/Churned
14191,2,15,4817.66,1.0986122886681098,2.772588722239781,8.48025116009442,5,Champions
14192,388,1,293.74,5.963579343618446,0.6931471805599453,5.686093611785117,2,Lost/Churned
14193,68,3,1210.19,4.23410650459726,1.3862943611198906,7.0993586263743325,4,At Risk
14194,5,36,18670.59,1.791759469228055,3.6109179126442243,9.83475839627326,5,Champions
14195,202,6,2615.6,5.313205979041787,1.9459101490553132,7.869631044076776,1,Big Spenders
14196,107,1,335.52,4.68213122712422,0.6931471805599453,5.818657582682612,0,New/Occasional
14197,411,1,390.05,6.021023349349527,0.6931471805599453,5.968835429047621,2,Lost/Churned
14198,18,9,1569.73,2.9444389791664403,2.302585092994046,7.359295758431025,3,Loyal Customers
14199,218,4,1091.7,5.389071729816501,1.6094379124341003,6.9964069765767,4,At Risk
14200,617,1,379.2,6.42648845745769,0.6931471805599453,5.940697430054329,2,Lost/Churned
14201,60,10,1193.54,4.110873864173311,2.3978952727983707,7.0855164530197605,1,Big Spenders
14202,381,3,847.76,5.945420608606575,1.3862943611198906,6.743776460835899,4,At Risk
14203,397,1,339.34,5.986452005284438,0.6931471805599453,5.82994511794329,2,Lost/Churned
14204,2,4,1062.96,1.0986122886681098,1.6094379124341003,6.9697530752099555,3,Loyal Customers
14205,17,9,2414.2,2.8903717578961645,2.302585092994046,7.789537378392629,3,Loyal Customers
14206,239,3,1185.01,5.480638923341991,1.3862943611198906,7.078350011225329,4,At Risk
14207,688,1,157.8,6.535241271013659,0.6931471805599453,5.067645548813036,2,Lost/Churned
14208,95,2,567.05,4.564348191467836,1.0986122886681098,6.342209443015913,0,New/Occasional
14209,11,15,4993.27,2.4849066497880004,2.772588722239781,8.51604653425612,5,Champions
14210,106,16,5861.52,4.672828834461906,2.833213344056216,8.676334824262575,1,Big Spenders
14211,53,18,4402.29,3.9889840465642745,2.9444389791664403,8.390107267770315,1,Big Spenders
14212,90,2,2190.14,4.51085950651685,1.0986122886681098,7.692177235317669,4,At Risk
14213,405,1,1192.2,6.0063531596017325,0.6931471805599453,7.084394052640594,4,At Risk
14214,31,5,1004.38,3.4657359027997265,1.791759469228055,6.913120858480547,3,Loyal Customers
14215,12,9,3416.33,2.5649493574615367,2.302585092994046,8.136614823395947,3,Loyal Customers
14216,3,5,2150.04,1.3862943611198906,1.791759469228055,7.673706725096686,3,Loyal Customers
14217,2,23,3416.89,1.0986122886681098,3.1780538303479458,8.136778680594764,5,Champions
14218,43,1,169.48000000000002,3.784189633918261,0.6931471805599453,5.1386179877903615,0,New/Occasional
14219,4,3,633.83,1.6094379124341003,1.3862943611198906,6.4533572465147895,3,Loyal Customers
14220,247,4,1515.0,5.5134287461649825,1.6094379124341003,7.323830566202317,4,At Risk
14221,42,17,6517.49,3.7612001156935624,2.8903717578961645,8.78239803300639,1,Big Spenders
14222,177,1,683.17,5.181783550292085,0.6931471805599453,6.528206424753791,4,At Risk
14223,92,3,991.13,4.532599493153256,1.3862943611198906,6.89985414708588,4,At Risk
14224,110,9,1897.9,4.709530201312334,2.302585092994046,7.549030050131371,1,Big Spenders
14225,435,4,2037.02,6.077642243349034,1.6094379124341003,7.6197340272772065,4,At Risk
14226,29,6,3002.53,3.4011973816621555,1.9459101490553132,8.007543542587262,1,Big Spenders
14227,26,15,6368.71,3.295836866004329,2.772588722239781,8.759309221627205,1,Big Spenders
14228,438,3,745.5,6.0844994130751715,1.3862943611198906,6.615395616979245,4,At Risk
14229,52,7,2594.04,3.970291913552122,2.0794415416798357,7.86135720973938,1,Big Spenders
14230,436,3,979.8000000000001,6.07993319509559,1.3862943611198906,6.888368565181947,4,At Risk
14231,184,4,1235.6200000000001,5.220355825078324,1.6094379124341003,7.120137130372299,4,At Risk
14232,43,5,2048.07,3.784189633918261,1.791759469228055,7.625141310661702,1,Big Spenders
14233,49,7,2904.27,3.912023005428146,2.0794415416798357,7.974281608168437,1,Big Spenders
14234,22,4,775.46,3.1354942159291497,1.6094379124341003,6.654745128061633,0,New/Occasional
14235,75,9,4717.99,4.330733340286331,2.302585092994046,8.459350072631114,1,Big Spenders
14236,81,5,1744.64,4.406719247264253,1.791759469228055,7.464876529573371,1,Big Spenders
14237,373,2,632.14,5.924255797414532,1.0986122886681098,6.450691566726245,4,At Risk
14238,326,3,434.23,5.7899601708972535,1.3862943611198906,6.075874626989435,4,At Risk
14239,43,21,4263.17,3.784189633918261,3.091042453358316,8.358002833718864,1,Big Spenders
14240,30,3,1247.49,3.4339872044851463,1.3862943611198906,7.129690100076217,0,New/Occasional
14241,184,2,333.7,5.220355825078324,1.0986122886681098,5.8132346082172806,2,Lost/Churned
14242,235,2,280.55,5.4638318050256105,1.0986122886681098,5.640310051700627,2,Lost/Churned
14243,9,17,7431.05,2.302585092994046,2.8903717578961645,8.913557008135198,5,Champions
14244,661,1,366.41999999999996,6.495265555937008,0.6931471805599453,5.906505607880791,2,Lost/Churned
14245,220,2,1693.45,5.3981627015177525,1.0986122886681098,7.435113483382488,4,At Risk
14246,111,3,1474.06,4.718498871295094,1.3862943611198906,7.296453945912696,4,At Risk
14247,278,5,772.66,5.631211781821365,1.791759469228055,6.651132500593759,4,At Risk
14248,318,3,1032.95,5.765191102784844,1.3862943611198906,6.941141697999771,4,At Risk
14249,411,12,5625.461,6.021023349349527,2.5649493574615367,8.63523592668109,1,Big Spenders
14250,7,3,1904.05,2.0794415416798357,1.3862943611198906,7.552263533935522,3,Loyal Customers
14251,2,5,2879.7000000000003,1.0986122886681098,1.791759469228055,7.965788599152331,3,Loyal Customers
14252,381,1,350.99,5.945420608606575,0.6931471805599453,5.863602766103642,2,Lost/Churned
14253,493,2,363.40000000000003,6.202535517187923,1.0986122886681098,5.898252165385803,2,Lost/Churned
14254,433,1,601.03,6.073044534100405,0.6931471805599453,6.400307277954197,2,Lost/Churned
14255,546,1,1000.63,6.304448802421981,0.6931471805599453,6.909383951973957,4,At Risk
14256,260,5,2473.9900000000002,5.564520407322694,1.791759469228055,7.813991634590588,4,At Risk
14257,64,9,5954.45,4.174387269895637,2.302585092994046,8.692062045685008,1,Big Spenders
14258,9,25,32051.34,2.302585092994046,3.258096538021482,10.375125470604086,5,Champions
14259,142,1,120.0,4.962844630259907,0.6931471805599453,4.795790545596741,2,Lost/Churned
14260,471,3,824.28,6.156978985585555,1.3862943611198906,6.71572272269298,4,At Risk
14261,51,2,1163.45,3.9512437185814275,1.0986122886681098,7.060004151519799,0,New/Occasional
14262,8,8,2618.23,2.1972245773362196,2.1972245773362196,7.870635660430322,3,Loyal Customers
14263,423,1,322.93,6.049733455231958,0.6931471805599453,5.780527443067584,2,Lost/Churned
14264,155,6,1517.3600000000001,5.049856007249537,1.9459101490553132,7.325386083989173,4,At Risk
14265,109,4,1373.35,4.700480365792417,1.6094379124341003,7.225736171057181,4,At Risk
14266,428,1,40.56,6.061456918928017,0.6931471805599453,3.727138166231027,2,Lost/Churned
14267,163,3,1516.24,5.099866427824199,1.3862943611198906,7.3246481738226015,4,At Risk
14268,471,1,354.85,6.156978985585555,0.6931471805599453,5.87450929374528,2,Lost/Churned
14269,439,1,295.73,6.0867747269123065,0.6931471805599453,5.692822634419859,2,Lost/Churned
14270,332,1,492.65000000000003,5.808142489980444,0.6931471805599453,6.201826764057459,2,Lost/Churned
14271,226,2,219.13,5.424950017481403,1.0986122886681098,5.39421828092524,2,Lost/Churned
14272,74,4,920.81,4.31748811353631,1.6094379124341003,6.826339128567769,4,At Risk
14273,51,4,559.97,3.9512437185814275,1.6094379124341003,6.329667428156979,0,New/Occasional
14274,686,1,256.6,6.532334292222349,0.6931471805599453,5.551407994230199,2,Lost/Churned
14275,396,6,1189.3799999999999,5.983936280687191,1.9459101490553132,7.082027862862419,4,At Risk
14276,99,7,2102.68,4.605170185988092,2.0794415416798357,7.6514434710358,1,Big Spenders
14277,15,9,17225.81,2.772588722239781,2.302585092994046,9.754222170187196,5,Champions
14278,410,1,205.83,6.018593214496234,0.6931471805599453,5.331897199811232,2,Lost/Churned
14279,521,2,191.86,6.257667587882639,1.0986122886681098,5.261964537082238,2,Lost/Churned
14280,197,1,134.04,5.288267030694535,0.6931471805599453,4.905571030847647,2,Lost/Churned
14281,408,1,245.15,6.013715156042802,0.6931471805599453,5.50594110620421,2,Lost/Churned
14282,3,25,7849.66,1.3862943611198906,3.258096538021482,8.96835288367535,5,Champions
14283,463,4,628.44,6.139884552226255,1.6094379124341003,6.444830535200694,4,At Risk
14284,31,3,1299.65,3.4657359027997265,1.3862943611198906,7.170619418491279,0,New/Occasional
14285,21,8,3284.42,3.091042453358316,2.1972245773362196,8.097249776627379,3,Loyal Customers
14286,24,7,8479.76,3.2188758248682006,2.0794415416798357,9.04555534741159,1,Big Spenders
14287,8,3,176.63,2.1972245773362196,1.3862943611198906,5.179702735211794,0,New/Occasional
14288,213,1,426.6,5.365976015021851,0.6931471805599453,6.05818817915089,2,Lost/Churned
14289,9,6,911.26,2.302585092994046,1.9459101490553132,6.815925037163848,3,Loyal Customers
14290,11,8,4516.56,2.4849066497880004,2.1972245773362196,8.41572730406053,3,Loyal Customers
14291,2,23,7904.1,1.0986122886681098,3.1780538303479458,8.975263399784938,5,Champions
14292,8,16,9226.25,2.1972245773362196,2.833213344056216,9.129916341608387,5,Champions
14293,3,9,3267.9300000000003,1.3862943611198906,2.302585092994046,8.092217993218712,3,Loyal Customers
14294,407,1,375.34000000000003,6.0112671744041615,0.6931471805599453,5.930492990116498,2,Lost/Churned
14295,40,5,2362.91,3.713572066704308,1.791759469228055,7.768072306735277,1,Big Spenders
14296,421,2,456.4,6.045005314036012,1.0986122886681098,6.125558281588681,2,Lost/Churned
14297,18,4,1305.33,2.9444389791664403,1.6094379124341003,7.174976957856922,3,Loyal Customers
14298,8,82,91194.49,2.1972245773362196,4.418840607796598,11.420760723085259,5,Champions
14299,8,27,14499.49,2.1972245773362196,3.332204510175204,9.58193772094114,5,Champions
14300,19,1,43.2,2.995732273553991,0.6931471805599453,3.7887247890836524,0,New/Occasional
14301,117,4,1992.18,4.770684624465665,1.6094379124341003,7.597486632240913,4,At Risk
14302,431,3,742.9000000000001,6.068425588244111,1.3862943611198906,6.611906617197296,4,At Risk
14303,407,2,277.94,6.0112671744041615,1.0986122886681098,5.630996704930548,2,Lost/Churned
14304,223,3,1725.01,5.4116460518550396,1.3862943611198906,7.453567665369348,4,At Risk
14305,71,3,1858.96,4.276666119016055,1.3862943611198906,7.528310261099659,4,At Risk
14306,51,6,3151.4,3.9512437185814275,1.9459101490553132,8.055919346479495,1,Big Spenders
14307,89,10,5071.03,4.499809670330265,2.3978952727983707,8.531496410926067,1,Big Spenders
14308,549,2,1147.02,6.309918278226516,1.0986122886681098,7.045793998330545,4,At Risk
14309,8,11,3780.81,2.1972245773362196,2.4849066497880004,8.237958009987105,3,Loyal Customers
14310,433,1,492.1,6.073044534100405,0.6931471805599453,6.2007119932300805,2,Lost/Churned
14311,243,2,516.45,5.497168225293202,1.0986122886681098,6.248912902114182,4,At Risk
14312,47,11,3090.29,3.871201010907891,2.4849066497880004,8.0363437585012,1,Big Spenders
14314,107,2,229.79999999999998,4.68213122712422,1.0986122886681098,5.441551534633945,0,New/Occasional
14315,45,8,3197.82,3.828641396489095,2.1972245773362196,8.070537270782818,1,Big Spenders
14316,422,5,1370.34,6.0473721790462776,1.791759469228055,7.223543642981688,4,At Risk
14317,65,1,508.58,4.189654742026425,0.6931471805599453,6.233586857019973,0,New/Occasional
14318,460,1,158.02,6.133398042996649,0.6931471805599453,5.069029980473338,2,Lost/Churned
14319,424,1,494.85,6.052089168924417,0.6931471805599453,6.206273461632134,2,Lost/Churned
14320,207,5,1346.75,5.337538079701318,1.791759469228055,7.2061918143317785,4,At Risk
14321,11,7,2218.06,2.4849066497880004,2.0794415416798357,7.704838961773891,3,Loyal Customers
14322,429,4,474.1,6.063785208687608,1.6094379124341003,6.163525308192876,4,At Risk
14323,115,2,605.0600000000001,4.7535901911063645,1.0986122886681098,6.406978991069148,4,At Risk
14324,410,2,701.61,6.018593214496234,1.0986122886681098,6.554801972579857,4,At Risk
14325,570,1,245.48000000000002,6.3473892096560105,0.6931471805599453,5.507280854288412,2,Lost/Churned
14326,242,3,940.98,5.493061443340548,1.3862943611198906,6.847984042928468,4,At Risk
14327,163,6,1894.93,5.099866427824199,1.9459101490553132,7.54746476230219,4,At Risk
14328,438,1,445.05,6.0844994130751715,0.6931471805599453,6.1004310533597925,2,Lost/Churned
14329,17,15,9927.22,2.8903717578961645,2.772588722239781,9.203136486187676,5,Champions
14330,624,1,200.63,6.437751649736401,0.6931471805599453,5.3064343346499845,2,Lost/Churned
14331,124,2,462.66,4.8283137373023015,1.0986122886681098,6.139151525006747,4,At Risk
14332,23,5,1943.51,3.1780538303479458,1.791759469228055,7.572765296292786,3,Loyal Customers
14333,68,1,415.2,4.23410650459726,0.6931471805599453,6.031165913959534,0,New/Occasional
14334,17,12,4318.4800000000005,2.8903717578961645,2.5649493574615367,8.37089030362269,1,Big Spenders
14335,16,2,468.26,2.833213344056216,1.0986122886681098,6.151156985841575,0,New/Occasional
14336,17,4,1614.91,2.8903717578961645,1.6094379124341003,7.387653544460817,3,Loyal Customers
14338,161,3,928.1,5.087596335232384,1.3862943611198906,6.834216375647267,4,At Risk
14339,243,2,620.27,5.497168225293202,1.0986122886681098,6.431765770051603,4,At Risk
14340,219,1,134.7,5.393627546352362,0.6931471805599453,4.9104465668408235,2,Lost/Churned
14341,45,18,4467.32,3.828641396489095,2.9444389791664403,8.40476777803629,1,Big Spenders
14342,21,6,918.44,3.091042453358316,1.9459101490553132,6.823764789060503,3,Loyal Customers
14343,421,4,1088.91,6.045005314036012,1.6094379124341003,6.993850403006858,4,At Risk
14344,127,20,3333.7000000000003,4.852030263919617,3.044522437723423,8.112137999281039,1,Big Spenders
14345,39,1,108.98,3.6888794541139363,0.6931471805599453,4.700298531079668,0,New/Occasional
14346,121,5,2315.75,4.804021044733257,1.791759469228055,7.747920620466801,1,Big Spenders
14347,737,1,82.60000000000001,6.6039438246004725,0.6931471805599453,4.426043520090656,2,Lost/Churned
14348,260,1,409.57,5.564520407322694,0.6931471805599453,6.017546438106483,2,Lost/Churned
14349,10,1,133.5,2.3978952727983707,0.6931471805599453,4.901564199041894,0,New/Occasional
14350,274,3,972.03,5.616771097666572,1.3862943611198906,6.880414914187569,4,At Risk
14351,165,1,51.0,5.111987788356544,0.6931471805599453,3.9512437185814275,2,Lost/Churned
14352,157,4,1078.96,5.062595033026967,1.6094379124341003,6.984679282395341,4,At Risk
14353,215,3,376.5,5.375278407684165,1.3862943611198906,5.933570568689079,4,At Risk
14354,6,2,163.62,1.9459101490553132,1.0986122886681098,5.103639787544498,0,New/Occasional
14355,366,3,1014.45,5.905361848054571,1.3862943611198906,6.923087142979119,4,At Risk
14356,80,2,701.23,4.394449154672439,1.0986122886681098,6.5542609856927125,0,New/Occasional
14357,43,1,225.77,3.784189633918261,0.6931471805599453,5.423936287972195,0,New/Occasional
14358,389,2,400.06,5.966146739123692,1.0986122886681098,5.994111042048887,2,Lost/Churned
14359,19,3,912.1800000000001,2.995732273553991,1.3862943611198906,6.816933013408364,0,New/Occasional
14360,32,4,2128.23,3.4965075614664802,1.6094379124341003,7.663515690998327,3,Loyal Customers
14361,579,1,214.71,6.363028103540465,0.6931471805599453,5.373934913006625,2,Lost/Churned
14362,22,1,161.2,3.1354942159291497,0.6931471805599453,5.088830141681313,0,New/Occasional
14363,402,2,227.47000000000003,5.998936561946683,1.0986122886681098,5.431404910686392,2,Lost/Churned
14364,109,8,3717.35,4.700480365792417,2.1972245773362196,8.221035300483413,1,Big Spenders
14365,395,2,634.68,5.981414211254481,1.0986122886681098,6.454695292066289,4,At Risk
14366,525,1,136.0,6.26530121273771,0.6931471805599453,4.919980925828125,2,Lost/Churned
14367,8,16,9261.52,2.1972245773362196,2.833213344056216,9.133731428846275,5,Champions
14368,320,1,155.0,5.771441123130016,0.6931471805599453,5.049856007249537,2,Lost/Churned
14369,642,2,469.13,6.466144724237619,1.0986122886681098,6.153009252203234,2,Lost/Churned
14370,451,6,1175.78,6.113682179832232,1.9459101490553132,7.070537173901474,4,At Risk
14371,295,1,100.5,5.69035945432406,0.6931471805599453,4.620058798481842,2,Lost/Churned
14372,443,2,860.08,6.095824562432225,1.0986122886681098,6.758187415326246,4,At Risk
14373,358,1,76.55,5.883322388488279,0.6931471805599453,4.350922889622548,2,Lost/Churned
14374,541,1,108.0,6.295266001439646,0.6931471805599453,4.6913478822291435,2,Lost/Churned
14375,185,3,1132.99,5.225746673713202,1.3862943611198906,7.033497665906664,4,At Risk
14376,683,1,215.46,6.52795791762255,0.6931471805599453,5.377405772867,2,Lost/Churned
14377,191,2,617.05,5.2574953720277815,1.0986122886681098,6.426569360333832,4,At Risk
14378,622,1,131.25,6.434546518787453,0.6931471805599453,4.8846940707384086,2,Lost/Churned
14379,44,4,1268.91,3.8066624897703196,1.6094379124341003,7.146701310799781,3,Loyal Customers
14380,682,1,48.96,6.52649485957079,0.6931471805599453,3.911222685257377,2,Lost/Churned
14381,52,2,631.34,3.970291913552122,1.0986122886681098,6.449427224173901,0,New/Occasional
14382,26,2,1246.8,3.295836866004329,1.0986122886681098,7.129137279676686,0,New/Occasional
14383,38,3,1247.69,3.6635616461296463,1.3862943611198906,7.129850280760371,0,New/Occasional
14384,501,1,58.5,6.218600119691729,0.6931471805599453,4.085976312551584,2,Lost/Churned
14385,9,3,202.10999999999999,2.302585092994046,1.3862943611198906,5.3137477042033945,0,New/Occasional
14386,297,1,142.4,5.697093486505405,0.6931471805599453,4.96563792816552,2,Lost/Churned
14387,33,3,1770.56,3.5263605246161616,1.3862943611198906,7.479615793333997,3,Loyal Customers
14388,10,16,6701.0,2.3978952727983707,2.833213344056216,8.810161268297255,5,Champions
14389,65,5,1898.01,4.189654742026425,1.791759469228055,7.549087976727858,1,Big Spenders
14390,10,13,6399.83,2.3978952727983707,2.6390573296152584,8.764182948439066,5,Champions
14391,577,1,135.6,6.359573868672378,0.6931471805599453,4.91705694713669,2,Lost/Churned
14392,432,1,266.4,6.07073772800249,0.6931471805599453,5.588745664667843,2,Lost/Churned
14393,218,1,67.95,5.389071729816501,0.6931471805599453,4.233381604239311,2,Lost/Churned
14394,565,1,93.8,6.338594078203183,0.6931471805599453,4.551769409260976,2,Lost/Churned
14395,2,20,8208.01,1.0986122886681098,3.044522437723423,9.012987610522698,5,Champions
14396,65,7,2121.93,4.189654742026425,2.0794415416798357,7.660552488950523,1,Big Spenders
14397,3,19,2612.96,1.3862943611198906,2.995732273553991,7.868621591848266,5,Champions
14398,401,2,707.79,5.996452088619021,1.0986122886681098,6.563559290839203,4,At Risk
14399,394,8,2113.16,5.978885764901122,2.1972245773362196,7.65641284946965,4,At Risk
14400,149,3,1732.47,5.0106352940962555,1.3862943611198906,7.45788045894706,4,At Risk
14401,4,22,6795.9,1.6094379124341003,3.1354942159291497,8.824221904865304,5,Champions
14402,652,1,285.6,6.481577129276431,0.6931471805599453,5.6580875153940715,2,Lost/Churned
14403,130,6,1880.51,4.875197323201151,1.9459101490553132,7.539829924927686,1,Big Spenders
14404,34,13,2899.11,3.5553480614894135,2.6390573296152584,7.9725039462896845,1,Big Spenders
14405,387,1,195.0,5.961005339623274,0.6931471805599453,5.278114659230517,2,Lost/Churned
14406,119,1,156.75,4.787491742782046,0.6931471805599453,5.061011501421323,2,Lost/Churned
14407,107,6,2157.73,4.68213122712422,1.9459101490553132,7.677275364797242,1,Big Spenders
14408,11,11,4109.77,2.4849066497880004,2.4849066497880004,8.321365637874722,3,Loyal Customers
14409,71,9,3756.09,4.276666119016055,2.302585092994046,8.231400000570517,1,Big Spenders
14410,92,11,2651.14,4.532599493153256,2.4849066497880004,7.8831221402592995,1,Big Spenders
14411,311,1,1063.0,5.7430031878094825,0.6931471805599453,6.96979066990159,4,At Risk
14412,43,3,1426.19,3.784189633918261,1.3862943611198906,7.26346275507474,0,New/Occasional
14413,362,4,770.37,5.8944028342648505,1.6094379124341003,6.648168154688608,4,At Risk
14414,92,8,2399.33,4.532599493153256,2.1972245773362196,7.783361506883779,1,Big Spenders
14415,1,23,12091.6,0.6931471805599453,3.1780538303479458,9.400348974251534,5,Champions
14416,22,2,490.22,3.1354942159291497,1.0986122886681098,6.1968920926164115,0,New/Occasional
14417,388,1,604.2,5.963579343618446,0.6931471805599453,6.405558981914201,2,Lost/Churned
14418,4,3,1937.25,1.6094379124341003,1.3862943611198906,7.569540783099068,3,Loyal Customers
14419,11,7,1260.91,2.4849066497880004,2.0794415416798357,7.140381725185672,3,Loyal Customers
14420,99,4,1639.17,4.605170185988092,1.6094379124341003,7.4025551739826545,4,At Risk
14421,57,6,2469.37,4.060443010546419,1.9459101490553132,7.812123215974338,1,Big Spenders
14422,1,19,10271.52,0.6931471805599453,2.995732273553991,9.237227647701399,5,Champions
14423,218,3,916.61,5.389071729816501,1.3862943611198906,6.8217724637505475,4,At Risk
14424,18,1,322.08,2.9444389791664403,0.6931471805599453,5.777899970574095,0,New/Occasional
14425,435,3,661.39,6.077642243349034,1.3862943611198906,6.495854506338738,4,At Risk
14426,24,17,11727.94,3.2188758248682006,2.8903717578961645,9.3698145709828,5,Champions
14427,50,4,1263.52,3.9318256327243257,1.6094379124341003,7.142447882513212,0,New/Occasional
14428,7,5,1244.83,2.0794415416798357,1.791759469228055,7.127557253441968,3,Loyal Customers
14429,404,1,516.28,6.003887067106539,0.6931471805599453,6.248584313977123,2,Lost/Churned
14430,512,3,1220.9,6.240275845170769,1.3862943611198906,7.108162303322477,4,At Risk
14431,303,4,2614.2,5.717027701406222,1.6094379124341003,7.869095855410001,4,At Risk
14432,10,6,2255.51,2.3978952727983707,1.9459101490553132,7.72157465089916,3,Loyal Customers
14433,466,1,289.6,6.1463292576688975,0.6931471805599453,5.671947751136183,2,Lost/Churned
14434,22,6,1372.8,3.1354942159291497,1.9459101490553132,7.225335901779781,3,Loyal Customers
14435,502,1,90.42,6.220590170099739,0.6931471805599453,4.515464272903598,2,Lost/Churned
14436,99,2,271.7,4.605170185988092,1.0986122886681098,5.608372289851543,0,New/Occasional
14437,366,5,958.84,5.905361848054571,1.791759469228055,6.866766603904783,4,At Risk
14438,306,1,131.9,5.726847747587197,0.6931471805599453,4.8895969657192,2,Lost/Churned
14439,320,5,9443.04,5.771441123130016,1.791759469228055,9.15313913368987,1,Big Spenders
14440,8,13,6638.7300000000005,2.1972245773362196,2.6390573296152584,8.80082657899313,5,Champions
14441,1,11,4611.6900000000005,0.6931471805599453,2.4849066497880004,8.436566479912322,3,Loyal Customers
14442,205,7,5367.02,5.327876168789581,2.0794415416798357,8.588214404426992,1,Big Spenders
14443,54,5,2386.4700000000003,4.007333185232471,1.791759469228055,7.777989506830913,1,Big Spenders
14444,456,1,132.04,6.124683390894205,0.6931471805599453,4.890649834884672,2,Lost/Churned
14445,456,1,221.65,6.124683390894205,0.6931471805599453,5.405601031767711,2,Lost/Churned
14446,1,5,1241.31,0.6931471805599453,1.791759469228055,7.12472782877268,3,Loyal Customers
14447,19,6,1711.73,2.995732273553991,1.9459101490553132,7.445843867687404,3,Loyal Customers
14448,9,2,375.35,2.302585092994046,1.0986122886681098,5.930519561480541,0,New/Occasional
14449,19,8,2482.8,2.995732273553991,2.1972245773362196,7.817544924513932,3,Loyal Customers
14450,181,7,1128.44,5.204006687076795,2.0794415416798357,7.029477213647162,4,At Risk
14451,60,12,3308.77,4.110873864173311,2.5649493574615367,8.104633979551982,1,Big Spenders
14452,11,4,665.59,2.4849066497880004,1.6094379124341003,6.502175164260966,3,Loyal Customers
14453,190,1,119.93,5.25227342804663,0.6931471805599453,4.795211865797184,2,Lost/Churned
14454,376,5,977.3000000000001,5.932245187448011,1.791759469228055,6.885816371463383,4,At Risk
14455,432,4,628.21,6.07073772800249,1.6094379124341003,6.444465064255539,4,At Risk
14456,5,9,3062.4,1.791759469228055,2.302585092994046,8.027280689230453,3,Loyal Customers
14457,311,1,113.64,5.7430031878094825,0.6931471805599453,4.741796783519916,2,Lost/Churned
14458,381,1,237.42,5.945420608606575,0.6931471805599453,5.474033824289855,2,Lost/Churned
14459,155,2,5375.741,5.049856007249537,1.0986122886681098,8.589837707526067,4,At Risk
14460,110,9,1093.5,4.709530201312334,2.302585092994046,6.9980529169629175,1,Big Spenders
14461,148,13,6713.5,5.003946305945459,2.6390573296152584,8.81202464602123,1,Big Spenders
14462,66,12,2270.01,4.204692619390966,2.5649493574615367,7.727979945442407,1,Big Spenders
14463,98,4,786.5699999999999,4.59511985013459,1.6094379124341003,6.668952255638294,4,At Risk
14464,568,2,111.0,6.343880434126331,1.0986122886681098,4.718498871295094,2,Lost/Churned
14465,247,11,3946.03,5.5134287461649825,2.4849066497880004,8.280718676343362,1,Big Spenders
14466,29,13,4646.9,3.4011973816621555,2.6390573296152584,8.444170783670355,1,Big Spenders
14467,18,12,2220.9900000000002,2.9444389791664403,2.5649493574615367,7.706158469739403,3,Loyal Customers
14468,734,1,204.24,6.5998704992128365,0.6931471805599453,5.324180026073764,2,Lost/Churned
14469,416,4,2112.21,6.0330862217988015,1.6094379124341003,7.655963397438722,4,At Risk
14470,12,3,712.04,2.5649493574615367,1.3862943611198906,6.569537519822462,0,New/Occasional
14471,591,2,400.95,6.3835066348840055,1.0986122886681098,5.99632770277397,2,Lost/Churned
14472,104,9,2228.22,4.653960350157523,2.302585092994046,7.709407027483593,1,Big Spenders
14473,74,2,234.34,4.31748811353631,1.0986122886681098,5.461031277035783,0,New/Occasional
14474,46,2,1278.08,3.8501476017100584,1.0986122886681098,7.153896348489046,0,New/Occasional
14475,72,4,1151.15,4.290459441148391,1.6094379124341003,7.0493850411128,4,At Risk
14476,257,1,215.7,5.552959584921617,0.6931471805599453,5.378513908542313,2,Lost/Churned
14477,20,7,1969.6,3.044522437723423,2.0794415416798357,7.586093343888374,3,Loyal Customers
14478,382,4,1276.66,5.948034989180646,1.6094379124341003,7.152785558853802,4,At Risk
14479,254,4,1299.11,5.541263545158426,1.6094379124341003,7.170204155254564,4,At Risk
14480,11,4,1299.52,2.4849066497880004,1.6094379124341003,7.170519463470955,3,Loyal Customers
14481,165,5,2311.4900000000002,5.111987788356544,1.791759469228055,7.746080145052906,4,At Risk
14482,18,12,4357.91,2.9444389791664403,2.5649493574615367,8.37997730508787,1,Big Spenders
14483,282,2,257.1,5.645446897643238,1.0986122886681098,5.553347106724568,2,Lost/Churned
14484,50,4,1070.98,3.9318256327243257,1.6094379124341003,6.977262684740291,0,New/Occasional
14485,39,1,165.75,3.6888794541139363,0.6931471805599453,5.1164956847957335,0,New/Occasional
14486,512,2,175.5,6.240275845170769,1.0986122886681098,5.173320876373351,2,Lost/Churned
14487,27,7,1453.61,3.332204510175204,2.0794415416798357,7.282493102439006,3,Loyal Customers
14488,68,1,1064.28,4.23410650459726,0.6931471805599453,6.97099295438666,0,New/Occasional
14489,207,4,1574.93,5.337538079701318,1.6094379124341003,7.362600853187739,4,At Risk
14490,406,2,1273.47,6.008813185442595,1.0986122886681098,7.150285684896527,4,At Risk
14491,175,2,468.13,5.170483995038151,1.0986122886681098,6.150879915538542,4,At Risk
14492,430,7,1921.91,6.066108090103747,2.0794415416798357,7.561594942621463,4,At Risk
14493,7,10,5130.15,2.0794415416798357,2.3978952727983707,8.54308508458209,3,Loyal Customers
14494,26,3,401.46,3.295836866004329,1.3862943611198906,5.997595713038222,0,New/Occasional
14495,51,3,174.8,3.9512437185814275,1.3862943611198906,5.169346985251076,0,New/Occasional
14496,312,7,2668.23,5.746203190540153,2.0794415416798357,7.889545320288934,1,Big Spenders
14497,309,2,697.0600000000001,5.736572297479192,1.0986122886681098,6.54830505895342,4,At Risk
14498,43,10,3911.27,3.784189633918261,2.3978952727983707,8.271873047177955,1,Big Spenders
14499,26,7,2138.9700000000003,3.295836866004329,2.0794415416798357,7.668547089226045,3,Loyal Customers
14500,88,3,356.85,4.48863636973214,1.3862943611198906,5.880113904184607,0,New/Occasional
14501,184,2,251.21,5.220355825078324,1.0986122886681098,5.530262073815315,2,Lost/Churned
14502,20,11,2470.67,3.044522437723423,2.4849066497880004,7.81264931452068,1,Big Spenders
14503,3,6,3543.26,1.3862943611198906,1.9459101490553132,8.173084672465158,3,Loyal Customers
14504,47,4,673.26,3.871201010907891,1.6094379124341003,6.513615793203887,0,New/Occasional
14505,17,19,12001.84,2.8903717578961645,2.995732273553991,9.392898567435667,5,Champions
14506,17,7,3290.67,2.8903717578961645,2.0794415416798357,8.099150313758928,3,Loyal Customers
14507,24,11,3284.4300000000003,3.2188758248682006,2.4849066497880004,8.09725282037362,1,Big Spenders
14508,22,5,874.9399999999999,3.1354942159291497,1.791759469228055,6.775297595439944,3,Loyal Customers
14509,534,1,110.95,6.282266746896006,0.6931471805599453,4.718052343044764,2,Lost/Churned
14510,376,3,1007.28,5.932245187448011,1.3862943611198906,6.916001187835988,4,At Risk
14511,11,5,1314.81,2.4849066497880004,1.791759469228055,7.182207724562218,3,Loyal Customers
14512,188,7,1223.47,5.241747015059643,2.0794415416798357,7.110263376296262,4,At Risk
14513,101,6,788.01,4.624972813284271,1.9459101490553132,6.670778995036786,4,At Risk
14514,61,9,4598.9800000000005,4.127134385045092,2.302585092994046,8.433807234641648,1,Big Spenders
14515,18,12,3749.26,2.9444389791664403,2.5649493574615367,8.229580449894346,1,Big Spenders
14516,516,1,163.92,6.248042874508429,0.6931471805599453,5.105460507838699,2,Lost/Churned
14517,33,2,330.45,3.5263605246161616,1.0986122886681098,5.8034769686874,0,New/Occasional
14518,64,1,174.37,4.174387269895637,0.6931471805599453,5.166898027681201,0,New/Occasional
14519,684,2,206.09,6.529418838262226,1.0986122886681098,5.333153481383494,2,Lost/Churned
14520,2,2,270.6,1.0986122886681098,1.0986122886681098,5.604330395684541,0,New/Occasional
14521,491,1,199.45000000000002,6.198478716492308,0.6931471805599453,5.300564839088516,2,Lost/Churned
14522,24,8,1758.62,3.2188758248682006,2.1972245773362196,7.472853155629565,3,Loyal Customers
14523,108,1,241.09,4.6913478822291435,0.6931471805599453,5.489309557845162,2,Lost/Churned
14524,32,13,2933.71,3.4965075614664802,2.6390573296152584,7.984363919884673,1,Big Spenders
14525,20,17,8240.64,3.044522437723423,2.8903717578961645,9.016954632226062,5,Champions
14526,389,1,262.4,5.966146739123692,0.6931471805599453,5.573673789309181,2,Lost/Churned
14527,3,122,27792.3,1.3862943611198906,4.812184355372417,10.232550263437583,5,Champions
14528,37,1,364.21999999999997,3.6375861597263857,0.6931471805599453,5.900499911733888,0,New/Occasional
14529,60,3,620.04,4.110873864173311,1.3862943611198906,6.431395492097425,0,New/Occasional
14530,26,16,6197.4,3.295836866004329,2.833213344056216,8.732046473212677,1,Big Spenders
14531,480,1,376.34,6.175867270105761,0.6931471805599453,5.933146637783467,2,Lost/Churned
14532,236,11,3859.1800000000003,5.4680601411351315,2.4849066497880004,8.258469093495986,1,Big Spenders
14533,25,11,3466.37,3.258096538021482,2.4849066497880004,8.151151660498439,1,Big Spenders
14534,3,26,6271.11,1.3862943611198906,3.295836866004329,8.743868100141757,5,Champions
14535,60,9,6030.7300000000005,4.110873864173311,2.302585092994046,8.704789147412766,1,Big Spenders
14536,260,1,171.8,5.564520407322694,0.6931471805599453,5.152134856369956,2,Lost/Churned
14537,58,2,641.4,4.07753744390572,1.0986122886681098,6.465211162632552,0,New/Occasional
14538,65,5,1370.8400000000001,4.189654742026425,1.791759469228055,7.223908183409613,1,Big Spenders
14539,16,2,537.48,2.833213344056216,1.0986122886681098,6.288750355702458,0,New/Occasional
14540,10,11,3795.34,2.3978952727983707,2.4849066497880004,8.241792723685128,3,Loyal Customers
14541,59,14,2499.68,4.0943445622221,2.70805020110221,7.824317973870999,1,Big Spenders
14542,186,1,103.25,5.231108616854587,0.6931471805599453,4.646791860678911,2,Lost/Churned
14543,29,39,14906.77,3.4011973816621555,3.6888794541139363,9.609637832521994,5,Champions
14544,24,3,2982.43,3.2188758248682006,1.3862943611198906,8.000828924310488,3,Loyal Customers
14545,674,1,349.25,6.51471269087253,0.6931471805599453,5.858647185217117,2,Lost/Churned
14546,5,11,5197.9,1.791759469228055,2.4849066497880004,8.556202343730565,3,Loyal Customers
14547,4,8,4007.54,1.6094379124341003,2.1972245773362196,8.29618236422828,3,Loyal Customers
14548,151,9,2627.49,5.0238805208462765,2.302585092994046,7.874164815801058,1,Big Spenders
14549,311,4,916.5500000000001,5.7430031878094825,1.6094379124341003,6.821707074356683,4,At Risk
14550,11,4,1353.31,2.4849066497880004,1.6094379124341003,7.21104737852242,3,Loyal Customers
14551,18,7,880.04,2.9444389791664403,2.0794415416798357,6.781103027856688,3,Loyal Customers
14552,152,3,511.28000000000003,5.030437921392435,1.3862943611198906,6.238871350557871,4,At Risk
14553,19,9,1841.54,2.995732273553991,2.302585092994046,7.518900333461491,3,Loyal Customers
14554,10,4,2381.04,2.3978952727983707,1.6094379124341003,7.775712542385502,3,Loyal Customers
14555,57,6,2315.63,4.060443010546419,1.9459101490553132,7.747868822427345,1,Big Spenders
14556,596,3,835.34,6.391917113392602,1.3862943611198906,6.72903522896985,4,At Risk
14557,85,1,788.38,4.454347296253507,0.6931471805599453,6.671247827209794,0,New/Occasional
14558,654,3,655.5,6.484635235635252,1.3862943611198906,6.486922693742851,4,At Risk
14559,390,1,75.6,5.968707559985366,0.6931471805599453,4.338597076746545,2,Lost/Churned
14560,7,44,6114.03,2.0794415416798357,3.8066624897703196,8.718504954078167,5,Champions
14561,76,3,1080.76,4.343805421853684,1.3862943611198906,6.986344623342368,4,At Risk
14562,4,26,6729.400000000001,1.6094379124341003,3.295836866004329,8.814389856236604,5,Champions
14563,510,2,679.44,6.236369590203704,1.0986122886681098,6.522739647741382,4,At Risk
14564,435,2,2605.62,6.077642243349034,1.0986122886681098,7.86580964189769,4,At Risk
14565,96,5,3859.2200000000003,4.574710978503383,1.791759469228055,8.258479455653386,1,Big Spenders
14566,111,4,4092.0,4.718498871295094,1.6094379124341003,8.317033476492403,1,Big Spenders
14567,57,2,1530.3600000000001,4.060443010546419,1.0986122886681098,7.3339115084475965,0,New/Occasional
14568,435,1,919.7,6.077642243349034,0.6931471805599453,6.8251342502938,4,At Risk
14569,1,4,598.98,0.6931471805599453,1.6094379124341003,6.396896321327245,3,Loyal Customers
14570,281,3,613.75,5.641907070938114,1.3862943611198906,6.421215681096302,4,At Risk
14571,425,1,161.65,6.054439346269371,0.6931471805599453,5.091600652919361,2,Lost/Churned
14572,3,11,5615.18,1.3862943611198906,2.4849066497880004,8.633406996474067,3,Loyal Customers
14573,180,13,2621.42,5.198497031265826,2.6390573296152584,7.871852834562069,1,Big Spenders
14574,733,1,143.70000000000002,6.598509028614515,0.6931471805599453,4.974662633637438,2,Lost/Churned
14575,488,1,460.71,6.192362489474872,0.6931471805599453,6.134936988364375,2,Lost/Churned
14576,372,1,70.80000000000001,5.921578419643816,0.6931471805599453,4.273884476054179,2,Lost/Churned
14577,13,7,1374.25,2.6390573296152584,2.0794415416798357,7.226390811755567,3,Loyal Customers
14578,3,1,168.63,1.3862943611198906,0.6931471805599453,5.133619594507631,0,New/Occasional
14579,432,1,105.56,6.07073772800249,0.6931471805599453,4.668708206792079,2,Lost/Churned
14580,518,1,14.85,6.251903883165888,0.6931471805599453,2.7631695003232895,2,Lost/Churned
14581,17,2,433.8,2.8903717578961645,1.0986122886681098,6.0748861552470546,0,New/Occasional
14582,41,1,114.11,3.7376696182833684,0.6931471805599453,4.74588819292697,0,New/Occasional
14583,6,8,1781.03,1.9459101490553132,2.1972245773362196,7.485508442905882,3,Loyal Customers
14584,169,8,1747.91,5.135798437050262,2.1972245773362196,7.466748015718609,1,Big Spenders
14585,50,5,1143.27,3.9318256327243257,1.791759469228055,7.042522158078838,1,Big Spenders
14586,277,1,237.35999999999999,5.627621113690637,0.6931471805599453,5.473782135878778,2,Lost/Churned
14587,19,9,1601.14,2.995732273553991,2.302585092994046,7.379095514571502,3,Loyal Customers
14588,578,1,135.39,6.361302477572996,0.6931471805599453,4.915518428938784,2,Lost/Churned
14589,372,1,79.5,5.921578419643816,0.6931471805599453,4.388257184424518,2,Lost/Churned
14590,425,20,3006.62,6.054439346269371,3.044522437723423,8.008904347302217,1,Big Spenders
14591,15,4,1447.14,2.772588722239781,1.6094379124341003,7.278035253354833,3,Loyal Customers
14592,35,3,570.46,3.58351893845611,1.3862943611198906,6.3481944895342695,0,New/Occasional
14593,22,12,3712.0099999999998,3.1354942159291497,2.5649493574615367,8.219598147413421,1,Big Spenders
14594,7,2,634.83,2.0794415416798357,1.0986122886681098,6.454931232012803,0,New/Occasional
14595,20,8,2164.45,3.044522437723423,2.1972245773362196,7.680383471032311,3,Loyal Customers
14596,627,1,229.47,6.4425401664681985,0.6931471805599453,5.4401207021224,2,Lost/Churned
14597,11,6,2201.54,2.4849066497880004,1.9459101490553132,7.697366518825899,3,Loyal Customers
14598,44,2,384.03999999999996,3.8066624897703196,1.0986122886681098,5.953347224994854,0,New/Occasional
14599,390,2,474.54,5.968707559985366,1.0986122886681098,6.164451000424257,2,Lost/Churned
14600,306,2,865.17,5.726847747587197,1.0986122886681098,6.764081194147044,4,At Risk
14601,11,1,213.96,2.4849066497880004,0.6931471805599453,5.370451964307236,0,New/Occasional
14602,656,1,205.35999999999999,6.48768401848461,0.6931471805599453,5.329622216376449,2,Lost/Churned
14603,275,1,660.0,5.62040086571715,0.6931471805599453,6.493753839851686,2,Lost/Churned
14604,633,1,143.85999999999999,6.452048954437226,0.6931471805599453,4.97576775876718,2,Lost/Churned
14605,374,4,937.16,5.926926025970411,1.6094379124341003,6.843920510152809,4,At Risk
14606,1,192,30861.06,0.6931471805599453,5.262690188904886,10.337282876767683,5,Champions
14607,16,22,24137.63,2.833213344056216,3.1354942159291497,10.091568740762675,5,Champions
14608,4,11,3352.94,1.6094379124341003,2.4849066497880004,8.117891053135486,3,Loyal Customers
14609,72,10,1486.2,4.290459441148391,2.3978952727983707,7.304650436407234,1,Big Spenders
14610,396,2,24.35,5.983936280687191,1.0986122886681098,3.232778730037192,2,Lost/Churned
14611,444,2,604.33,6.09807428216624,1.0986122886681098,6.405773763870038,4,At Risk
14612,415,1,877.7,6.030685260261263,0.6931471805599453,6.7784435425017975,4,At Risk
14613,680,1,76.32000000000001,6.523562306149512,0.6931471805599453,4.34795265434013,2,Lost/Churned
14614,386,1,295.13,5.958424693029782,0.6931471805599453,5.690798547097907,2,Lost/Churned
14615,394,5,951.76,5.978885764901122,1.791759469228055,6.859363035631714,4,At Risk
14616,243,5,527.78,5.497168225293202,1.791759469228055,6.270572466339624,4,At Risk
14617,403,2,190.47,6.0014148779611505,1.0986122886681098,5.254731138385114,2,Lost/Churned
14618,9,7,1342.32,2.302585092994046,2.0794415416798357,7.202899440665048,3,Loyal Customers
14619,246,2,1291.24,5.5093883366279774,1.0986122886681098,7.164132425605502,4,At Risk
14620,206,2,412.78000000000003,5.332718793265369,1.0986122886681098,6.0253344316155975,2,Lost/Churned
14621,1,9,3000.57,0.6931471805599453,2.302585092994046,8.006890764092448,3,Loyal Customers
14622,185,1,320.58000000000004,5.225746673713202,0.6931471805599453,5.773246346316266,2,Lost/Churned
14623,32,10,2059.58,3.4965075614664802,2.3978952727983707,7.6307427755529655,1,Big Spenders
14624,57,6,814.07,4.060443010546419,1.9459101490553132,6.703273999123117,1,Big Spenders
14625,196,11,4497.88,5.2832037287379885,2.4849066497880004,8.411583755891543,1,Big Spenders
14626,24,11,5410.92,3.2188758248682006,2.4849066497880004,8.596359207215423,1,Big Spenders
14627,379,1,462.75,5.940171252720432,0.6931471805599453,6.139345613921645,2,Lost/Churned
14628,91,5,1998.0,4.5217885770490405,1.791759469228055,7.6004023345004,1,Big Spenders
14629,4,2,959.01,1.6094379124341003,1.0986122886681098,6.8669437010742955,3,Loyal Customers
14630,484,1,338.65,6.184148890937483,0.6931471805599453,5.8279156756373105,2,Lost/Churned
14631,51,6,2025.69,3.9512437185814275,1.9459101490553132,7.614159199383722,1,Big Spenders
14632,263,1,114.56,5.575949103146316,0.6931471805599453,4.749789875598035,2,Lost/Churned
14633,266,1,344.90000000000003,5.58724865840025,0.6931471805599453,5.846149715943123,2,Lost/Churned
14634,438,4,2124.46,6.0844994130751715,1.6094379124341003,7.661743528520375,4,At Risk
14635,454,1,215.22,6.12029741895095,0.6931471805599453,5.376296407864626,2,Lost/Churned
14636,36,2,609.85,3.6109179126442243,1.0986122886681098,6.414851429850069,0,New/Occasional
14637,677,1,106.68,6.519147287940395,0.6931471805599453,4.679163865896418,2,Lost/Churned
14638,51,1,443.6,3.9512437185814275,0.6931471805599453,6.097175001530096,0,New/Occasional
14639,52,9,4978.96,3.970291913552122,2.302585092994046,8.513177137857927,1,Big Spenders
14640,24,10,3667.06,3.2188758248682006,2.3978952727983707,8.207418190930683,1,Big Spenders
14641,22,1,110.46000000000001,3.1354942159291497,0.6931471805599453,4.7136657821413905,0,New/Occasional
14642,59,1,96.12,4.0943445622221,0.6931471805599453,4.575947327311188,0,New/Occasional
14643,170,5,1679.89,5.14166355650266,1.791759469228055,7.4270786940277675,4,At Risk
14644,68,7,2247.72,4.23410650459726,2.0794415416798357,7.718116444430896,1,Big Spenders
14645,157,3,876.89,5.062595033026967,1.3862943611198906,6.777521301048287,4,At Risk
14646,2,151,528602.52,1.0986122886681098,5.0238805208462765,13.177993940229662,5,Champions
14647,201,2,519.97,5.308267697401205,1.0986122886681098,6.2556924585215885,4,At Risk
14648,416,15,4546.86,6.0330862217988015,2.772588722239781,8.422412071634975,1,Big Spenders
14649,5,9,3775.31,1.791759469228055,2.302585092994046,8.236502621353207,3,Loyal Customers
14650,589,1,62.5,6.380122536899765,0.6931471805599453,4.151039905898646,2,Lost/Churned
14651,67,9,2034.1200000000001,4.219507705176107,2.302585092994046,7.618310064197116,1,Big Spenders
14652,77,1,114.18,4.356708826689592,0.6931471805599453,4.7464961220785264,2,Lost/Churned
14653,1,12,3614.54,0.6931471805599453,2.5649493574615367,8.192996501030505,3,Loyal Customers
14654,738,1,246.86,6.6052979209482015,0.6931471805599453,5.512864070636728,2,Lost/Churned
14655,8,7,3878.51,2.1972245773362196,2.0794415416798357,8.26346413598244,3,Loyal Customers
14656,169,5,814.65,5.135798437050262,1.791759469228055,6.703985341382312,4,At Risk
14657,18,6,1460.87,2.9444389791664403,1.9459101490553132,7.287471717067524,3,Loyal Customers
14658,5,2,247.15,1.791759469228055,1.0986122886681098,5.51403340203345,0,New/Occasional
14659,9,9,2529.93,2.302585092994046,2.302585092994046,7.836342103110113,3,Loyal Customers
14660,87,2,285.74,4.477336814478207,1.0986122886681098,5.6585758818181215,0,New/Occasional
14661,27,1,107.95,3.332204510175204,0.6931471805599453,4.690889061390629,0,New/Occasional
14662,29,7,1416.33,3.4011973816621555,2.0794415416798357,7.2565300989565324,3,Loyal Customers
14663,430,2,490.6,6.066108090103747,1.0986122886681098,6.19766537769188,2,Lost/Churned
14664,20,2,637.89,3.044522437723423,1.0986122886681098,6.459732295584099,0,New/Occasional
14665,61,7,2749.65,4.127134385045092,2.0794415416798357,7.919592526367497,1,Big Spenders
14666,24,1,195.25,3.2188758248682006,0.6931471805599453,5.279389356662517,0,New/Occasional
14667,11,54,21927.14,2.4849066497880004,4.007333185232471,9.995526022493433,5,Champions
14668,445,1,111.63,6.100318952020064,0.6931471805599453,4.724108110059605,2,Lost/Churned
14669,242,7,3243.93,5.493061443340548,2.0794415416798357,8.084849057256829,1,Big Spenders
14670,280,3,602.0,5.638354669333745,1.3862943611198906,6.401917196727186,4,At Risk
14671,549,2,1127.45,6.309918278226516,1.0986122886681098,7.02860028867434,4,At Risk
14672,235,4,1113.14,5.4638318050256105,1.6094379124341003,7.015838085840559,4,At Risk
14673,3,7,3410.81,1.3862943611198906,2.0794415416798357,8.134998221246287,3,Loyal Customers
14674,509,1,173.66,6.234410725718371,0.6931471805599453,5.162841226985587,2,Lost/Churned
14675,16,2,1066.9,2.833213344056216,1.0986122886681098,6.9734493821775,0,New/Occasional
14676,31,12,8356.79,3.4657359027997265,2.5649493574615367,9.030949317064065,1,Big Spenders
14677,593,1,184.91,6.386879319362645,0.6931471805599453,5.225262685642126,2,Lost/Churned
14678,579,1,403.39,6.363028103540465,0.6931471805599453,6.0023797588484875,2,Lost/Churned
14679,382,3,1289.44,5.948034989180646,1.3862943611198906,7.1627385244706785,4,At Risk
14680,25,58,57412.77,3.258096538021482,4.07753744390572,10.958039449007725,5,Champions
14681,71,6,875.1500000000001,4.276666119016055,1.9459101490553132,6.775537309154428,4,At Risk
14682,188,6,1514.81,5.241747015059643,1.9459101490553132,7.323705228532576,4,At Risk
14683,588,1,146.56,6.3784261836515865,0.6931471805599453,4.994234872728475,2,Lost/Churned
14684,26,6,1468.55,3.295836866004329,1.9459101490553132,7.292711510458761,3,Loyal Customers
14685,576,8,4619.79,6.3578422665081,2.1972245773362196,8.438320965128687,1,Big Spenders
14686,414,5,885.83,6.028278520230698,1.791759469228055,6.7876533066692755,4,At Risk
14687,107,3,1402.06,4.68213122712422,1.3862943611198906,7.246410844690537,4,At Risk
14688,8,28,7713.57,2.1972245773362196,3.367295829986474,8.950866027663936,5,Champions
14689,209,1,112.80000000000001,5.3471075307174685,0.6931471805599453,4.73444252169223,2,Lost/Churned
14690,44,4,794.33,3.8066624897703196,1.6094379124341003,6.678757122866132,0,New/Occasional
14691,31,5,2114.33,3.4657359027997265,1.791759469228055,7.656966107678013,3,Loyal Customers
14692,137,12,1745.09,4.927253685157205,2.5649493574615367,7.465134281462831,1,Big Spenders
14693,265,7,1165.3600000000001,5.583496308781699,2.0794415416798357,7.061643067113544,4,At Risk
14694,617,1,244.31,6.42648845745769,0.6931471805599453,5.5025227168419955,2,Lost/Churned
14695,519,3,1620.07,6.253828811575473,1.3862943611198906,7.390841704023542,4,At Risk
14696,4,8,2767.9,1.6094379124341003,2.1972245773362196,7.92620540839821,3,Loyal Customers
14697,218,2,188.61,5.389071729816501,1.0986122886681098,5.2449693310461125,2,Lost/Churned
14698,2,5,1250.76,1.0986122886681098,1.791759469228055,7.132305839993802,3,Loyal Customers
14699,214,4,702.6,5.3706380281276624,1.6094379124341003,6.556210012863403,4,At Risk
14700,32,5,3116.26,3.4965075614664802,1.791759469228055,8.04470968982728,1,Big Spenders
14701,11,15,4562.09,2.4849066497880004,2.772588722239781,8.425755304598768,5,Champions
14702,1,29,6754.22,0.6931471805599453,3.4011973816621555,8.81807081833176,5,Champions
14703,15,1,318.17,2.772588722239781,0.6931471805599453,5.765723876196384,0,New/Occasional
14704,11,11,1813.57,2.4849066497880004,2.4849066497880004,7.503603804029702,3,Loyal Customers
14705,199,1,179.0,5.298317366548036,0.6931471805599453,5.19295685089021,2,Lost/Churned
14706,619,1,390.69,6.429719478039138,0.6931471805599453,5.970470710603746,2,Lost/Churned
14707,436,2,139.2,6.07993319509559,1.0986122886681098,4.94306997460049,2,Lost/Churned
14708,3,5,2212.28,1.3862943611198906,1.791759469228055,7.702230857126505,3,Loyal Customers
14709,15,25,8886.33,2.772588722239781,3.258096538021482,9.092381945939806,5,Champions
14710,14,13,1922.59,2.70805020110221,2.6390573296152584,7.56194851080401,3,Loyal Customers
14711,10,11,2868.8,2.3978952727983707,2.4849066497880004,7.961997619914306,3,Loyal Customers
14712,29,4,1328.0700000000002,3.4011973816621555,1.6094379124341003,7.192234728507507,3,Loyal Customers
14713,9,21,5418.87,2.302585092994046,3.091042453358316,8.59782710890619,5,Champions
14714,24,4,906.24,3.2188758248682006,1.6094379124341003,6.810407023712235,3,Loyal Customers
14715,25,8,1840.45,3.258096538021482,2.1972245773362196,7.5183085837380625,3,Loyal Customers
14716,43,3,565.45,3.784189633918261,1.3862943611198906,6.339388815319498,0,New/Occasional
14717,733,1,81.3,6.598509028614515,0.6931471805599453,4.410371107683024,2,Lost/Churned
14718,410,1,226.42,6.018593214496234,0.6931471805599453,5.426798528196577,2,Lost/Churned
14719,2,5,1602.13,1.0986122886681098,1.791759469228055,7.379713247262653,3,Loyal Customers
14720,6,3,663.81,1.9459101490553132,1.3862943611198906,6.499501285546037,3,Loyal Customers
14721,379,1,115.77,5.940171252720432,0.6931471805599453,4.760206188087624,2,Lost/Churned
14722,147,3,513.37,4.997212273764115,1.3862943611198906,6.24294285084946,4,At Risk
14723,10,11,2093.06,2.3978952727983707,2.4849066497880004,7.646860044315114,3,Loyal Customers
14724,590,1,345.25,6.3818160174060985,0.6931471805599453,5.847161057501548,2,Lost/Churned
14725,25,4,1315.24,3.258096538021482,1.6094379124341003,7.182534466078395,3,Loyal Customers
14726,655,1,124.75,6.486160788944089,0.6931471805599453,4.8342958089798485,2,Lost/Churned
14727,274,3,467.93,5.616771097666572,1.3862943611198906,6.1504535035754895,4,At Risk
14728,413,1,190.58,6.025865973825314,0.6931471805599453,5.255305475954746,2,Lost/Churned
14729,374,3,907.38,5.926926025970411,1.3862943611198906,6.811662793256315,4,At Risk
14730,1,8,2005.06,0.6931471805599453,2.1972245773362196,7.60392787834377,3,Loyal Customers
14731,47,3,380.02,3.871201010907891,1.3862943611198906,5.942851867187289,0,New/Occasional
14732,8,19,5517.07,2.1972245773362196,2.995732273553991,8.615783440452477,5,Champions
14733,16,15,16184.97,2.833213344056216,2.772588722239781,9.691900096600328,5,Champions
14734,426,4,1056.42,6.056784013228625,1.6094379124341003,6.963587257940615,4,At Risk
14735,4,56,12240.16,1.6094379124341003,4.04305126783455,9.412559322817637,5,Champions
14736,485,2,401.08,6.186208623900494,1.0986122886681098,5.996651073795282,2,Lost/Churned
14737,4,4,3554.17,1.6094379124341003,1.6094379124341003,8.176158161065873,3,Loyal Customers
14738,43,9,1821.9,3.784189633918261,2.302585092994046,7.508183918538876,1,Big Spenders
14739,4,25,12287.5,1.6094379124341003,3.258096538021482,9.4164191446638,5,Champions
14740,197,11,4161.06,5.288267030694535,2.4849066497880004,8.333765422995752,1,Big Spenders
14741,12,7,1897.5900000000001,2.5649493574615367,2.0794415416798357,7.548866784394956,3,Loyal Customers
14742,435,1,579.85,6.077642243349034,0.6931471805599453,6.364492547959484,2,Lost/Churned
14743,593,1,50.480000000000004,6.386879319362645,0.6931471805599453,3.941193382727926,2,Lost/Churned
14744,16,14,3885.08,2.833213344056216,2.70805020110221,8.265156216447046,1,Big Spenders
14745,113,12,2571.81,4.736198448394496,2.5649493574615367,7.852753965793014,1,Big Spenders
14746,406,4,593.5,6.008813185442595,1.6094379124341003,6.387720716130836,4,At Risk
14747,249,1,328.2,5.521460917862246,0.6931471805599453,5.796665468802915,2,Lost/Churned
14748,29,10,3152.32,3.4011973816621555,2.3978952727983707,8.056211145039065,1,Big Spenders
14749,480,1,310.15,6.175867270105761,0.6931471805599453,5.740275111015227,2,Lost/Churned
14750,736,1,112.03,6.602587892189336,0.6931471805599453,4.72765327020264,2,Lost/Churned
14751,684,2,126.45,6.529418838262226,1.0986122886681098,4.847724130822124,2,Lost/Churned
14752,44,1,389.64000000000004,3.8066624897703196,0.6931471805599453,5.967786419753405,0,New/Occasional
14753,87,2,869.51,4.477336814478207,1.0986122886681098,6.769079246793036,0,New/Occasional
14754,45,6,1550.48,3.828641396489095,1.9459101490553132,7.346964593054462,1,Big Spenders
14755,10,25,9972.550000000001,2.3978952727983707,3.258096538021482,9.207691867783259,5,Champions
14756,15,3,2653.76,2.772588722239781,1.3862943611198906,7.8841095341098955,3,Loyal Customers
14757,75,1,420.5,4.330733340286331,0.6931471805599453,6.04381977744191,0,New/Occasional
14758,145,7,2864.9700000000003,4.983606621708336,2.0794415416798357,7.9606621407827385,1,Big Spenders
14759,5,3,1625.97,1.791759469228055,1.3862943611198906,7.394474668204541,3,Loyal Customers
14760,297,1,89.2,5.697093486505405,0.6931471805599453,4.502029427068578,2,Lost/Churned
14761,59,3,447.92,4.0943445622221,1.3862943611198906,6.1068446981480555,0,New/Occasional
14762,264,2,417.57,5.579729825986222,1.0986122886681098,6.036844139980692,2,Lost/Churned
14764,47,1,278.3,3.871201010907891,0.6931471805599453,5.632286472951131,0,New/Occasional
14765,29,3,254.11,3.4011973816621555,1.3862943611198906,5.541694824693056,0,New/Occasional
14766,8,11,6556.13,2.1972245773362196,2.4849066497880004,8.788308286207087,5,Champions
14767,474,1,382.81,6.163314804034641,0.6931471805599453,5.950147638471271,2,Lost/Churned
14768,17,2,192.60000000000002,2.8903717578961645,1.0986122886681098,5.265794174842477,0,New/Occasional
14769,3,17,15771.880000000001,1.3862943611198906,2.8903717578961645,9.666047288520918,5,Champions
14770,232,8,3637.6400000000003,5.4510384535657,2.1972245773362196,8.199365264441436,1,Big Spenders
14771,621,2,594.62,6.432940092739179,1.0986122886681098,6.3896028798296856,4,At Risk
14772,112,1,139.26,4.727387818712341,0.6931471805599453,4.943497843108764,2,Lost/Churned
14773,593,1,140.55,6.386879319362645,0.6931471805599453,4.952653011557909,2,Lost/Churned
14774,529,1,241.45000000000002,6.272877006546167,0.6931471805599453,5.490795503551361,2,Lost/Churned
14775,58,3,1418.46,4.07753744390572,1.3862943611198906,7.258031796579747,4,At Risk
14776,51,15,3708.2999999999997,3.9512437185814275,2.772588722239781,8.21859845855403,1,Big Spenders
14777,404,1,307.56,6.003887067106539,0.6931471805599453,5.731916313899973,2,Lost/Churned
14778,127,2,730.86,4.852030263919617,1.0986122886681098,6.595589238838791,4,At Risk
14779,281,3,386.15,5.641907070938114,1.3862943611198906,5.958812214832733,4,At Risk
14780,55,2,447.68,4.02535169073515,1.0986122886681098,6.106309938777023,0,New/Occasional
14782,320,1,200.10000000000002,5.771441123130016,0.6931471805599453,5.303802296778606,2,Lost/Churned
14783,659,1,307.3,6.492239835020471,0.6931471805599453,5.731073334892105,2,Lost/Churned
14784,26,3,449.93,3.295836866004329,1.3862943611198906,6.111312116813244,0,New/Occasional
14785,10,2,77.4,2.3978952727983707,1.0986122886681098,4.361823927356363,0,New/Occasional
14786,550,1,90.96,6.311734809152915,0.6931471805599453,4.521353699894981,2,Lost/Churned
14787,471,1,110.65,6.156978985585555,0.6931471805599453,4.7153689782861665,2,Lost/Churned
14788,7,3,1156.32,2.0794415416798357,1.3862943611198906,7.05386226630844,3,Loyal Customers
14789,29,1,197.64,3.4011973816621555,0.6931471805599453,5.2914941411999115,0,New/Occasional
14790,17,10,2526.62,2.8903717578961645,2.3978952727983707,7.835033427512401,3,Loyal Customers
14791,607,1,303.63,6.410174881966167,0.6931471805599453,5.719097925433975,2,Lost/Churned
14792,64,1,6.2,4.174387269895637,0.6931471805599453,1.9740810260220096,2,Lost/Churned
14793,21,2,625.9,3.091042453358316,1.0986122886681098,6.440787038279923,0,New/Occasional
14794,3,10,1953.9,1.3862943611198906,2.3978952727983707,7.578094320216074,3,Loyal Customers
14795,166,1,131.45000000000002,5.117993812416755,0.6931471805599453,4.886205215718078,2,Lost/Churned
14796,1,27,10889.64,0.6931471805599453,3.332204510175204,9.29565898371346,5,Champions
14797,507,1,300.31,6.230481447578482,0.6931471805599453,5.70813963509761,2,Lost/Churned
14798,53,8,724.31,3.9889840465642745,2.1972245773362196,6.586599149672639,1,Big Spenders
14799,51,2,338.15000000000003,3.9512437185814275,1.0986122886681098,5.826442487392089,0,New/Occasional
14800,48,17,7774.32,3.8918202981106265,2.8903717578961645,8.958709893756756,1,Big Spenders
14801,61,1,193.14,4.127134385045092,0.6931471805599453,5.26857954828408,0,New/Occasional
14802,438,2,1502.98,6.0844994130751715,1.0986122886681098,7.315870206549027,4,At Risk
14803,162,3,845.5500000000001,5.093750200806762,1.3862943611198906,6.741169266574241,4,At Risk
14804,9,1,353.27,2.302585092994046,0.6931471805599453,5.8700593342813,0,New/Occasional
14805,15,7,1104.64,2.772588722239781,2.0794415416798357,7.008179631809018,3,Loyal Customers
14806,75,2,303.43,4.330733340286331,1.0986122886681098,5.718441175664861,0,New/Occasional
14807,391,2,519.29,5.971261839790462,1.0986122886681098,6.254386348430604,4,At Risk
14808,40,8,2741.17,3.713572066704308,2.1972245773362196,7.91650485674164,1,Big Spenders
14809,621,2,686.76,6.432940092739179,1.0986122886681098,6.533439939866189,4,At Risk
14810,41,13,2537.02,3.7376696182833684,2.6390573296152584,7.839139528463931,1,Big Spenders
14811,387,1,170.5,5.961005339623274,0.6931471805599453,5.144583266605995,2,Lost/Churned
14812,599,1,185.8,6.396929655216146,0.6931471805599453,5.230038525794742,2,Lost/Churned
14813,370,4,1090.87,5.916202062607435,1.6094379124341003,6.995647101599072,4,At Risk
14814,581,1,160.46,6.366470447731438,0.6931471805599453,5.08425743396687,2,Lost/Churned
14815,37,2,778.5,3.6375861597263857,1.0986122886681098,6.658652688497831,0,New/Occasional
14816,197,1,271.85,5.288267030694535,0.6931471805599453,5.608922193632241,2,Lost/Churned
14817,200,7,3959.86,5.303304908059076,2.0794415416798357,8.284216452387334,1,Big Spenders
14818,74,6,1170.41,4.31748811353631,1.9459101490553132,7.0659634304128245,1,Big Spenders
14819,64,4,470.16,4.174387269895637,1.6094379124341003,6.155197739090584,0,New/Occasional
14820,21,9,1274.76,3.091042453358316,2.302585092994046,7.151297358439717,3,Loyal Customers
14821,367,7,1286.45,5.908082938168931,2.0794415416798357,7.160418796832339,4,At Risk
14822,485,1,157.7,6.186208623900494,0.6931471805599453,5.0670156275323635,2,Lost/Churned
14823,180,3,321.43,5.198497031265826,1.3862943611198906,5.775886058412575,4,At Risk
14824,10,10,4022.9100000000003,2.3978952727983707,2.3978952727983707,8.300009345724288,3,Loyal Customers
14825,4,24,4925.08,1.6094379124341003,3.2188758248682006,8.502298818905897,5,Champions
14826,582,2,385.2,6.368187186350492,1.0986122886681098,5.956355369994414,2,Lost/Churned
14828,197,13,9839.460000000001,5.288267030694535,2.6390573296152584,9.194257736921127,1,Big Spenders
14829,29,7,1692.84,3.4011973816621555,2.0794415416798357,7.434753419747681,3,Loyal Customers
14830,53,1,197.13,3.9889840465642745,0.6931471805599453,5.2889233809061675,0,New/Occasional
14831,680,3,1676.57,6.523562306149512,1.3862943611198906,7.425101596738257,4,At Risk
14832,630,1,322.69,6.447305862541213,0.6931471805599453,5.779786267653029,2,Lost/Churned
14833,499,1,94.8,6.214608098422191,0.6931471805599453,4.562262684976814,2,Lost/Churned
14834,18,7,2206.16,2.9444389791664403,2.0794415416798357,7.699461900230706,3,Loyal Customers
14835,529,2,297.0,6.272877006546167,1.0986122886681098,5.697093486505405,2,Lost/Churned
14836,10,3,102.45,2.3978952727983707,1.3862943611198906,4.639088404191552,0,New/Occasional
14837,90,9,3460.32,4.51085950651685,2.302585092994046,8.149405298188219,1,Big Spenders
14838,423,2,773.6700000000001,6.049733455231958,1.0986122886681098,6.652437132220425,4,At Risk
14839,418,3,915.28,6.037870919922137,1.3862943611198906,6.8203219948203735,4,At Risk
14840,268,2,362.71000000000004,5.594711379601839,1.0986122886681098,5.896356846803299,2,Lost/Churned
14841,53,14,7163.0,3.9889840465642745,2.70805020110221,8.876823763180603,1,Big Spenders
14842,44,4,2824.69,3.8066624897703196,1.6094379124341003,7.946507861544517,1,Big Spenders
14843,437,1,211.8,6.082218910376446,0.6931471805599453,5.360352757467489,2,Lost/Churned
14844,64,10,6702.43,4.174387269895637,2.3978952727983707,8.810374614680837,1,Big Spenders
14845,600,1,150.0,6.398594934535208,0.6931471805599453,5.017279836814924,2,Lost/Churned
14846,427,1,437.4,6.059123195581797,0.6931471805599453,6.083131735633806,2,Lost/Churned
14847,149,3,1348.95,5.0106352940962555,1.3862943611198906,7.2078228337095505,4,At Risk
14848,405,1,310.56,6.0063531596017325,0.6931471805599453,5.741591936051748,2,Lost/Churned
14849,22,43,15763.45,3.1354942159291497,3.784189633918261,9.665512683961765,5,Champions
14850,312,7,1794.01,5.746203190540153,2.0794415416798357,7.492765871937502,4,At Risk
14851,23,3,829.41,3.1780538303479458,1.3862943611198906,6.721919554728325,0,New/Occasional
14852,58,18,6147.18,4.07753744390572,2.9444389791664403,8.723911382043823,1,Big Spenders
14853,24,5,1376.87,3.2188758248682006,1.791759469228055,7.2282941075007,3,Loyal Customers
14854,78,11,4322.86,4.3694478524670215,2.4849066497880004,8.371903800806631,1,Big Spenders
14855,119,7,6520.3,4.787491742782046,2.0794415416798357,8.782829021548919,1,Big Spenders
14856,36,3,1311.38,3.6109179126442243,1.3862943611198906,7.179597561714504,0,New/Occasional
14857,60,7,3651.851,4.110873864173311,2.0794415416798357,8.203263237570312,1,Big Spenders
14858,506,1,180.75,6.2285110035911835,0.6931471805599453,5.202632116413628,2,Lost/Churned
14859,13,5,1705.64,2.6390573296152584,1.791759469228055,7.442281804243372,3,Loyal Customers
14860,19,1,170.32,2.995732273553991,0.6931471805599453,5.14353315274717,0,New/Occasional
14861,52,10,1380.73,3.970291913552122,2.3978952727983707,7.231091616210209,1,Big Spenders
14862,26,2,841.2,3.295836866004329,1.0986122886681098,6.736017515727827,0,New/Occasional
14863,29,1,266.76,3.4011973816621555,0.6931471805599453,5.590091056903071,0,New/Occasional
14865,7,4,129.72,2.0794415416798357,1.6094379124341003,4.873057631111693,0,New/Occasional
14866,11,19,20850.22,2.4849066497880004,2.995732273553991,9.945167738704566,5,Champions
14867,186,16,2952.06,5.231108616854587,2.833213344056216,7.99059719985786,1,Big Spenders
14868,3,12,4184.01,1.3862943611198906,2.5649493574615367,8.339264372406982,3,Loyal Customers
14869,9,6,2804.2400000000002,2.302585092994046,1.9459101490553132,7.939244375793947,3,Loyal Customers
14870,262,6,1838.95,5.572154032177765,1.9459101490553132,7.51749367632077,4,At Risk
14871,3,9,1258.97,1.3862943611198906,2.302585092994046,7.138843190138263,3,Loyal Customers
14872,484,3,816.6,6.184148890937483,1.3862943611198906,6.70637321944944,4,At Risk
14873,210,2,854.13,5.351858133476067,1.0986122886681098,6.751253504162445,4,At Risk
14874,535,1,116.18,6.284134161070802,0.6931471805599453,4.7637112141166424,2,Lost/Churned
14875,108,3,2862.4,4.6913478822291435,1.3862943611198906,7.959765008926227,4,At Risk
14876,521,2,256.7,6.257667587882639,1.0986122886681098,5.551796117658319,2,Lost/Churned
14877,418,2,437.0,6.037870919922137,1.0986122886681098,6.082218910376446,2,Lost/Churned
14878,13,25,4105.24,2.6390573296152584,3.258096538021482,8.320263046917932,5,Champions
14879,685,1,185.06,6.530877627725885,0.6931471805599453,5.226069202340413,2,Lost/Churned
14880,77,3,706.19,4.356708826689592,1.3862943611198906,6.561299370951966,0,New/Occasional
14881,20,1,255.4,3.044522437723423,0.6931471805599453,5.546738725046515,0,New/Occasional
14882,27,14,3628.15,3.332204510175204,2.70805020110221,8.1967537400596,1,Big Spenders
14883,19,6,761.59,2.995732273553991,1.9459101490553132,6.636720534303131,3,Loyal Customers
14884,669,1,120.6,6.507277712385012,0.6931471805599453,4.800736969532067,2,Lost/Churned
14885,132,3,1598.12,4.890349128221754,1.3862943611198906,7.377208756922391,4,At Risk
14886,253,1,364.8,5.537334267018537,0.6931471805599453,5.9020867359567655,2,Lost/Churned
14887,79,1,1862.0,4.382026634673881,0.6931471805599453,7.529943370601589,4,At Risk
14888,207,1,369.2,5.337538079701318,0.6931471805599453,5.914043400139397,2,Lost/Churned
14889,336,1,135.9,5.820082930352362,0.6931471805599453,4.919250732294404,2,Lost/Churned
14890,254,3,817.25,5.541263545158426,1.3862943611198906,6.70716791338129,4,At Risk
14891,148,4,1106.73,5.003946305945459,1.6094379124341003,7.0100681553014015,4,At Risk
14892,691,1,202.35000000000002,6.539585955617669,0.6931471805599453,5.314928632353234,2,Lost/Churned
14893,10,3,1809.6100000000001,2.3978952727983707,1.3862943611198906,7.501419084057128,3,Loyal Customers
14894,85,3,1492.81,4.454347296253507,1.3862943611198906,7.30908518223715,4,At Risk
14895,8,38,25119.54,2.1972245773362196,3.6635616461296463,10.131441117166368,5,Champions
14896,205,8,2092.42,5.327876168789581,2.1972245773362196,7.646554371211011,1,Big Spenders
14897,8,8,3140.54,2.1972245773362196,2.1972245773362196,8.05246840453291,3,Loyal Customers
14898,23,14,3507.81,3.1780538303479458,2.70805020110221,8.163032227636762,1,Big Spenders
14899,395,1,1384.88,5.981414211254481,0.6931471805599453,7.234090595914997,4,At Risk
14900,522,1,13.919999999999998,6.259581464064923,0.6931471805599453,2.7027025947756145,2,Lost/Churned
14901,11,12,2289.65,2.4849066497880004,2.5649493574615367,7.7365908990673,3,Loyal Customers
14902,26,3,1035.6200000000001,3.295836866004329,1.3862943611198906,6.943720699414746,0,New/Occasional
14903,21,5,2810.63,3.091042453358316,1.791759469228055,7.941519665325918,3,Loyal Customers
14904,2,4,1640.64,1.0986122886681098,1.6094379124341003,7.403451021151327,3,Loyal Customers
14905,158,8,1971.39,5.0689042022202315,2.1972245773362196,7.587001284371595,1,Big Spenders
14906,445,1,68.44,6.100318952020064,0.6931471805599453,4.240463070352095,2,Lost/Churned
14907,3,16,6165.79,1.3862943611198906,2.833213344056216,8.726933722198309,5,Champions
14908,74,2,381.9,4.31748811353631,1.0986122886681098,5.947773858483249,0,New/Occasional
14909,437,3,1404.68,6.082218910376446,1.3862943611198906,7.248276450449636,4,At Risk
14910,3,4,434.35,1.3862943611198906,1.6094379124341003,6.076150305274624,3,Loyal Customers
14911,1,398,295972.63,0.6931471805599453,5.988961416889864,12.598025641499802,5,Champions
14912,17,6,1889.25,2.8903717578961645,1.9459101490553132,7.5444643744383795,3,Loyal Customers
14913,36,8,4073.13,3.6109179126442243,2.1972245773362196,8.312412505948734,1,Big Spenders
14915,91,11,1811.25,4.5217885770490405,2.4849066497880004,7.502324446180987,1,Big Spenders
14916,71,8,3042.95,4.276666119016055,2.1972245773362196,8.020911293091087,1,Big Spenders
14917,597,2,1123.75,6.393590753950631,1.0986122886681098,7.025316067721282,4,At Risk
14918,116,9,5955.81,4.762173934797756,2.302585092994046,8.692290381870738,1,Big Spenders
14919,539,1,359.35,6.29156913955832,0.6931471805599453,5.88707578137045,2,Lost/Churned
14920,213,3,1607.17,5.365976015021851,1.3862943611198906,7.3828521655438335,4,At Risk
14921,30,2,1316.07,3.4339872044851463,1.0986122886681098,7.1831648514317985,0,New/Occasional
14922,394,2,843.74,5.978885764901122,1.0986122886681098,6.739028887702491,4,At Risk
14923,51,1,749.1,3.9512437185814275,0.6931471805599453,6.620206530975591,0,New/Occasional
14924,246,3,931.01,5.5093883366279774,1.3862943611198906,6.837343544241763,4,At Risk
14926,382,2,359.4,5.948034989180646,1.0986122886681098,5.887214525734183,2,Lost/Churned
14927,397,1,308.2,5.986452005284438,0.6931471805599453,5.733988316713267,2,Lost/Churned
14928,628,1,223.91000000000003,6.444131256700441,0.6931471805599453,5.41570032218308,2,Lost/Churned
14929,32,2,836.69,3.4965075614664802,1.0986122886681098,6.730648103640738,0,New/Occasional
14930,109,6,5246.63,4.700480365792417,1.9459101490553132,8.565531825089687,1,Big Spenders
14931,5,5,1257.68,1.791759469228055,1.791759469228055,7.137818831761513,3,Loyal Customers
14932,366,2,1029.66,5.905361848054571,1.0986122886681098,6.937954652712979,4,At Risk
14933,444,4,1770.0,6.09807428216624,1.6094379124341003,7.479299637782834,4,At Risk
14934,82,5,3503.5,4.418840607796598,1.791759469228055,8.16180313594038,1,Big Spenders
14935,297,2,2849.83,5.697093486505405,1.0986122886681098,7.955365458934208,4,At Risk
14936,34,12,12410.81,3.5553480614894135,2.5649493574615367,9.426403717684428,1,Big Spenders
14937,57,3,1621.88,4.060443010546419,1.3862943611198906,7.3919576276276855,4,At Risk
14938,562,2,2322.43,6.333279628139691,1.0986122886681098,7.750799821107575,4,At Risk
14940,418,2,531.49,6.037870919922137,1.0986122886681098,6.277564118064523,4,At Risk
14941,579,1,182.1,6.363028103540465,0.6931471805599453,5.210032451680465,2,Lost/Churned
14942,402,4,746.56,5.998936561946683,1.6094379124341003,6.616814569602102,4,At Risk
14943,663,1,107.62,6.498282149476434,0.6931471805599453,4.687855552606699,2,Lost/Churned
14944,30,19,9784.67,3.4339872044851463,2.995732273553991,9.188674349637317,5,Champions
14945,414,1,179.4,6.028278520230698,0.6931471805599453,5.1951766076285235,2,Lost/Churned
14946,14,1,100.9,2.70805020110221,0.6931471805599453,4.623991940228679,0,New/Occasional
14947,72,6,1049.79,4.290459441148391,1.9459101490553132,6.957297541207289,1,Big Spenders
14948,23,6,1101.97,3.1780538303479458,1.9459101490553132,7.005761820334205,3,Loyal Customers
14949,469,4,515.0,6.152732694704104,1.6094379124341003,6.246106765481563,4,At Risk
14950,19,1,371.2,2.995732273553991,0.6931471805599453,5.91943134420815,0,New/Occasional
14951,79,1,311.69,4.382026634673881,0.6931471805599453,5.745212284419341,0,New/Occasional
14952,60,32,17629.35,4.110873864173311,3.4965075614664802,9.777377127718964,5,Champions
14953,25,4,1013.77,3.258096538021482,1.6094379124341003,6.9224172648127835,3,Loyal Customers
14954,12,2,503.44,2.5649493574615367,1.0986122886681098,6.223448903087673,0,New/Occasional
14955,733,1,163.77,6.598509028614515,0.6931471805599453,5.10455056206934,2,Lost/Churned
14956,421,1,1325.0,6.045005314036012,0.6931471805599453,7.189922170745808,4,At Risk
14957,253,2,333.29,5.537334267018537,1.0986122886681098,5.812008879727072,2,Lost/Churned
14958,147,6,957.94,4.997212273764115,1.9459101490553132,6.865828507754102,4,At Risk
14959,64,4,695.42,4.174387269895637,1.6094379124341003,6.545952926608586,0,New/Occasional
14960,8,2,221.27,2.1972245773362196,1.0986122886681098,5.4038928590966755,0,New/Occasional
14961,11,22,16410.15,2.4849066497880004,3.1354942159291497,9.70571626084869,5,Champions
14962,271,4,366.91,5.605802066295998,1.6094379124341003,5.90783834304059,4,At Risk
14963,10,12,3164.48,2.3978952727983707,2.5649493574615367,8.06005998184702,3,Loyal Customers
14964,247,1,206.21,5.5134287461649825,0.6931471805599453,5.333732771768991,2,Lost/Churned
14965,96,2,599.0,4.574710978503383,1.0986122886681098,6.396929655216146,0,New/Occasional
14966,15,6,1115.84,2.772588722239781,1.9459101490553132,7.018258547985619,3,Loyal Customers
14967,50,6,1982.6100000000001,3.9318256327243257,1.9459101490553132,7.592673695941251,1,Big Spenders
14968,30,2,504.99,3.4339872044851463,1.0986122886681098,6.226516906246328,0,New/Occasional
14969,704,1,906.23,6.558197802812269,0.6931471805599453,6.810396001209797,4,At Risk
14970,68,12,4919.35,4.23410650459726,2.5649493574615367,8.501134945167534,1,Big Spenders
14971,35,3,1116.57,3.58351893845611,1.3862943611198906,7.0189119643469615,0,New/Occasional
14972,128,2,145.07,4.859812404361672,1.0986122886681098,4.984085958862719,2,Lost/Churned
14973,107,3,1314.45,4.68213122712422,1.3862943611198906,7.181934091396172,4,At Risk
14974,37,1,114.39,3.6375861597263857,0.6931471805599453,4.748317695206576,0,New/Occasional
14975,57,2,472.39,4.060443010546419,1.0986122886681098,6.159919573071391,0,New/Occasional
14976,57,7,790.86,4.060443010546419,2.0794415416798357,6.674384608512411,1,Big Spenders
14977,726,1,31.93,6.588926477533519,0.6931471805599453,3.494384096388273,2,Lost/Churned
14978,72,10,3142.14,4.290459441148391,2.3978952727983707,8.052977579235382,1,Big Spenders
14979,735,1,439.46000000000004,6.601230118728877,0.6931471805599453,6.087819635350745,2,Lost/Churned
14980,737,1,150.68,6.6039438246004725,0.6931471805599453,5.021773038506712,2,Lost/Churned
14981,246,2,372.92,5.5093883366279774,1.0986122886681098,5.924041870790548,2,Lost/Churned
14982,572,1,237.78,6.35088571671474,0.6931471805599453,5.475542625917242,2,Lost/Churned
14983,689,1,183.20000000000002,6.536691597591305,0.6931471805599453,5.216022123821206,2,Lost/Churned
14984,19,6,1271.41,2.995732273553991,1.9459101490553132,7.148668019007891,3,Loyal Customers
14985,198,2,296.75,5.293304824724492,1.0986122886681098,5.696254208235409,2,Lost/Churned
14986,376,2,566.9,5.932245187448011,1.0986122886681098,6.341945346883387,4,At Risk
14987,16,8,1713.85,2.833213344056216,2.1972245773362196,7.447080892218029,3,Loyal Customers
14988,212,7,2066.6,5.3612921657094255,2.0794415416798357,7.6341437933218845,1,Big Spenders
14989,662,1,342.4,6.4967749901858625,0.6931471805599453,5.838895948463375,2,Lost/Churned
14990,612,2,305.42,6.418364935936212,1.0986122886681098,5.724956709887608,2,Lost/Churned
14991,430,1,314.67,6.066108090103747,0.6931471805599453,5.754697364124307,2,Lost/Churned
14992,442,1,210.5,6.093569770045136,0.6931471805599453,5.354224998486333,2,Lost/Churned
14993,564,1,36.13,6.336825731146441,0.6931471805599453,3.6144252681889886,2,Lost/Churned
14994,382,5,960.63,5.948034989180646,1.791759469228055,6.8686297612976235,4,At Risk
14995,39,2,233.23000000000002,3.6888794541139363,1.0986122886681098,5.456303538604819,0,New/Occasional
14996,481,2,442.28999999999996,6.1779441140506,1.0986122886681098,6.094224183409496,2,Lost/Churned
14997,46,4,776.6,3.8501476017100584,1.6094379124341003,6.656212253146229,0,New/Occasional
14998,170,4,770.73,5.14166355650266,1.6094379124341003,6.64863474791851,4,At Risk
14999,593,1,129.48000000000002,6.386879319362645,0.6931471805599453,4.871219958312759,2,Lost/Churned
15000,48,1,490.52,3.8918202981106265,0.6931471805599453,6.197502630519253,0,New/Occasional
15001,394,2,230.85999999999999,5.978885764901122,1.0986122886681098,5.446133741242256,2,Lost/Churned
15002,116,9,4817.28,4.762173934797756,2.302585092994046,8.480172296886764,1,Big Spenders
15003,473,6,1060.7,6.161207321695077,1.9459101490553132,6.967626676019528,4,At Risk
15004,147,1,1246.32,4.997212273764115,0.6931471805599453,7.128752528637921,4,At Risk
15005,16,56,14106.2,2.833213344056216,4.04305126783455,9.554440584332763,5,Champions
15006,51,2,825.14,3.9512437185814275,1.0986122886681098,6.716764250684336,0,New/Occasional
15007,159,1,156.91,5.075173815233827,0.6931471805599453,5.062025250478552,2,Lost/Churned
15008,480,2,360.0,6.175867270105761,1.0986122886681098,5.8888779583328805,2,Lost/Churned
15009,12,3,1261.78,2.5649493574615367,1.3862943611198906,7.141070918737701,3,Loyal Customers
15010,36,1,308.94,3.6109179126442243,0.6931471805599453,5.736378730359189,0,New/Occasional
15011,396,2,416.6,5.983936280687191,1.0986122886681098,6.034524036568429,2,Lost/Churned
15012,54,3,860.62,4.007333185232471,1.3862943611198906,6.758814338200439,0,New/Occasional
15013,488,10,1641.3,6.192362489474872,2.3978952727983707,7.403852977343515,4,At Risk
15014,43,2,260.17,3.784189633918261,1.0986122886681098,5.56517153628838,0,New/Occasional
15015,501,13,2365.02,6.218600119691729,2.6390573296152584,7.768964497587981,1,Big Spenders
15016,173,5,630.3,5.159055299214529,1.791759469228055,6.44778118537358,4,At Risk
15017,34,1,125.58,3.5553480614894135,0.6931471805599453,4.840874519347159,0,New/Occasional
15018,39,3,607.46,3.6888794541139363,1.3862943611198906,6.41093117485196,0,New/Occasional
15019,267,1,266.0,5.5909869805108565,0.6931471805599453,5.58724865840025,2,Lost/Churned
15020,379,1,203.42,5.940171252720432,0.6931471805599453,5.32017670090093,2,Lost/Churned
15021,9,12,2783.83,2.302585092994046,2.5649493574615367,7.93194210920565,3,Loyal Customers
15022,12,5,1186.09,2.5649493574615367,1.791759469228055,7.079260213133854,3,Loyal Customers
15023,3,20,12170.68,1.3862943611198906,3.044522437723423,9.406867220825731,5,Champions
15024,10,16,4075.51,2.3978952727983707,2.833213344056216,8.31299650918471,5,Champions
15025,33,2,1013.09,3.5263605246161616,1.0986122886681098,6.921746937608874,0,New/Occasional
15026,80,5,1061.6100000000001,4.394449154672439,1.791759469228055,6.968483424851537,4,At Risk
15027,31,10,3195.6,3.4657359027997265,2.3978952727983707,8.069843023934553,1,Big Spenders
15028,8,6,1157.71,2.1972245773362196,1.9459101490553132,7.055062596327388,3,Loyal Customers
15029,620,1,365.1,6.431331081933479,0.6931471805599453,5.902906520126191,2,Lost/Churned
15030,72,8,1979.91,4.290459441148391,2.1972245773362196,7.591311614066303,1,Big Spenders
15031,4,14,3156.58,1.6094379124341003,2.70805020110221,8.057561190404078,3,Loyal Customers
15032,256,8,13780.65,5.54907608489522,2.1972245773362196,9.531093276151351,1,Big Spenders
15033,5,10,2586.67,1.791759469228055,2.3978952727983707,7.8585131358985345,3,Loyal Customers
15034,16,14,8313.4,2.833213344056216,2.70805020110221,9.025744230274212,5,Champions
15035,90,1,252.73000000000002,4.51085950651685,0.6931471805599453,5.536270709515726,0,New/Occasional
15036,72,3,465.55,4.290459441148391,1.3862943611198906,6.145365195680031,0,New/Occasional
15037,376,2,402.51,5.932245187448011,1.0986122886681098,6.000201270550366,2,Lost/Churned
15038,59,9,1309.86,4.0943445622221,2.302585092994046,7.178438689350472,1,Big Spenders
15039,10,93,40031.43,2.3978952727983707,4.543294782270004,10.597445154615823,5,Champions
15040,542,1,7.49,6.297109319933935,0.6931471805599453,2.138889000323256,2,Lost/Churned
15041,170,2,294.02,5.14166355650266,1.0986122886681098,5.687043150651903,2,Lost/Churned
15042,199,2,315.45,5.298317366548036,1.0986122886681098,5.7571652512213145,2,Lost/Churned
15043,31,6,2873.8,3.4657359027997265,1.9459101490553132,7.963738385594287,1,Big Spenders
15044,19,35,16204.33,2.995732273553991,3.58351893845611,9.693095479453461,5,Champions
15045,152,2,735.66,5.030437921392435,1.0986122886681098,6.602126456028984,4,At Risk
15046,9,25,7812.39,2.302585092994046,3.258096538021482,8.963594207556266,5,Champions
15047,270,1,343.62,5.602118820879701,0.6931471805599453,5.842442360714953,2,Lost/Churned
15048,65,4,482.75,4.189654742026425,1.6094379124341003,6.181568244343992,0,New/Occasional
15049,274,1,121.17000000000002,5.616771097666572,0.6931471805599453,4.8054135174159684,2,Lost/Churned
15050,25,5,4193.79,3.258096538021482,1.791759469228055,8.341598558053528,3,Loyal Customers
15051,23,9,3935.16,3.1780538303479458,2.302585092994046,8.277960907752442,1,Big Spenders
15052,319,1,215.78,5.768320995793772,0.6931471805599453,5.378883014387604,2,Lost/Churned
15053,5,3,697.79,1.791759469228055,1.3862943611198906,6.549350267911373,3,Loyal Customers
15054,12,2,302.1,2.5649493574615367,1.0986122886681098,5.714062784063757,0,New/Occasional
15055,475,3,560.07,6.16541785423142,1.3862943611198906,6.329845674922272,4,At Risk
15056,520,1,133.45,6.255750041753367,0.6931471805599453,4.901192382714874,2,Lost/Churned
15057,275,5,3255.96,5.62040086571715,1.791759469228055,8.088549523960413,4,At Risk
15058,25,16,3410.03,3.258096538021482,2.833213344056216,8.134769577454728,1,Big Spenders
15059,41,19,3523.57,3.7376696182833684,2.995732273553991,8.167513721989891,1,Big Spenders
15060,8,4,303.09000000000003,2.1972245773362196,1.6094379124341003,5.717323710222868,0,New/Occasional
15061,4,127,137818.52,1.6094379124341003,4.852030263919617,11.833700282101477,5,Champions
15062,71,8,2585.62,4.276666119016055,2.1972245773362196,7.858107283109296,1,Big Spenders
15063,213,1,370.79999999999995,5.365976015021851,0.6931471805599453,5.918356075287344,2,Lost/Churned
15064,410,4,1254.41,6.018593214496234,1.6094379124341003,7.135217491440363,4,At Risk
15065,38,5,3326.86,3.6635616461296463,1.791759469228055,8.110084733748552,1,Big Spenders
15066,53,1,893.59,3.9889840465642745,0.6931471805599453,6.796365512756079,0,New/Occasional
15067,78,5,3877.88,4.3694478524670215,1.791759469228055,8.263301731153247,1,Big Spenders
15068,46,4,1176.85,3.8501476017100584,1.6094379124341003,7.071446021638615,0,New/Occasional
15069,179,1,1109.53,5.19295685089021,0.6931471805599453,7.012592657827759,4,At Risk
15070,373,3,843.25,5.924255797414532,1.3862943611198906,6.738448659265677,4,At Risk
15071,94,4,1455.5600000000002,4.553876891600541,1.6094379124341003,7.283832770195709,4,At Risk
15072,479,1,187.52,6.173786103901937,0.6931471805599453,5.23920410205553,2,Lost/Churned
15073,10,8,2788.02,2.3978952727983707,2.1972245773362196,7.93344555863082,3,Loyal Customers
15074,105,3,1566.33,4.663439094112067,1.3862943611198906,7.357128813675071,4,At Risk
15075,78,1,773.03,4.3694478524670215,0.6931471805599453,6.651610632528512,0,New/Occasional
15076,173,3,1447.74,5.159055299214529,1.3862943611198906,7.278449492127982,4,At Risk
15077,495,2,2428.08,6.206575926724928,1.0986122886681098,7.795267863824162,4,At Risk
15078,7,53,17761.88,2.0794415416798357,3.9889840465642745,9.78486616556146,5,Champions
15079,213,11,3767.35,5.365976015021851,2.4849066497880004,8.23439251885594,1,Big Spenders
15080,428,2,546.25,6.061456918928017,1.0986122886681098,6.304905736402972,4,At Risk
15081,22,12,1965.72,3.1354942159291497,2.5649493574615367,7.5841224595020655,1,Big Spenders
15082,669,1,93.35000000000001,6.507277712385012,0.6931471805599453,4.54701127181456,2,Lost/Churned
15083,257,1,88.2,5.552959584921617,0.6931471805599453,4.490881039585964,2,Lost/Churned
15084,380,2,965.1999999999999,5.942799375126701,1.0986122886681098,6.873370852120306,4,At Risk
15085,730,1,347.54,6.594413459749778,0.6931471805599453,5.853753001232496,2,Lost/Churned
15086,565,2,218.53,6.338594078203183,1.0986122886681098,5.391488897435831,2,Lost/Churned
15087,282,1,306.94,5.645446897643238,0.6931471805599453,5.7299049588017725,2,Lost/Churned
15088,21,2,1160.07,3.091042453358316,1.0986122886681098,7.057097272731341,0,New/Occasional
15089,10,6,2420.84,2.3978952727983707,1.9459101490553132,7.7922828608243835,3,Loyal Customers
15090,308,1,381.32,5.733341276897746,0.6931471805599453,5.946257954269902,2,Lost/Churned
15091,68,3,1046.6100000000001,4.23410650459726,1.3862943611198906,6.9542666582161,4,At Risk
15092,215,3,776.46,5.375278407684165,1.3862943611198906,6.656032195784612,4,At Risk
15093,18,23,14326.11,2.9444389791664403,3.1780538303479458,9.569908825675023,5,Champions
15094,463,2,83.0,6.139884552226255,1.0986122886681098,4.430816798843313,2,Lost/Churned
15095,104,10,3141.64,4.653960350157523,2.3978952727983707,8.052818489989162,1,Big Spenders
15096,43,1,219.39000000000001,3.784189633918261,0.6931471805599453,5.3953987041986,0,New/Occasional
15097,4,3,908.35,1.6094379124341003,1.3862943611198906,6.812730058573027,3,Loyal Customers
15098,182,3,39916.5,5.209486152841421,1.3862943611198906,10.594570103213856,1,Big Spenders
15099,84,1,410.48,4.442651256490317,0.6931471805599453,6.019760416262829,0,New/Occasional
15100,334,7,2894.7,5.814130531825066,2.0794415416798357,7.970982156979451,1,Big Spenders
15101,9,6,1477.94,2.302585092994046,1.9459101490553132,7.29908089393658,3,Loyal Customers
15102,531,2,554.67,6.2766434893416445,1.0986122886681098,6.320174592864931,4,At Risk
15103,31,2,703.36,3.4657359027997265,1.0986122886681098,6.557289589092577,0,New/Occasional
15104,197,2,1027.44,5.288267030694535,1.0986122886681098,6.93579837000678,4,At Risk
15105,18,9,3094.91,2.9444389791664403,2.302585092994046,8.037837164519642,3,Loyal Customers
15106,18,5,1422.52,2.9444389791664403,1.791759469228055,7.2608879564964575,3,Loyal Customers
15107,311,9,940.35,5.7430031878094825,2.302585092994046,6.847315015170721,4,At Risk
15108,142,4,1300.25,4.962844630259907,1.6094379124341003,7.171080619929179,4,At Risk
15109,246,3,983.1,5.5093883366279774,1.3862943611198906,6.89172751790494,4,At Risk
15110,24,6,1505.8500000000001,3.2188758248682006,1.9459101490553132,7.317776658171513,3,Loyal Customers
15111,29,5,2730.87,3.4011973816621555,1.791759469228055,7.912741635371109,3,Loyal Customers
15112,611,1,209.4,6.416732282512326,0.6931471805599453,5.349010480863555,2,Lost/Churned
15113,10,3,3609.33,2.3978952727983707,1.3862943611198906,8.19155445989142,3,Loyal Customers
15114,30,12,3400.12,3.4339872044851463,2.5649493574615367,8.131860068124816,1,Big Spenders
15115,18,2,531.85,2.9444389791664403,1.0986122886681098,6.2782399586669655,0,New/Occasional
15116,18,4,1352.75,2.9444389791664403,1.6094379124341003,7.2106337983152,3,Loyal Customers
15117,15,8,2485.97,2.772588722239781,2.1972245773362196,7.818820381004473,3,Loyal Customers
15118,134,1,244.8,4.90527477843843,0.6931471805599453,5.504518197131935,2,Lost/Churned
15119,246,1,266.4,5.5093883366279774,0.6931471805599453,5.588745664667843,2,Lost/Churned
15120,134,1,358.82,4.90527477843843,0.6931471805599453,5.885603906408473,2,Lost/Churned
15121,50,2,457.72,3.9318256327243257,1.0986122886681098,6.12844000213506,0,New/Occasional
15122,114,11,4497.47,4.74493212836325,2.4849066497880004,8.411492617945306,1,Big Spenders
15123,7,5,4656.17,2.0794415416798357,1.791759469228055,8.44616324650336,3,Loyal Customers
15124,23,4,450.82,3.1780538303479458,1.6094379124341003,6.113283870429076,0,New/Occasional
15125,25,24,17024.87,3.258096538021482,3.2188758248682006,9.742489231033671,5,Champions
15126,537,2,449.49,6.2878585601617845,1.0986122886681098,6.110335879243754,2,Lost/Churned
15127,66,2,711.5,4.204692619390966,1.0986122886681098,6.568779912142806,0,New/Occasional
15128,60,5,1783.68,4.110873864173311,1.791759469228055,7.486994406433962,1,Big Spenders
15129,50,23,6860.18,3.9318256327243257,3.1780538303479458,8.83363471758943,1,Big Spenders
15130,170,1,330.11,5.14166355650266,0.6931471805599453,5.802450646452902,2,Lost/Churned
15131,395,1,80.28,5.981414211254481,0.6931471805599453,4.397899983830172,2,Lost/Churned
15132,18,5,977.9300000000001,2.9444389791664403,1.791759469228055,6.886460138441978,3,Loyal Customers
15133,128,5,1806.9,4.859812404361672,1.791759469228055,7.499921229687969,4,At Risk
15134,15,10,1596.29,2.772588722239781,2.3978952727983707,7.376063722211611,3,Loyal Customers
15135,239,2,305.68,5.480638923341991,1.0986122886681098,5.725804858690694,2,Lost/Churned
15136,3,4,1286.7,1.3862943611198906,1.6094379124341003,7.160612960279738,3,Loyal Customers
15137,521,2,823.4,6.257667587882639,1.0986122886681098,6.714655849016304,4,At Risk
15138,394,1,502.52,5.978885764901122,0.6931471805599453,6.221623433316097,2,Lost/Churned
15139,240,2,178.96,5.484796933490655,1.0986122886681098,5.192734603972972,2,Lost/Churned
15140,52,8,3243.69,3.970291913552122,2.1972245773362196,8.0847750929877,1,Big Spenders
15141,458,7,1388.47,6.129050210060545,2.0794415416798357,7.236677658449301,4,At Risk
15142,46,6,2619.92,3.8501476017100584,1.9459101490553132,7.87128068015632,1,Big Spenders
15143,226,2,563.63,5.424950017481403,1.0986122886681098,6.336170649370582,4,At Risk
15144,8,29,12160.31,2.1972245773362196,3.4011973816621555,9.406014879980829,5,Champions
15145,4,4,1194.73,1.6094379124341003,1.6094379124341003,7.0865121565162825,3,Loyal Customers
15146,165,2,1327.16,5.111987788356544,1.0986122886681098,7.1915498047067254,4,At Risk
15147,240,1,623.5,5.484796933490655,0.6931471805599453,6.436951329565632,2,Lost/Churned
15148,11,1,301.29,2.4849066497880004,0.6931471805599453,5.711386821516136,0,New/Occasional
15149,134,5,1554.6100000000001,4.90527477843843,1.791759469228055,7.349623030648691,4,At Risk
15150,17,13,9001.08,2.8903717578961645,2.6390573296152584,9.105210940727408,5,Champions
15151,423,2,2085.61,6.049733455231958,1.0986122886681098,7.643296018507768,4,At Risk
15152,10,14,5263.83,2.3978952727983707,2.70805020110221,8.568804135347829,5,Champions
15153,31,1,329.25,3.4657359027997265,0.6931471805599453,5.799849943402434,0,New/Occasional
15154,75,3,1388.41,4.330733340286331,1.3862943611198906,7.236634475584254,4,At Risk
15155,383,1,383.96999999999997,5.950642552587727,0.6931471805599453,5.95316540917378,2,Lost/Churned
15156,1,3,961.49,0.6931471805599453,1.3862943611198906,6.869523676497577,3,Loyal Customers
15157,4,5,2654.11,1.6094379124341003,1.791759469228055,7.884241364079559,3,Loyal Customers
15158,45,2,606.02,3.828641396489095,1.0986122886681098,6.408561739445854,0,New/Occasional
15159,2,34,22116.73,1.0986122886681098,3.5553480614894135,10.004134828308784,5,Champions
15160,357,4,589.27,5.8805329864007,1.6094379124341003,6.380580059339054,4,At Risk
15161,388,1,119.92,5.963579343618446,0.6931471805599453,4.795129169911258,2,Lost/Churned
15162,731,1,312.9,6.595780513961311,0.6931471805599453,5.749074463847908,2,Lost/Churned
15163,18,2,304.47,2.9444389791664403,1.0986122886681098,5.721851574117079,0,New/Occasional
15164,69,9,2068.92,4.248495242049359,2.302585092994046,7.635265238169592,1,Big Spenders
15165,373,1,975.5,5.924255797414532,0.6931471805599453,6.8839747503167334,4,At Risk
15166,468,1,167.16,6.150602768446279,0.6931471805599453,5.124915907128641,2,Lost/Churned
15167,321,5,1659.67,5.7745515455444085,1.791759469228055,7.414976414378016,4,At Risk
15168,26,1,106.56,3.295836866004329,0.6931471805599453,4.678048831400664,0,New/Occasional
15169,382,2,569.22,5.948034989180646,1.0986122886681098,6.3460222512755795,4,At Risk
15170,407,1,81.15,6.0112671744041615,0.6931471805599453,4.408546844483277,2,Lost/Churned
15171,331,1,1289.5,5.805134968916488,0.6931471805599453,7.162785019158669,4,At Risk
15172,9,5,1624.05,2.302585092994046,1.791759469228055,7.393293863521244,3,Loyal Customers
15173,381,7,1494.6,5.945420608606575,2.0794415416798357,7.310282743102959,4,At Risk
15174,323,2,481.46,5.780743515792329,1.0986122886681098,6.178898015788112,4,At Risk
15175,72,1,224.14,4.290459441148391,0.6931471805599453,5.416722430926658,0,New/Occasional
15176,668,1,988.0400000000001,6.505784060128229,0.6931471805599453,6.896734775698672,4,At Risk
15177,426,1,948.9300000000001,6.056784013228625,0.6931471805599453,6.856388297669246,4,At Risk
15178,260,1,40.5,5.564520407322694,0.6931471805599453,3.7256934272366524,2,Lost/Churned
15179,18,13,7491.92,2.9444389791664403,2.6390573296152584,8.921713853675792,5,Champions
15180,367,3,904.4300000000001,5.908082938168931,1.3862943611198906,6.808409968979098,4,At Risk
15181,66,5,1200.2,4.204692619390966,1.791759469228055,7.091076336109175,4,At Risk
15182,154,11,2998.952,5.043425116919247,2.4849066497880004,8.006351567522245,1,Big Spenders
15183,548,3,639.93,6.3080984415095305,1.3862943611198906,6.462920246589264,4,At Risk
15184,29,4,689.95,3.4011973816621555,1.6094379124341003,6.538067462249494,0,New/Occasional
15185,70,1,310.62,4.2626798770413155,0.6931471805599453,5.741784496789209,0,New/Occasional
15186,14,5,1403.2,2.70805020110221,1.791759469228055,7.247223024583149,3,Loyal Customers
15187,2,16,4777.18,1.0986122886681098,2.833213344056216,8.471814999842545,5,Champions
15188,725,1,310.43,6.587550014824796,0.6931471805599453,5.7411745938732635,2,Lost/Churned
15189,1,46,17524.38,0.6931471805599453,3.8501476017100584,9.771405394977268,5,Champions
15190,434,1,834.4399999999999,6.075346031088684,0.6931471805599453,6.727958532171293,4,At Risk
15191,463,3,588.05,6.139884552226255,1.3862943611198906,6.378511069692128,4,At Risk
15192,120,5,1981.39,4.795790545596741,1.791759469228055,7.592058466471517,4,At Risk
15193,61,1,499.32,4.127134385045092,0.6931471805599453,6.215247893709531,0,New/Occasional
15194,3,28,12427.69,1.3862943611198906,3.367295829986474,9.427762788765785,5,Champions
15195,3,1,3861.0,1.3862943611198906,0.6931471805599453,8.258940462988459,3,Loyal Customers
15196,433,2,316.25,6.073044534100405,1.0986122886681098,5.759690106594497,2,Lost/Churned
15197,11,6,1877.51,2.4849066497880004,1.9459101490553132,7.538234188396181,3,Loyal Customers
15198,92,5,571.35,4.532599493153256,1.791759469228055,6.349750692364485,4,At Risk
15199,59,10,3122.4,4.0943445622221,2.3978952727983707,8.046677431053746,1,Big Spenders
15200,495,1,549.0500000000001,6.206575926724928,0.6931471805599453,6.310009183185445,2,Lost/Churned
15201,87,7,1842.95,4.477336814478207,2.0794415416798357,7.51966528878146,1,Big Spenders
15202,420,3,6001.49,6.042632833682381,1.3862943611198906,8.699929662121509,4,At Risk
15203,26,15,4400.18,3.295836866004329,2.772588722239781,8.389627965770218,1,Big Spenders
15204,357,1,316.58,5.8805329864007,0.6931471805599453,5.760729755097951,2,Lost/Churned
15205,85,2,653.24,4.454347296253507,1.0986122886681098,6.483474256616332,0,New/Occasional
15206,10,4,420.3,2.3978952727983707,1.6094379124341003,6.043345168984971,0,New/Occasional
15207,416,3,683.92,6.0330862217988015,1.3862943611198906,6.5293020431207704,4,At Risk
15208,1,6,970.52,0.6931471805599453,1.9459101490553132,6.878861855327155,3,Loyal Customers
15209,730,1,178.98000000000002,6.594413459749778,0.6931471805599453,5.192845733605803,2,Lost/Churned
15210,225,3,1176.19,5.420534999272286,1.3862943611198906,7.070885521589972,4,At Risk
15211,60,2,1277.48,4.110873864173311,1.0986122886681098,7.153427151276853,0,New/Occasional
15212,241,2,208.28,5.488937726156687,1.0986122886681098,5.343673068268834,2,Lost/Churned
15213,319,2,328.35,5.768320995793772,1.0986122886681098,5.797121015086702,2,Lost/Churned
15214,2,8,1661.44,1.0986122886681098,2.1972245773362196,7.416041681653177,3,Loyal Customers
15215,47,7,2422.4300000000003,3.871201010907891,2.0794415416798357,7.792939171022606,1,Big Spenders
15216,88,2,486.09000000000003,4.48863636973214,1.0986122886681098,6.188448910936394,0,New/Occasional
15217,563,1,426.24,6.335054251498059,0.6931471805599453,6.057345916221495,2,Lost/Churned
15218,11,22,11516.57,2.4849066497880004,3.1354942159291497,9.35162897449944,5,Champions
15219,176,2,685.45,5.176149732573829,1.0986122886681098,6.531533389343614,4,At Risk
15220,52,6,1778.96,3.970291913552122,1.9459101490553132,7.484346171123521,1,Big Spenders
15221,366,4,2465.45,5.905361848054571,1.6094379124341003,7.810535148828345,4,At Risk
15222,319,11,3550.91,5.768320995793772,2.4849066497880004,8.175240765953214,1,Big Spenders
15223,226,5,1417.95,5.424950017481403,1.791759469228055,7.2576724404574895,4,At Risk
15224,358,5,871.36,5.883322388488279,1.791759469228055,6.771202182749025,4,At Risk
15225,234,1,409.40000000000003,5.459585514144159,0.6931471805599453,6.01713229385656,2,Lost/Churned
15226,311,1,154.41,5.7430031878094825,0.6931471805599453,5.04606678592752,2,Lost/Churned
15227,37,9,2488.4900000000002,3.6375861597263857,2.302585092994046,7.819833149203312,1,Big Spenders
15228,66,6,5580.27,4.204692619390966,1.9459101490553132,8.62717162804504,1,Big Spenders
15229,586,1,160.5,6.375024819828097,0.6931471805599453,5.084505142662711,2,Lost/Churned
15230,239,2,429.6,5.480638923341991,1.0986122886681098,6.065179584930263,2,Lost/Churned
15231,621,1,250.26000000000002,6.432940092739179,0.6931471805599453,5.526488259576272,2,Lost/Churned
15232,113,2,612.06,4.736198448394496,1.0986122886681098,6.418462810428566,4,At Risk
15233,401,1,59.400000000000006,5.996452088619021,0.6931471805599453,4.100989104940769,2,Lost/Churned
15234,277,1,197.0,5.627621113690637,0.6931471805599453,5.288267030694535,2,Lost/Churned
15235,218,16,2937.81,5.389071729816501,2.833213344056216,7.985760016489754,1,Big Spenders
15236,299,1,321.05,5.703782474656201,0.6931471805599453,5.7747068129929,2,Lost/Churned
15237,2,4,1412.32,1.0986122886681098,1.6094379124341003,7.253696825551129,3,Loyal Customers
15238,29,3,1071.99,3.4011973816621555,1.3862943611198906,6.978204422922778,0,New/Occasional
15239,10,2,780.59,2.3978952727983707,1.0986122886681098,6.661330306378558,0,New/Occasional
15240,45,12,4459.9800000000005,3.828641396489095,2.5649493574615367,8.403123751818507,1,Big Spenders
15241,67,11,3050.16,4.219507705176107,2.4849066497880004,8.023277125163998,1,Big Spenders
15242,422,1,302.04,6.0473721790462776,0.6931471805599453,5.713864809997713,2,Lost/Churned
15243,74,2,927.28,4.31748811353631,1.0986122886681098,6.833333411414558,0,New/Occasional
15244,65,3,912.08,4.189654742026425,1.3862943611198906,6.816823499976432,0,New/Occasional
15245,134,8,4610.84,4.90527477843843,2.1972245773362196,8.43638218867962,1,Big Spenders
15246,238,3,780.4,5.476463551931511,1.3862943611198906,6.66108718262097,4,At Risk
15247,122,3,976.06,4.812184355372417,1.3862943611198906,6.884548062644319,4,At Risk
15248,411,3,1893.93,6.021023349349527,1.3862943611198906,7.546937177520269,4,At Risk
15249,32,18,9266.0,3.4965075614664802,2.9444389791664403,9.134214981586691,5,Champions
15250,641,1,60.0,6.464588303689961,0.6931471805599453,4.110873864173311,2,Lost/Churned
15251,9,21,20324.54,2.302585092994046,3.091042453358316,9.919633502328765,5,Champions
15252,36,5,2103.41,3.6109179126442243,1.791759469228055,7.6517904217936605,1,Big Spenders
15253,16,8,2055.09,2.833213344056216,2.1972245773362196,7.628561399936054,3,Loyal Customers
15254,127,3,1088.35,4.852030263919617,1.3862943611198906,6.993336467072343,4,At Risk
15255,67,9,3729.42,4.219507705176107,2.302585092994046,8.22427610683509,1,Big Spenders
15256,149,2,170.4,5.0106352940962555,1.0986122886681098,5.1440000061636795,2,Lost/Churned
15257,283,2,685.9,5.648974238161206,1.0986122886681098,6.5321887212198355,4,At Risk
15258,169,2,623.16,5.135798437050262,1.0986122886681098,6.4364067457583465,4,At Risk
15259,513,4,1182.3799999999999,6.2422232654551655,1.6094379124341003,7.076130029643467,4,At Risk
15260,100,25,9188.23,4.61512051684126,3.258096538021482,9.125787425114728,1,Big Spenders
15261,135,4,1508.0,4.912654885736052,1.6094379124341003,7.319202458767849,4,At Risk
15262,324,3,418.82,5.783825182329737,1.3862943611198906,6.03982604798586,4,At Risk
15263,107,1,156.51,4.68213122712422,0.6931471805599453,5.059488948313644,2,Lost/Churned
15264,64,2,848.4,4.174387269895637,1.0986122886681098,6.744530217879171,0,New/Occasional
15265,151,4,3345.64,5.0238805208462765,1.6094379124341003,8.115712136418376,4,At Risk
15266,338,5,852.21,5.82600010738045,1.791759469228055,6.749005707109851,4,At Risk
15267,22,5,1717.36,3.1354942159291497,1.791759469228055,7.449125626576209,3,Loyal Customers
15268,479,3,961.9000000000001,6.173786103901937,1.3862943611198906,6.869949564246238,4,At Risk
15269,24,3,1225.3600000000001,3.2188758248682006,1.3862943611198906,7.111805711239658,0,New/Occasional
15270,16,21,8524.86,2.833213344056216,3.091042453358316,9.050859176829093,5,Champions
15271,7,24,4709.54,2.0794415416798357,3.2188758248682006,8.45755783012022,5,Champions
15272,57,6,2085.48,4.060443010546419,1.9459101490553132,7.643233714555521,1,Big Spenders
15273,600,1,228.96,6.398594934535208,0.6931471805599453,5.43790538075509,2,Lost/Churned
15274,4,2,716.57,1.6094379124341003,1.0986122886681098,6.5758705038506235,0,New/Occasional
15275,38,1,615.14,3.6635616461296463,0.6931471805599453,6.4234742104382585,0,New/Occasional
15276,66,4,649.53,4.204692619390966,1.6094379124341003,6.477787415259625,0,New/Occasional
15277,47,2,476.34000000000003,3.871201010907891,1.0986122886681098,6.168229025235398,0,New/Occasional
15278,562,4,496.16,6.333279628139691,1.6094379124341003,6.208911905877311,4,At Risk
15279,355,5,1580.54,5.87493073085203,1.791759469228055,7.366154334869737,4,At Risk
15280,172,3,406.21999999999997,5.153291594497779,1.3862943611198906,6.009353579943722,4,At Risk
15281,59,16,8543.57,4.0943445622221,2.833213344056216,9.053051272457877,1,Big Spenders
15282,570,1,348.59,6.3473892096560105,0.6931471805599453,5.856761039253281,2,Lost/Churned
15283,390,3,148.32999999999998,5.968707559985366,1.3862943611198906,5.006158622069177,2,Lost/Churned
15284,500,1,24.75,6.2166061010848646,0.6931471805599453,3.248434627109745,2,Lost/Churned
15285,408,1,94.92,6.013715156042802,0.6931471805599453,4.5635145107192585,2,Lost/Churned
15286,50,1,240.55,3.9318256327243257,0.6931471805599453,5.4870764910004155,0,New/Occasional
15287,22,5,856.03,3.1354942159291497,1.791759469228055,6.753472923819396,3,Loyal Customers
15288,43,10,3883.13,3.784189633918261,2.3978952727983707,8.264654299499902,1,Big Spenders
15289,29,5,1593.09,3.4011973816621555,1.791759469228055,7.37405831948775,3,Loyal Customers
15290,5,26,10496.28,1.791759469228055,3.295836866004329,9.258871454967936,5,Champions
15291,26,40,13846.56,3.295836866004329,3.713572066704308,9.53586432280995,5,Champions
15292,201,1,180.94,5.308267697401205,0.6931471805599453,5.203676962393915,2,Lost/Churned
15293,666,1,247.5,6.502790045915623,0.6931471805599453,5.5154428455366835,2,Lost/Churned
15294,411,1,233.35,6.021023349349527,0.6931471805599453,5.456815724368715,2,Lost/Churned
15295,654,1,217.23999999999998,6.484635235635252,0.6931471805599453,5.3855953746550975,2,Lost/Churned
15296,51,12,10342.83,3.9512437185814275,2.5649493574615367,9.244145485668538,1,Big Spenders
15297,10,3,641.94,2.3978952727983707,1.3862943611198906,6.466051407286527,0,New/Occasional
15298,2,23,9459.37,1.0986122886681098,3.1780538303479458,9.154866773331808,5,Champions
15299,67,10,7991.54,4.219507705176107,2.3978952727983707,8.986263885613372,1,Big Spenders
15300,64,1,496.44,4.174387269895637,0.6931471805599453,6.2094749463104435,0,New/Occasional
15301,51,17,7603.4400000000005,3.9512437185814275,2.8903717578961645,8.936487566216204,1,Big Spenders
15302,730,1,308.0,6.594413459749778,0.6931471805599453,5.733341276897746,2,Lost/Churned
15303,290,3,1224.18,5.673323267171493,1.3862943611198906,7.110843050959893,4,At Risk
15304,61,9,919.55,4.127134385045092,2.302585092994046,6.824971317503215,1,Big Spenders
15305,555,1,93.6,6.320768294250582,0.6931471805599453,4.549657476057832,2,Lost/Churned
15306,64,9,3484.73,4.174387269895637,2.302585092994046,8.15643277041254,1,Big Spenders
15307,96,1,205.3,4.574710978503383,0.6931471805599453,5.329331420077207,2,Lost/Churned
15308,274,1,310.47,5.616771097666572,0.6931471805599453,5.741303025403381,2,Lost/Churned
15309,611,4,797.96,6.416732282512326,1.6094379124341003,6.683310881934879,4,At Risk
15310,479,1,1634.64,6.173786103901937,0.6931471805599453,7.399789444048626,4,At Risk
15311,1,208,116771.16,0.6931471805599453,5.342334251964811,11.667979964800535,5,Champions
15312,75,12,2930.19,4.330733340286331,2.5649493574615367,7.983163762901939,1,Big Spenders
15313,110,1,52.0,4.709530201312334,0.6931471805599453,3.970291913552122,2,Lost/Churned
15314,199,3,820.45,5.298317366548036,1.3862943611198906,6.711071071352346,4,At Risk
15315,64,2,570.5,4.174387269895637,1.0986122886681098,6.348264483234865,0,New/Occasional
15316,327,1,165.0,5.793013608384144,0.6931471805599453,5.111987788356544,2,Lost/Churned
15317,677,1,129.75,6.519147287940395,0.6931471805599453,4.873287102945032,2,Lost/Churned
15318,4,1,312.62,1.6094379124341003,0.6931471805599453,5.748182061952885,0,New/Occasional
15319,284,1,204.5,5.652489180268651,0.6931471805599453,5.32544603393629,2,Lost/Churned
15320,44,1,267.13,3.8066624897703196,0.6931471805599453,5.591471937527057,0,New/Occasional
15321,71,12,6709.7300000000005,4.276666119016055,2.5649493574615367,8.811463016894713,1,Big Spenders
15322,86,2,1390.86,4.465908118654584,1.0986122886681098,7.238396261123746,4,At Risk
15323,563,3,434.6,6.335054251498059,1.3862943611198906,6.076724391058805,4,At Risk
15324,701,1,140.22000000000003,6.553933404025811,0.6931471805599453,4.950318958088201,2,Lost/Churned
15325,104,8,1602.01,4.653960350157523,2.1972245773362196,7.379638390893277,1,Big Spenders
15326,334,5,1700.52,5.814130531825066,1.791759469228055,7.43927724820629,4,At Risk
15327,53,1,208.75,3.9889840465642745,0.6931471805599453,5.345916345347316,0,New/Occasional
15328,408,1,107.24,6.013715156042802,0.6931471805599453,4.684350983862532,2,Lost/Churned
15329,39,11,2984.33,3.6888794541139363,2.4849066497880004,8.001465572480015,1,Big Spenders
15330,32,2,714.9599999999999,3.4965075614664802,1.0986122886681098,6.573624299478299,0,New/Occasional
15331,500,3,767.91,6.2166061010848646,1.3862943611198906,6.644973927545967,4,At Risk
15332,366,6,6553.74,5.905361848054571,1.9459101490553132,8.787943731032811,1,Big Spenders
15333,208,1,1028.56,5.342334251964811,0.6931471805599453,6.936886805488385,4,At Risk
15334,157,3,351.67,5.062595033026967,1.3862943611198906,5.8655327755013085,4,At Risk
15335,54,1,173.97,4.007333185232471,0.6931471805599453,5.164614530656529,0,New/Occasional
15336,402,1,240.5,5.998936561946683,0.6931471805599453,5.486869473092628,2,Lost/Churned
15337,411,1,373.02,6.021023349349527,0.6931471805599453,5.924309271920574,2,Lost/Churned
15338,677,1,283.43,6.519147287940395,0.6931471805599453,5.650487177597977,2,Lost/Churned
15339,66,7,1827.84,4.204692619390966,2.0794415416798357,7.511437165067318,1,Big Spenders
15340,562,1,105.5,6.333279628139691,0.6931471805599453,4.66814498514948,2,Lost/Churned
15341,81,2,2402.72,4.406719247264253,1.0986122886681098,7.784772816325887,4,At Risk
15342,130,1,406.09000000000003,4.875197323201151,0.6931471805599453,6.0090342912180414,2,Lost/Churned
15343,87,1,364.5,4.477336814478207,0.6931471805599453,5.901266279189834,0,New/Occasional
15344,1,3,563.94,0.6931471805599453,1.3862943611198906,6.3367195308171205,3,Loyal Customers
15345,46,1,393.54,3.8501476017100584,0.6931471805599453,5.9777205293157225,0,New/Occasional
15346,333,3,596.12,5.811140992976701,1.3862943611198906,6.3921180982189245,4,At Risk
15347,366,4,1363.6,5.905361848054571,1.6094379124341003,7.2186166243813235,4,At Risk
15348,72,1,158.04,4.290459441148391,0.6931471805599453,5.069155742908264,0,New/Occasional
15349,158,2,473.81,5.0689042022202315,1.0986122886681098,6.1629147240133015,4,At Risk
15350,373,2,663.25,5.924255797414532,1.0986122886681098,6.498658584639923,4,At Risk
15351,12,10,3738.29,2.5649493574615367,2.3978952727983707,8.226651032814573,3,Loyal Customers
15352,549,1,114.95,6.309918278226516,0.6931471805599453,4.753159063701541,2,Lost/Churned
15353,255,7,3175.95,5.545177444479562,2.0794415416798357,8.06367689602795,1,Big Spenders
15354,603,3,284.4,6.403574197934815,1.3862943611198906,5.653891705042736,2,Lost/Churned
15355,29,2,277.05,3.4011973816621555,1.0986122886681098,5.627800953633573,0,New/Occasional
15356,31,13,3464.95,3.4657359027997265,2.6390573296152584,8.150742044320372,1,Big Spenders
15358,5,42,17050.41,1.791759469228055,3.7612001156935624,9.74398817723959,5,Champions
15359,663,8,181.35,6.498282149476434,2.1972245773362196,5.205927917254689,4,At Risk
15360,40,1,427.93,3.713572066704308,0.6931471805599453,6.061293735451147,0,New/Occasional
15361,362,4,689.07,5.8944028342648505,1.6094379124341003,6.536793041721038,4,At Risk
15362,449,2,613.08,6.1092475827643655,1.0986122886681098,6.420125212819335,4,At Risk
15363,373,2,1004.11,5.924255797414532,1.0986122886681098,6.912852267239981,4,At Risk
15364,96,2,913.19,4.574710978503383,1.0986122886681098,6.818038427312331,4,At Risk
15365,26,13,4557.13,3.295836866004329,2.6390573296152584,8.42466773068017,1,Big Spenders
15366,75,7,2389.08,4.330733340286331,2.0794415416798357,7.779082117168702,1,Big Spenders
15367,57,11,5081.33,4.060443010546419,2.4849066497880004,8.533525096836854,1,Big Spenders
15368,21,2,722.74,3.091042453358316,1.0986122886681098,6.584432211866017,0,New/Occasional
15369,492,11,6251.26,6.20050917404269,2.4849066497880004,8.740698277368923,1,Big Spenders
15370,41,8,3739.01,3.7376696182833684,2.1972245773362196,8.226843564201795,1,Big Spenders
15371,662,1,59.400000000000006,6.4967749901858625,0.6931471805599453,4.100989104940769,2,Lost/Churned
15372,137,8,6017.0599999999995,4.927253685157205,2.1972245773362196,8.70252022723002,1,Big Spenders
15373,8,17,3421.39,2.1972245773362196,2.8903717578961645,8.138094416397738,5,Champions
15374,129,2,307.32,4.867534450455582,1.0986122886681098,5.731138204666056,2,Lost/Churned
15375,690,1,60.959999999999994,6.53813982376767,0.6931471805599453,4.1264890155486675,2,Lost/Churned
15376,40,3,1233.3600000000001,3.713572066704308,1.3862943611198906,7.118307896116917,0,New/Occasional
15377,383,4,1211.75,5.950642552587727,1.6094379124341003,7.100645787125326,4,At Risk
15378,463,2,246.5,6.139884552226255,1.0986122886681098,5.511410582008745,2,Lost/Churned
15379,169,8,4877.84,5.135798437050262,2.1972245773362196,8.492662765672868,1,Big Spenders
15380,9,11,3479.06,2.302585092994046,2.4849066497880004,8.154804813999199,3,Loyal Customers
15381,214,5,1890.57,5.3706380281276624,1.791759469228055,7.545162451054191,4,At Risk
15382,15,12,13733.550000000001,2.772588722239781,2.5649493574615367,9.527669834978457,5,Champions
15384,170,4,2027.79,5.14166355650266,1.6094379124341003,7.615194835208677,4,At Risk
15385,40,3,942.08,3.713572066704308,1.3862943611198906,6.849151114666084,0,New/Occasional
15386,186,1,394.14,5.231108616854587,0.6931471805599453,5.979240132485259,2,Lost/Churned
15387,492,1,468.65,6.20050917404269,0.6931471805599453,6.151987736440525,2,Lost/Churned
15388,270,1,140.54,5.602118820879701,0.6931471805599453,4.952582362647639,2,Lost/Churned
15389,172,5,2733.8,5.153291594497779,1.791759469228055,7.913813586039639,4,At Risk
15390,396,2,1216.66,5.983936280687191,1.0986122886681098,7.104686263160091,4,At Risk
15391,584,1,289.87,6.371611847231857,0.6931471805599453,5.672876431960318,2,Lost/Churned
15392,5,7,2911.62,1.791759469228055,2.0794415416798357,7.976808298741926,3,Loyal Customers
15393,16,5,891.34,2.833213344056216,1.791759469228055,6.793847225874017,3,Loyal Customers
15394,10,11,5286.8,2.3978952727983707,2.4849066497880004,8.57315755933367,3,Loyal Customers
15395,326,1,107.45,5.7899601708972535,0.6931471805599453,4.6862892372728835,2,Lost/Churned
15396,113,2,796.38,4.736198448394496,1.0986122886681098,6.681331353117785,4,At Risk
15397,290,1,94.0,5.673323267171493,0.6931471805599453,4.553876891600541,2,Lost/Churned
15398,16,2,1345.53,2.833213344056216,1.0986122886681098,7.205286191988605,0,New/Occasional
15399,1,3,815.77,0.6931471805599453,1.3862943611198906,6.705357537478585,3,Loyal Customers
15400,92,8,1302.3,4.532599493153256,2.1972245773362196,7.172654788536674,1,Big Spenders
15401,452,2,216.95,6.115892125483034,1.0986122886681098,5.384265678684401,2,Lost/Churned
15402,149,6,1830.54,5.0106352940962555,1.9459101490553132,7.512912422002219,1,Big Spenders
15403,492,2,170.88,6.20050917404269,1.0986122886681098,5.146796558906795,2,Lost/Churned
15404,376,1,257.06,5.932245187448011,0.6931471805599453,5.5531921160237,2,Lost/Churned
15405,189,2,659.84,5.247024072160486,1.0986122886681098,6.493511753062391,4,At Risk
15406,31,4,975.87,3.4657359027997265,1.6094379124341003,6.884353582800518,0,New/Occasional
15407,34,4,1056.44,3.5553480614894135,1.6094379124341003,6.963606171722143,0,New/Occasional
15408,264,1,267.18,5.579729825986222,0.6931471805599453,5.591658396851496,2,Lost/Churned
15409,721,1,131.25,6.582025138892826,0.6931471805599453,4.8846940707384086,2,Lost/Churned
15410,84,10,4685.72,4.442651256490317,2.3978952727983707,8.45248825643265,1,Big Spenders
15411,26,4,1358.88,3.295836866004329,1.6094379124341003,7.215151739543018,3,Loyal Customers
15412,171,1,190.53,5.147494476813453,0.6931471805599453,5.25504445431457,2,Lost/Churned
15413,692,5,6798.72,6.541029999189903,1.791759469228055,8.824636713845836,4,At Risk
15414,10,3,774.9000000000001,2.3978952727983707,1.3862943611198906,6.654023645899904,0,New/Occasional
15415,313,1,572.8100000000001,5.749392985908253,0.6931471805599453,6.3522983310705525,2,Lost/Churned
15416,65,7,4572.82,4.189654742026425,2.0794415416798357,8.428104020944367,1,Big Spenders
15417,85,1,508.8,4.454347296253507,0.6931471805599453,6.234018491942015,0,New/Occasional
15418,425,2,452.32,6.054439346269371,1.0986122886681098,6.116598277864748,2,Lost/Churned
15419,25,1,135.86,3.258096538021482,0.6931471805599453,4.918958505524352,0,New/Occasional
15420,434,6,743.0,6.075346031088684,1.9459101490553132,6.612041034833092,4,At Risk
15421,59,10,3805.34,4.0943445622221,2.3978952727983707,8.244423376498858,1,Big Spenders
15422,323,7,1619.97,5.780743515792329,2.0794415416798357,7.390780014470032,4,At Risk
15423,38,3,266.89,3.6635616461296463,1.3862943611198906,5.590576448492924,0,New/Occasional
15424,254,3,597.78,5.541263545158426,1.3862943611198906,6.394894251854076,4,At Risk
15425,400,4,1944.57,5.993961427306569,1.6094379124341003,7.573310272245073,4,At Risk
15426,19,9,2615.39,2.995732273553991,2.302585092994046,7.869550784034195,3,Loyal Customers
15427,33,3,1483.14,3.5263605246161616,1.3862943611198906,7.302590758900265,0,New/Occasional
15428,15,4,762.75,2.772588722239781,1.6094379124341003,6.638240510485805,3,Loyal Customers
15429,27,2,397.35,3.332204510175204,1.0986122886681098,5.987331015826375,0,New/Occasional
15430,468,2,954.75,6.150602768446279,1.0986122886681098,6.862496372576522,4,At Risk
15431,503,1,153.24,6.222576268071369,0.6931471805599453,5.038509830862235,2,Lost/Churned
15432,23,2,320.76,3.1780538303479458,1.0986122886681098,5.773805926024342,0,New/Occasional
15433,214,2,533.3,5.3706380281276624,1.0986122886681098,6.2809574789637255,4,At Risk
15434,8,11,2567.06,2.1972245773362196,2.4849066497880004,7.850906029022887,3,Loyal Customers
15435,22,1,149.29,3.1354942159291497,0.6931471805599453,5.012566760946003,0,New/Occasional
15436,12,3,1122.53,2.5649493574615367,1.3862943611198906,7.024230793538577,3,Loyal Customers
15437,262,2,393.45,5.572154032177765,1.0986122886681098,5.977492389541099,2,Lost/Churned
15438,131,1,156.57999999999998,4.882801922586371,0.6931471805599453,5.059933265817542,2,Lost/Churned
15439,405,4,1269.05,6.0063531596017325,1.6094379124341003,7.1468115487563955,4,At Risk
15440,55,3,383.68,4.02535169073515,1.3862943611198906,5.952411819844281,0,New/Occasional
15441,396,3,1254.21,5.983936280687191,1.3862943611198906,7.135058168244959,4,At Risk
15442,249,1,594.0,5.521460917862246,0.6931471805599453,6.38856140554563,2,Lost/Churned
15443,2,14,5175.93,1.0986122886681098,2.70805020110221,8.55196749546608,5,Champions
15444,9,2,1418.26,2.302585092994046,1.0986122886681098,7.257890888001,3,Loyal Customers
15445,264,2,284.5,5.579729825986222,1.0986122886681098,5.654242029096065,2,Lost/Churned
15446,377,3,406.95,5.934894195619588,1.3862943611198906,6.011144617874809,4,At Risk
15447,331,5,492.88,5.805134968916488,1.791759469228055,6.202292572699543,4,At Risk
15448,313,2,788.8100000000001,5.749392985908253,1.0986122886681098,6.6717924102056685,4,At Risk
15449,26,3,974.52,3.295836866004329,1.3862943611198906,6.882970662159506,0,New/Occasional
15450,30,1,429.84,3.4339872044851463,0.6931471805599453,6.0657367914825695,0,New/Occasional
15451,434,2,233.21,6.075346031088684,1.0986122886681098,5.45621814880031,2,Lost/Churned
15452,30,6,1799.1100000000001,3.4339872044851463,1.9459101490553132,7.49560305312816,3,Loyal Customers
15453,2,7,1388.37,1.0986122886681098,2.0794415416798357,7.236605685971544,3,Loyal Customers
15454,362,2,307.69,5.8944028342648505,1.0986122886681098,5.732337537073475,2,Lost/Churned
15455,598,1,38.25,6.395261598115449,0.6931471805599453,3.6699514442284173,2,Lost/Churned
15456,283,10,2119.27,5.648974238161206,2.3978952727983707,7.6592987180472205,1,Big Spenders
15457,262,1,237.07,5.572154032177765,0.6931471805599453,5.472564748074418,2,Lost/Churned
15458,25,2,370.44,3.258096538021482,1.0986122886681098,5.917387343711666,0,New/Occasional
15459,417,2,202.83,6.035481432524756,1.0986122886681098,5.317286313095639,2,Lost/Churned
15460,354,1,216.76,5.872117789475416,0.6931471805599453,5.383393538903156,2,Lost/Churned
15461,461,2,429.7,6.135564891081739,1.0986122886681098,6.065411792060065,2,Lost/Churned
15462,94,4,737.05,4.553876891600541,1.6094379124341003,6.604011572983006,4,At Risk
15463,29,1,126.14,3.4011973816621555,0.6931471805599453,4.845288841508263,0,New/Occasional
15464,338,1,1048.85,5.82600010738045,0.6931471805599453,6.956402575803658,4,At Risk
15465,20,32,12655.65,3.044522437723423,3.4965075614664802,9.445938047727795,5,Champions
15466,85,4,1571.01,4.454347296253507,1.6094379124341003,7.360110334292074,4,At Risk
15467,9,3,524.88,2.302585092994046,1.3862943611198906,6.265073049828404,0,New/Occasional
15468,51,3,1430.48,3.9512437185814275,1.3862943611198906,7.266464153081855,0,New/Occasional
15469,50,3,874.25,3.9318256327243257,1.3862943611198906,6.774509559834775,0,New/Occasional
15470,576,1,63.419999999999995,6.3578422665081,0.6931471805599453,4.165424143903053,2,Lost/Churned
15471,2,3,1316.56,1.0986122886681098,1.3862943611198906,7.18353682017553,3,Loyal Customers
15472,113,1,371.56,4.736198448394496,0.6931471805599453,5.920398098674122,2,Lost/Churned
15473,14,8,2046.0,2.70805020110221,2.1972245773362196,7.624130585661289,3,Loyal Customers
15474,596,1,163.1,6.391917113392602,0.6931471805599453,5.100475998096045,2,Lost/Churned
15475,77,1,454.11,4.356708826689592,0.6931471805599453,6.120539147973894,0,New/Occasional
15476,380,4,2209.98,5.942799375126701,1.6094379124341003,7.701191135135846,4,At Risk
15477,650,1,368.4,6.478509642208569,0.6931471805599453,5.911880067765139,2,Lost/Churned
15478,40,3,2024.98,3.713572066704308,1.3862943611198906,7.613808813091591,3,Loyal Customers
15479,733,1,147.4,6.598509028614515,0.6931471805599453,4.99991133073328,2,Lost/Churned
15480,116,5,6279.0,4.762173934797756,1.791759469228055,8.745125259462244,1,Big Spenders
15481,401,1,1993.34,5.996452088619021,0.6931471805599453,7.598068447520948,4,At Risk
15482,16,19,14592.56,2.833213344056216,2.995732273553991,9.588335614494607,5,Champions
15483,161,10,862.2,5.087596335232384,2.3978952727983707,6.760646413943925,1,Big Spenders
15484,1,6,4656.0,0.6931471805599453,1.9459101490553132,8.446126742982377,3,Loyal Customers
15485,30,7,5771.51,3.4339872044851463,2.0794415416798357,8.660862273578818,1,Big Spenders
15486,527,1,102.0,6.269096283706261,0.6931471805599453,4.634728988229636,2,Lost/Churned
15487,680,1,231.32,6.523562306149512,0.6931471805599453,5.448115731636431,2,Lost/Churned
15488,93,5,431.92,4.543294782270004,1.791759469228055,6.070552953426946,4,At Risk
15489,23,8,2419.61,3.1780538303479458,2.1972245773362196,7.791774853503108,3,Loyal Customers
15490,430,1,217.6,6.066108090103747,0.6931471805599453,5.387243575742438,2,Lost/Churned
15491,95,6,3100.09,4.564348191467836,1.9459101490553132,8.039508941575132,1,Big Spenders
15492,28,2,659.46,3.367295829986474,1.0986122886681098,6.492936561946857,0,New/Occasional
15493,33,9,4314.9800000000005,3.5263605246161616,2.302585092994046,8.370079692446993,1,Big Spenders
15494,21,5,3780.05,3.091042453358316,1.791759469228055,8.237757027818308,3,Loyal Customers
15495,379,1,246.5,5.940171252720432,0.6931471805599453,5.511410582008745,2,Lost/Churned
15496,631,1,146.14,6.448889394146858,0.6931471805599453,4.9913845145041185,2,Lost/Churned
15497,18,9,8657.39,2.9444389791664403,2.302585092994046,9.066284072032474,1,Big Spenders
15498,3,44,26039.58,1.3862943611198906,3.8066624897703196,10.167411369499955,5,Champions
15499,724,1,161.6,6.586171654854675,0.6931471805599453,5.0912931971137105,2,Lost/Churned
15500,8,4,1131.56,2.1972245773362196,1.6094379124341003,7.032235836086242,3,Loyal Customers
15501,405,2,402.5,6.0063531596017325,1.0986122886681098,6.000176487710004,2,Lost/Churned
15502,16,14,13993.47,2.833213344056216,2.70805020110221,9.546417530564346,5,Champions
15503,363,2,267.15,5.8971538676367405,1.0986122886681098,5.591546525428934,2,Lost/Churned
15504,81,4,423.85,4.406719247264253,1.6094379124341003,6.05173616544955,0,New/Occasional
15505,53,5,3610.96,3.9889840465642745,1.791759469228055,8.192005840278435,1,Big Spenders
15506,23,6,2040.03,3.1780538303479458,1.9459101490553132,7.621209861378939,3,Loyal Customers
15507,172,1,492.36,5.153291594497779,0.6931471805599453,6.201239130683238,2,Lost/Churned
15508,189,6,1000.27,5.247024072160486,1.9459101490553132,6.909024473214282,4,At Risk
15509,380,1,166.51,5.942799375126701,0.6931471805599453,5.1210430509755955,2,Lost/Churned
15510,331,1,250.0,5.805134968916488,0.6931471805599453,5.5254529391317835,2,Lost/Churned
15511,12,5,909.23,2.5649493574615367,1.791759469228055,6.813697314828437,3,Loyal Customers
15512,156,4,331.58,5.056245805348308,1.6094379124341003,5.806880432659768,4,At Risk
15513,33,35,27750.55,3.5263605246161616,3.58351893845611,10.231046973470557,5,Champions
15514,12,18,6598.55,2.5649493574615367,2.9444389791664403,8.794756743871849,5,Champions
15515,387,1,171.81,5.961005339623274,0.6931471805599453,5.1521927250659,2,Lost/Churned
15516,45,3,62.43,3.828641396489095,1.3862943611198906,4.149936935645806,0,New/Occasional
15517,233,1,267.03,5.455321115357702,0.6931471805599453,5.591098914544516,2,Lost/Churned
15518,64,15,4218.94,4.174387269895637,2.772588722239781,8.347576188919502,1,Big Spenders
15519,383,2,344.61,5.950642552587727,1.0986122886681098,5.845310971696471,2,Lost/Churned
15520,2,1,343.5,1.0986122886681098,0.6931471805599453,5.842094090453713,0,New/Occasional
15521,40,16,7106.69,3.713572066704308,2.833213344056216,8.868932575492861,1,Big Spenders
15522,33,2,398.84,3.5263605246161616,1.0986122886681098,5.991064467086642,0,New/Occasional
15523,84,16,17359.99,4.442651256490317,2.833213344056216,9.761981014238096,1,Big Spenders
15524,25,2,591.4,3.258096538021482,1.0986122886681098,6.384182082393644,0,New/Occasional
15525,2,4,1295.7,1.0986122886681098,1.6094379124341003,7.167577854554839,3,Loyal Customers
15526,33,2,148.44,3.5263605246161616,1.0986122886681098,5.006894974480533,0,New/Occasional
15527,19,23,5575.64,2.995732273553991,3.1780538303479458,8.626341723472278,5,Champions
15528,254,1,229.33,5.541263545158426,0.6931471805599453,5.4395130632148145,2,Lost/Churned
15529,23,12,5111.95,3.1780538303479458,2.5649493574615367,8.539531816037465,1,Big Spenders
15530,22,5,1813.72,3.1354942159291497,1.791759469228055,7.503686464825663,3,Loyal Customers
15531,8,2,2007.44,2.1972245773362196,1.0986122886681098,7.605113580313547,3,Loyal Customers
15532,25,10,3771.9,3.258096538021482,2.3978952727983707,8.235599215504934,1,Big Spenders
15533,19,3,807.57,2.995732273553991,1.3862943611198906,6.695267255355902,0,New/Occasional
15534,726,1,162.25,6.588926477533519,0.6931471805599453,5.09528276815654,2,Lost/Churned
15535,173,6,1087.82,5.159055299214529,1.9459101490553132,6.992849820014987,4,At Risk
15536,409,1,259.09,6.016157159698354,0.6931471805599453,5.561027724964261,2,Lost/Churned
15537,163,1,110.92,5.099866427824199,0.6931471805599453,4.717784330357226,2,Lost/Churned
15538,538,6,3358.4,6.289715570908998,1.9459101490553132,8.119517665582903,4,At Risk
15539,7,1,538.46,2.0794415416798357,0.6931471805599453,6.290568639224737,0,New/Occasional
15540,11,2,460.68,2.4849066497880004,1.0986122886681098,6.134872010402711,0,New/Occasional
15541,114,1,85.13000000000001,4.74493212836325,0.6931471805599453,4.455857782801083,2,Lost/Churned
15542,512,3,918.45,6.240275845170769,1.3862943611198906,6.823775665186862,4,At Risk
15543,288,2,242.84,5.666426688112432,1.0986122886681098,5.496512272498282,2,Lost/Churned
15544,9,20,8162.43,2.302585092994046,3.044522437723423,9.00741970277598,5,Champions
15545,54,2,428.05,4.007333185232471,1.0986122886681098,6.06157346225313,0,New/Occasional
15546,607,2,1079.1000000000001,6.410174881966167,1.0986122886681098,6.984808908424428,4,At Risk
15547,7,26,10154.39,2.0794415416798357,3.295836866004329,9.225759878003778,5,Champions
15548,596,1,158.09,6.391917113392602,0.6931471805599453,5.069470079817148,2,Lost/Churned
15549,77,8,2345.96,4.356708826689592,2.1972245773362196,7.76087615267213,1,Big Spenders
15550,4,12,2218.8,1.6094379124341003,2.5649493574615367,7.70517238071788,3,Loyal Customers
15551,37,7,1710.08,3.6375861597263857,2.0794415416798357,7.444880029082028,1,Big Spenders
15552,217,2,252.52,5.384495062789089,1.0986122886681098,5.535442715382666,2,Lost/Churned
15553,60,1,437.23,4.110873864173311,0.6931471805599453,6.082743886707506,0,New/Occasional
15554,278,1,217.2,5.631211781821365,0.6931471805599453,5.38541207339897,2,Lost/Churned
15555,12,36,12112.35,2.5649493574615367,3.6109179126442243,9.402063429175437,5,Champions
15556,24,1,279.77,3.2188758248682006,0.6931471805599453,5.637535828837275,0,New/Occasional
15557,29,1,473.65000000000003,3.4011973816621555,0.6931471805599453,6.162577690327808,0,New/Occasional
15558,639,1,214.13,6.461468176353717,0.6931471805599453,5.371242496562593,2,Lost/Churned
15559,568,1,1109.4,6.343880434126331,0.6931471805599453,7.01247558975254,4,At Risk
15560,398,2,153.52,5.988961416889864,1.0986122886681098,5.040323537798081,2,Lost/Churned
15561,12,8,1934.3899999999999,2.5649493574615367,2.1972245773362196,7.568064135542929,3,Loyal Customers
15562,352,3,673.3800000000001,5.8664680569332965,1.3862943611198906,6.513793750257388,4,At Risk
15563,22,7,2867.0,3.1354942159291497,2.0794415416798357,7.961370201719511,3,Loyal Customers
15564,463,2,70.74000000000001,6.139884552226255,1.0986122886681098,4.273048472104136,2,Lost/Churned
15565,50,2,173.16000000000003,3.9318256327243257,1.0986122886681098,5.159974416926292,0,New/Occasional
15566,393,2,227.87,5.976350909297934,1.0986122886681098,5.4331541567702475,2,Lost/Churned
15567,19,1,186.01,2.995732273553991,0.6931471805599453,5.231162091360629,0,New/Occasional
15568,3,3,758.29,1.3862943611198906,1.3862943611198906,6.6323837861074395,3,Loyal Customers
15569,104,10,3586.35,4.653960350157523,2.3978952727983707,8.185169047347047,1,Big Spenders
15570,7,25,9311.04,2.0794415416798357,3.258096538021482,9.139063465494639,5,Champions
15571,12,14,4051.63,2.5649493574615367,2.70805020110221,8.307121332058914,5,Champions
15572,5,10,4068.67,1.791759469228055,2.3978952727983707,8.31131719406831,3,Loyal Customers
15573,32,5,1207.18,3.4965075614664802,1.791759469228055,7.096870374016893,3,Loyal Customers
15574,178,6,1518.7,5.187385805840755,1.9459101490553132,7.326268225939559,4,At Risk
15575,620,1,30.1,6.431331081933479,0.6931471805599453,3.4372078191851885,2,Lost/Churned
15576,38,1,940.67,3.6635616461296463,0.6931471805599453,6.8476548947291755,0,New/Occasional
15577,151,5,397.98,5.0238805208462765,1.791759469228055,5.988911290320265,4,At Risk
15578,162,1,127.1,5.093750200806762,0.6931471805599453,4.852811208902689,2,Lost/Churned
15579,69,5,1302.5,4.248495242049359,1.791759469228055,7.172808233373557,1,Big Spenders
15580,377,8,1381.19,5.934894195619588,2.1972245773362196,7.231424476788119,4,At Risk
15581,121,38,7794.59,4.804021044733257,3.6635616461296463,8.961313468172147,5,Champions
15582,25,3,682.9100000000001,3.258096538021482,1.3862943611198906,6.527826330017913,0,New/Occasional
15583,376,1,107.86,5.932245187448011,0.6931471805599453,4.690062653006054,2,Lost/Churned
15584,24,6,1277.5,3.2188758248682006,1.9459101490553132,7.153442794731241,3,Loyal Customers
15585,177,1,455.3,5.181783550292085,0.6931471805599453,6.123150487933357,2,Lost/Churned
15586,593,3,1139.1000000000001,6.386879319362645,1.3862943611198906,7.038871256839674,4,At Risk
15587,50,7,1522.08,3.9318256327243257,2.0794415416798357,7.3284898794210696,1,Big Spenders
15588,678,1,579.6,6.520621127558696,0.6931471805599453,6.36406205159053,2,Lost/Churned
15589,256,3,478.53,5.54907608489522,1.3862943611198906,6.172806457538428,4,At Risk
15590,382,5,1496.6,5.948034989180646,1.791759469228055,7.311619105723327,4,At Risk
15591,583,3,217.9,6.369900982828227,1.3862943611198906,5.388615004528817,2,Lost/Churned
15592,47,1,388.58,3.871201010907891,0.6931471805599453,5.965069235748451,0,New/Occasional
15593,71,1,199.8,4.276666119016055,0.6931471805599453,5.302309387817574,0,New/Occasional
15594,16,5,1771.78,2.833213344056216,1.791759469228055,7.48030421490088,3,Loyal Customers
15595,488,1,357.59999999999997,6.192362489474872,0.6931471805599453,5.8822075611710325,2,Lost/Churned
15596,101,9,3130.04,4.624972813284271,2.302585092994046,8.049120496715895,1,Big Spenders
15597,35,2,563.37,3.58351893845611,1.0986122886681098,6.335710064774309,0,New/Occasional
15598,53,2,548.02,3.9889840465642745,1.0986122886681098,6.308134870718474,0,New/Occasional
15599,27,3,1250.06,3.332204510175204,1.3862943611198906,7.131746470947484,0,New/Occasional
15600,428,4,1199.31,6.061456918928017,1.6094379124341003,7.090335135747115,4,At Risk
15601,11,30,14960.12,2.4849066497880004,3.4339872044851463,9.613210115036287,5,Champions
15602,8,16,3230.51,2.1972245773362196,2.833213344056216,8.080704799236303,5,Champions
15603,79,2,88.48,4.382026634673881,1.0986122886681098,4.494015136621929,2,Lost/Churned
15604,52,1,216.39000000000001,3.970291913552122,0.6931471805599453,5.381692975469088,0,New/Occasional
15605,36,9,1936.8,3.6109179126442243,2.302585092994046,7.5693085879509034,1,Big Spenders
15606,61,17,5230.99,4.127134385045092,2.8903717578961645,8.562546981820223,1,Big Spenders
15607,337,9,1708.97,5.823045895483019,2.302585092994046,7.444231105483161,1,Big Spenders
15608,28,5,1785.98,3.367295829986474,1.791759469228055,7.488282323154996,3,Loyal Customers
15609,184,1,298.48,5.220355825078324,0.6931471805599453,5.702047637362485,2,Lost/Churned
15610,52,1,112.46000000000001,3.970291913552122,0.6931471805599453,4.731450351898421,0,New/Occasional
15611,10,26,2997.28,2.3978952727983707,3.295836866004329,8.00579406989851,5,Champions
15612,36,2,195.15,3.6109179126442243,1.0986122886681098,5.278879672655561,0,New/Occasional
15613,610,1,433.71999999999997,6.415096959171596,0.6931471805599453,6.074702145678038,2,Lost/Churned
15614,438,4,3147.36,6.0844994130751715,1.6094379124341003,8.054636961321624,4,At Risk
15615,10,47,21373.97,2.3978952727983707,3.871201010907891,9.969975890295204,5,Champions
15616,438,1,317.11,6.0844994130751715,0.6931471805599453,5.762397234916117,2,Lost/Churned
15617,396,3,828.5500000000001,5.983936280687191,1.3862943611198906,6.720883385089365,4,At Risk
15618,33,4,776.851,3.5263605246161616,1.6094379124341003,6.656534989127213,0,New/Occasional
15619,11,1,336.4,2.4849066497880004,0.6931471805599453,5.821269170111868,0,New/Occasional
15620,57,4,1942.36,4.060443010546419,1.6094379124341003,7.57217371270921,1,Big Spenders
15621,4,4,1293.03,1.6094379124341003,1.6094379124341003,7.165516658717914,3,Loyal Customers
15622,43,17,7852.610000000001,3.784189633918261,2.8903717578961645,8.968728577678917,1,Big Spenders
15623,141,8,2437.05,4.955827057601261,2.1972245773362196,7.798953818444536,1,Big Spenders
15624,117,4,588.13,4.770684624465665,1.6094379124341003,6.3786468723710446,4,At Risk
15625,104,9,3236.4,4.653960350157523,2.302585092994046,8.08252581749986,1,Big Spenders
15626,75,3,1067.52,4.330733340286331,1.3862943611198906,6.9740297924127574,4,At Risk
15627,457,2,566.9,6.126869184114185,1.0986122886681098,6.341945346883387,4,At Risk
15628,5,17,5652.26,1.791759469228055,2.8903717578961645,8.639987648895538,5,Champions
15629,450,4,2240.9,6.111467339502679,1.6094379124341003,7.715078999604354,4,At Risk
15630,45,3,1481.4,3.828641396489095,1.3862943611198906,7.30141767497115,0,New/Occasional
15631,642,1,596.67,6.466144724237619,0.6931471805599453,6.393038762166311,2,Lost/Churned
15632,16,8,3285.31,2.833213344056216,2.1972245773362196,8.097520633770152,3,Loyal Customers
15633,509,13,4352.46,6.234410725718371,2.6390573296152584,8.378726210216813,1,Big Spenders
15634,17,2,554.65,2.8903717578961645,1.0986122886681098,6.3201385996316555,0,New/Occasional
15635,396,1,100.35,5.983936280687191,0.6931471805599453,4.618579872898009,2,Lost/Churned
15636,90,4,1444.58,4.51085950651685,1.6094379124341003,7.276265904096536,4,At Risk
15637,53,5,797.59,3.9889840465642745,1.791759469228055,6.682847672637373,0,New/Occasional
15638,379,6,2265.2,5.940171252720432,1.9459101490553132,7.725859698946466,4,At Risk
15639,134,3,1065.08,4.90527477843843,1.3862943611198906,6.971743648814227,4,At Risk
15640,4,29,23957.58,1.6094379124341003,3.4011973816621555,10.084081785030715,5,Champions
15641,105,12,5345.55,4.663439094112067,2.5649493574615367,8.584206772065448,1,Big Spenders
15642,730,1,105.78,6.594413459749778,0.6931471805599453,4.67077064307204,2,Lost/Churned
15643,192,3,664.0,5.262690188904886,1.3862943611198906,6.499787040655854,4,At Risk
15644,166,4,813.0,5.117993812416755,1.6094379124341003,6.70196036600254,4,At Risk
15645,19,3,1055.17,2.995732273553991,1.3862943611198906,6.962404436158021,0,New/Occasional
15646,158,5,974.61,5.0689042022202315,1.791759469228055,6.883062916391735,4,At Risk
15647,415,1,169.0,6.030685260261263,0.6931471805599453,5.135798437050262,2,Lost/Churned
15648,204,2,657.35,5.3230099791384085,1.0986122886681098,6.489736704802353,4,At Risk
15649,336,4,2170.35,5.820082930352362,1.6094379124341003,7.6831043729138635,4,At Risk
15650,522,2,553.88,6.259581464064923,1.0986122886681098,6.318751874152122,4,At Risk
15651,37,5,1259.06,3.6375861597263857,1.791759469228055,7.138914617859392,3,Loyal Customers
15652,91,5,1420.34,4.5217885770490405,1.791759469228055,7.25935536759809,4,At Risk
15653,93,2,877.44,4.543294782270004,1.0986122886681098,6.7781476070590925,4,At Risk
15654,9,2,922.53,2.302585092994046,1.0986122886681098,6.828203284222655,0,New/Occasional
15655,243,1,560.6700000000001,5.497168225293202,0.6931471805599453,6.330914488818843,2,Lost/Churned
15656,45,4,748.5,3.828641396489095,1.6094379124341003,6.619406317542652,0,New/Occasional
15657,23,1,30.0,3.1780538303479458,0.6931471805599453,3.4339872044851463,0,New/Occasional
15658,190,8,2423.4700000000003,5.25227342804663,2.1972245773362196,7.793368222783556,1,Big Spenders
15659,44,3,532.49,3.8066624897703196,1.3862943611198906,6.279440326423679,0,New/Occasional
15660,25,15,2812.9900000000002,3.258096538021482,2.772588722239781,7.9423586840077505,1,Big Spenders
15661,317,8,1215.95,5.762051382780177,2.1972245773362196,7.104103007509184,4,At Risk
15662,661,2,283.73,6.495265555937008,1.0986122886681098,5.6515413628105104,2,Lost/Churned
15663,106,1,138.14,4.672828834461906,0.6931471805599453,4.935480620495495,2,Lost/Churned
15664,51,4,1254.03,3.9512437185814275,1.6094379124341003,7.134914755662649,4,At Risk
15665,168,5,4015.12,5.1298987149230735,1.791759469228055,8.29807154140324,1,Big Spenders
15666,472,2,632.94,6.159095388491933,1.0986122886681098,6.451954312734866,4,At Risk
15667,40,1,301.32000000000005,3.713572066704308,0.6931471805599453,5.711486059041234,0,New/Occasional
15668,218,1,76.32000000000001,5.389071729816501,0.6931471805599453,4.34795265434013,2,Lost/Churned
15669,40,4,684.34,3.713572066704308,1.6094379124341003,6.529915065486092,0,New/Occasional
15670,297,2,325.2,5.697093486505405,1.0986122886681098,5.787510690186913,2,Lost/Churned
15671,19,7,2657.13,2.995732273553991,2.0794415416798357,7.885378147031288,3,Loyal Customers
15672,725,1,45.300000000000004,6.587550014824796,0.6931471805599453,3.8351419610921886,2,Lost/Churned
15673,88,9,6414.79,4.48863636973214,2.302585092994046,8.766517418337374,1,Big Spenders
15674,73,13,6948.2300000000005,4.30406509320417,2.6390573296152584,8.846386141054115,1,Big Spenders
15675,81,4,542.04,4.406719247264253,1.6094379124341003,6.297182982045862,4,At Risk
15676,19,3,3435.76,2.995732273553991,1.3862943611198906,8.142284446073054,3,Loyal Customers
15677,49,3,1305.6299999999999,3.912023005428146,1.3862943611198906,7.175206582498185,0,New/Occasional
15678,53,3,1893.89,3.9889840465642745,1.3862943611198906,7.5469160683383025,4,At Risk
15679,24,4,781.28,3.2188758248682006,1.6094379124341003,6.6622127327244485,0,New/Occasional
15680,9,10,4507.58,2.302585092994046,2.3978952727983707,8.413737527043374,3,Loyal Customers
15681,25,14,2989.7000000000003,3.258096538021482,2.70805020110221,8.003262752696768,1,Big Spenders
15682,599,2,318.24,6.396929655216146,1.0986122886681098,5.765943171007808,2,Lost/Churned
15683,117,2,524.54,4.770684624465665,1.0986122886681098,6.2644263054030525,4,At Risk
15684,547,3,173.95,6.306275286948016,1.3862943611198906,5.164500218813697,2,Lost/Churned
15685,450,1,55.980000000000004,6.111467339502679,0.6931471805599453,4.0427003290697625,2,Lost/Churned
15686,420,1,90.0,6.042632833682381,0.6931471805599453,4.51085950651685,2,Lost/Churned
15687,9,9,2993.1,2.302585092994046,2.302585092994046,8.004398964555403,3,Loyal Customers
15688,419,1,190.57,6.040254711277414,0.6931471805599453,5.25525327707701,2,Lost/Churned
15689,120,3,521.03,4.795790545596741,1.3862943611198906,6.2577250574955965,4,At Risk
15690,4,2,239.76,1.6094379124341003,1.0986122886681098,5.48380058667957,0,New/Occasional
15691,252,4,571.3,5.53338948872752,1.6094379124341003,6.349663329415057,4,At Risk
15692,28,1,191.04,3.367295829986474,0.6931471805599453,5.25770368366274,0,New/Occasional
15693,659,1,37.5,6.492239835020471,0.6931471805599453,3.6506582412937387,2,Lost/Churned
15694,1,24,10810.81,0.6931471805599453,3.2188758248682006,9.288394334174967,5,Champions
15695,267,4,1131.04,5.5909869805108565,1.6094379124341003,7.031776593827884,4,At Risk
15696,33,13,3906.57,3.5263605246161616,2.6390573296152584,8.270670976402608,1,Big Spenders
15697,690,1,246.75,6.53813982376767,0.6931471805599453,5.5124201732100975,2,Lost/Churned
15698,624,1,46.2,6.437751649736401,0.6931471805599453,3.8543938925915096,2,Lost/Churned
15699,18,1,309.65,2.9444389791664403,0.6931471805599453,5.738666876509702,0,New/Occasional
15700,172,2,696.68,5.153291594497779,1.0986122886681098,6.54776054491873,4,At Risk
15701,2,4,1542.14,1.0986122886681098,1.6094379124341003,7.34157458058683,3,Loyal Customers
15702,476,2,140.39,6.1675164908883415,1.0986122886681098,4.951522029603749,2,Lost/Churned
15703,265,1,211.5,5.583496308781699,0.6931471805599453,5.358941988364472,2,Lost/Churned
15704,140,6,3817.96,4.948759890378168,1.9459101490553132,8.247733413224605,1,Big Spenders
15705,201,1,143.1,5.308267697401205,0.6931471805599453,4.970507503005476,2,Lost/Churned
15706,64,4,1060.56,4.174387269895637,1.6094379124341003,6.967494803332995,4,At Risk
15707,35,4,945.58,3.58351893845611,1.6094379124341003,6.852855489000475,0,New/Occasional
15708,41,9,4378.72,3.7376696182833684,2.302585092994046,8.384740074386439,1,Big Spenders
15709,284,2,327.85,5.652489180268651,1.0986122886681098,5.79560171974736,2,Lost/Churned
15710,417,1,898.87,6.035481432524756,0.6931471805599453,6.802250308446763,4,At Risk
15711,557,2,420.25,6.324358962381311,1.0986122886681098,6.043226481666571,2,Lost/Churned
15712,9,12,3472.41,2.302585092994046,2.5649493574615367,8.152892099332306,3,Loyal Customers
15713,143,4,1010.79,4.969813299576001,1.6094379124341003,6.919476318432833,4,At Risk
15714,12,5,784.8100000000001,2.5649493574615367,1.791759469228055,6.666715032927835,3,Loyal Customers
15715,556,5,658.02,6.322565239927284,1.791759469228055,6.490753883055643,4,At Risk
15716,146,11,3056.81,4.990432586778736,2.4849066497880004,8.025454252446236,1,Big Spenders
15717,234,5,607.0,5.459585514144159,1.791759469228055,6.410174881966167,4,At Risk
15718,540,1,293.79,6.293419278846481,0.6931471805599453,5.686263238437263,2,Lost/Churned
15719,33,31,10223.06,3.5263605246161616,3.4657359027997265,9.232499045144698,5,Champions
15720,24,2,741.92,3.2188758248682006,1.0986122886681098,6.610588367319141,0,New/Occasional
15721,12,1,507.08000000000004,2.5649493574615367,0.6931471805599453,6.23063891549472,0,New/Occasional
15722,36,11,5258.1,3.6109179126442243,2.4849066497880004,8.567715188430428,1,Big Spenders
15723,365,4,947.65,5.902633333401366,1.6094379124341003,6.8550399213101425,4,At Risk
15724,201,3,310.85,5.308267697401205,1.3862943611198906,5.742522302972132,4,At Risk
15725,15,1,415.25,2.772588722239781,0.6931471805599453,6.031286041294654,0,New/Occasional
15726,390,1,321.91,5.968707559985366,0.6931471805599453,5.777373646625042,2,Lost/Churned
15727,17,15,9445.51,2.8903717578961645,2.772588722239781,9.153400640105943,5,Champions
15728,380,2,544.6,5.942799375126701,1.0986122886681098,6.301886106529253,4,At Risk
15729,213,3,192.55,5.365976015021851,1.3862943611198906,5.265535877023657,2,Lost/Churned
15730,66,5,1726.58,4.204692619390966,1.791759469228055,7.454476864265657,1,Big Spenders
15731,554,1,125.3,6.318968113746434,0.6931471805599453,4.838660029356445,2,Lost/Churned
15732,212,10,1682.07,5.3612921657094255,2.3978952727983707,7.4283747857204,1,Big Spenders
15733,283,1,162.3,5.648974238161206,0.6931471805599453,5.095588999976419,2,Lost/Churned
15734,115,4,2263.3,4.7535901911063645,1.6094379124341003,7.725020939378476,4,At Risk
15735,421,1,327.68,6.045005314036012,0.6931471805599453,5.795084633062987,2,Lost/Churned
15736,435,2,1815.72,6.077642243349034,1.0986122886681098,7.504787956356414,4,At Risk
15737,15,8,1205.1200000000001,2.772588722239781,2.1972245773362196,7.095163874824649,3,Loyal Customers
15738,19,41,13372.97,2.995732273553991,3.7376696182833684,9.50106555945304,5,Champions
15739,66,1,449.12,4.204692619390966,0.6931471805599453,6.109514213881797,0,New/Occasional
15740,49,1,154.88,3.912023005428146,0.6931471805599453,5.049086480470509,0,New/Occasional
15741,458,2,208.62,6.129050210060545,1.0986122886681098,5.345296367742031,2,Lost/Churned
15742,619,1,156.87,6.429719478039138,0.6931471805599453,5.061771909543635,2,Lost/Churned
15743,16,4,784.46,2.833213344056216,1.6094379124341003,6.666269533420063,3,Loyal Customers
15744,78,1,34.8,4.3694478524670215,0.6931471805599453,3.5779478934066544,2,Lost/Churned
15745,19,4,1094.5900000000001,2.995732273553991,1.6094379124341003,6.999048309928502,3,Loyal Customers
15746,134,1,196.88,4.90527477843843,0.6931471805599453,5.287660786359508,2,Lost/Churned
15747,13,9,2562.61,2.6390573296152584,2.302585092994046,7.849171700387013,3,Loyal Customers
15748,40,3,614.76,3.713572066704308,1.3862943611198906,6.422857277226062,0,New/Occasional
15749,235,3,44534.3,5.4638318050256105,1.3862943611198906,10.70403741211812,1,Big Spenders
15750,3,18,6797.191,1.3862943611198906,2.9444389791664403,8.824411826360333,5,Champions
15751,461,11,1380.44,6.135564891081739,2.4849066497880004,7.230881712367113,4,At Risk
15752,40,9,4207.54,3.713572066704308,2.302585092994046,8.344871073180538,1,Big Spenders
15753,305,1,79.2,5.723585101952381,0.6931471805599453,4.384523514872469,2,Lost/Churned
15754,51,9,3037.61,3.9512437185814275,2.302585092994046,8.019155452993521,1,Big Spenders
15755,10,17,5993.12,2.3978952727983707,2.8903717578961645,8.69853426769623,5,Champions
15756,61,4,532.96,4.127134385045092,1.6094379124341003,6.280320929787532,0,New/Occasional
15757,66,6,2940.36,4.204692619390966,1.9459101490553132,7.986627338407268,1,Big Spenders
15758,25,1,205.25,3.258096538021482,0.6931471805599453,5.32908902521479,0,New/Occasional
15759,218,7,830.9300000000001,5.389071729816501,2.0794415416798357,6.7237483026663085,4,At Risk
15760,631,2,13916.34,6.448889394146858,1.0986122886681098,9.540890823673994,4,At Risk
15761,443,1,143.05,6.095824562432225,0.6931471805599453,4.970160461530537,2,Lost/Churned
15762,65,2,583.75,4.189654742026425,1.0986122886681098,6.371184405464288,0,New/Occasional
15763,32,2,1086.92,3.4965075614664802,1.0986122886681098,6.992022895300703,0,New/Occasional
15764,88,8,4503.08,4.48863636973214,2.1972245773362196,8.412738931651127,1,Big Spenders
15765,667,1,370.63,6.504288173536645,0.6931471805599453,5.917898735650893,2,Lost/Churned
15766,64,3,831.0600000000001,4.174387269895637,1.3862943611198906,6.723904553605634,0,New/Occasional
15768,116,34,15601.09,4.762173934797756,3.5553480614894135,9.65516015862284,5,Champions
15769,7,46,88704.32,2.0794415416798357,3.8501476017100584,11.393075143951181,5,Champions
15770,613,1,321.45,6.419994928147142,0.6931471805599453,5.7759480854563865,2,Lost/Churned
15771,604,3,1006.54,6.405228458030842,1.3862943611198906,6.915266995265976,4,At Risk
15772,418,1,280.88,6.037870919922137,0.6931471805599453,5.641481448458822,2,Lost/Churned
15773,6,2,774.52,1.9459101490553132,1.0986122886681098,6.653533772097066,0,New/Occasional
15774,69,6,1329.94,4.248495242049359,1.9459101490553132,7.193640738490974,1,Big Spenders
15775,245,2,150.5,5.5053315359323625,1.0986122886681098,5.020585624949423,2,Lost/Churned
15776,133,1,241.62,4.897839799950911,0.6931471805599453,5.491496433342773,2,Lost/Churned
15777,241,7,1762.6100000000001,5.488937726156687,2.0794415416798357,7.475118123687712,4,At Risk
15778,431,1,307.95000000000005,6.068425588244111,0.6931471805599453,5.733179451506989,2,Lost/Churned
15779,463,2,124.08000000000001,6.139884552226255,1.0986122886681098,4.82895353258964,2,Lost/Churned
15780,184,3,475.28000000000003,5.220355825078324,1.3862943611198906,6.166005916582974,4,At Risk
15781,25,3,345.46000000000004,3.258096538021482,1.3862943611198906,5.847767371850795,0,New/Occasional
15782,10,4,4014.1,2.3978952727983707,1.6094379124341003,8.297817532670948,3,Loyal Customers
15783,11,1,246.3,2.4849066497880004,0.6931471805599453,5.510602174527371,0,New/Occasional
15784,468,2,848.33,6.150602768446279,1.0986122886681098,6.744447803369461,4,At Risk
15785,33,16,5969.93,3.5263605246161616,2.833213344056216,8.694657973148848,1,Big Spenders
15786,46,5,8514.82,3.8501476017100584,1.791759469228055,9.049680889106098,1,Big Spenders
15787,26,3,948.05,3.295836866004329,1.3862943611198906,6.855461484261003,0,New/Occasional
15788,509,1,221.83,6.234410725718371,0.6931471805599453,5.406409148898877,2,Lost/Churned
15789,358,6,1962.01,5.883322388488279,1.9459101490553132,7.58223428850699,4,At Risk
15790,10,1,220.85,2.3978952727983707,0.6931471805599453,5.402001477824919,0,New/Occasional
15791,44,5,3608.34,3.8066624897703196,1.791759469228055,8.191280209127546,1,Big Spenders
15792,400,2,933.84,5.993961427306569,1.0986122886681098,6.8403753916508245,4,At Risk
15793,15,8,2399.57,2.772588722239781,2.1972245773362196,7.783461488137377,3,Loyal Customers
15794,736,2,777.0,6.602587892189336,1.0986122886681098,6.656726524178391,4,At Risk
15795,150,8,1979.8700000000001,5.017279836814924,2.1972245773362196,7.591291421122726,1,Big Spenders
15796,1,17,5175.83,0.6931471805599453,2.8903717578961645,8.551948178812031,5,Champions
15797,113,6,2821.08,4.736198448394496,1.9459101490553132,7.945229480699816,1,Big Spenders
15798,493,3,1535.37,6.202535517187923,1.3862943611198906,7.3371777701160505,4,At Risk
15799,76,4,1424.29,4.343805421853684,1.6094379124341003,7.26213058076958,4,At Risk
15800,107,7,1242.58,4.68213122712422,2.0794415416798357,7.125749595713687,1,Big Spenders
15801,46,3,1063.95,3.8501476017100584,1.3862943611198906,6.97068312868461,0,New/Occasional
15802,143,1,451.42,4.969813299576001,0.6931471805599453,6.11461095192969,2,Lost/Churned
15803,51,4,1929.66,3.9512437185814275,1.6094379124341003,7.565617192352807,1,Big Spenders
15804,1,13,4206.39,0.6931471805599453,2.6390573296152584,8.344597781932357,5,Champions
15805,23,30,10189.23,3.1780538303479458,3.4339872044851463,9.229184697110231,5,Champions
15806,46,3,784.58,3.8501476017100584,1.3862943611198906,6.666422298467717,0,New/Occasional
15807,50,5,1817.52,3.9318256327243257,1.791759469228055,7.505778262441902,1,Big Spenders
15808,306,21,18409.93,5.726847747587197,3.091042453358316,9.820699788975132,1,Big Spenders
15809,36,7,1274.44,3.6109179126442243,2.0794415416798357,7.15104649609911,3,Loyal Customers
15810,79,8,2999.04,4.382026634673881,2.1972245773362196,8.006380900894692,1,Big Spenders
15811,22,7,3890.52,3.1354942159291497,2.0794415416798357,8.266555105792635,1,Big Spenders
15812,107,12,5201.47,4.68213122712422,2.5649493574615367,8.55688879179273,1,Big Spenders
15813,208,2,1303.9099999999999,5.342334251964811,1.0986122886681098,7.173889351861321,4,At Risk
15814,17,6,2634.44,2.8903717578961645,1.9459101490553132,7.876805429957567,3,Loyal Customers
15815,64,5,2100.6,4.174387269895637,1.791759469228055,7.65045423837133,1,Big Spenders
15816,542,2,144.15,6.297109319933935,1.0986122886681098,4.977767690470639,2,Lost/Churned
15817,421,3,2766.4,6.045005314036012,1.3862943611198906,7.925663530235284,4,At Risk
15818,588,1,340.5,6.3784261836515865,0.6931471805599453,5.833347679010845,2,Lost/Churned
15819,49,10,3934.79,3.912023005428146,2.3978952727983707,8.277866903090251,1,Big Spenders
15820,320,1,206.98,5.771441123130016,0.6931471805599453,5.337441921232086,2,Lost/Churned
15821,44,2,570.96,3.8066624897703196,1.0986122886681098,6.349069058864647,0,New/Occasional
15822,3,6,1840.06,1.3862943611198906,1.9459101490553132,7.5180967716851645,3,Loyal Customers
15823,372,3,3897.17,5.921578419643816,1.3862943611198906,8.268262491225299,4,At Risk
15824,453,2,890.94,6.118097198041348,1.0986122886681098,6.793398865743655,4,At Risk
15825,172,1,532.94,5.153291594497779,0.6931471805599453,6.2802834730968256,2,Lost/Churned
15826,56,4,2598.28,4.04305126783455,1.6094379124341003,7.862989762582375,1,Big Spenders
15827,73,28,3794.07,4.30406509320417,3.367295829986474,8.24145813498241,1,Big Spenders
15828,375,1,1108.82,5.929589143389895,0.6931471805599453,7.011953118994513,4,At Risk
15829,99,2,636.14,4.605170185988092,1.0986122886681098,6.456989411643809,0,New/Occasional
15830,38,1,576.0,3.6635616461296463,0.6931471805599453,6.3578422665081,0,New/Occasional
15831,58,3,801.76,4.07753744390572,1.3862943611198906,6.688055790070482,0,New/Occasional
15832,254,1,836.79,5.541263545158426,0.6931471805599453,6.7307674724187825,4,At Risk
15833,738,1,80.4,6.6052979209482015,0.6931471805599453,4.399375273008495,2,Lost/Churned
15834,70,7,3772.99,4.2626798770413155,2.0794415416798357,8.235888076216453,1,Big Spenders
15835,44,4,954.09,3.8066624897703196,1.6094379124341003,6.861805576878038,0,New/Occasional
15836,50,1,137.37,3.9318256327243257,0.6931471805599453,4.929931256681293,0,New/Occasional
15837,65,2,777.01,4.189654742026425,1.0986122886681098,6.656739377566224,0,New/Occasional
15838,11,34,74163.0,2.4849066497880004,3.5553480614894135,11.214034136217744,5,Champions
15839,33,3,1048.49,3.5263605246161616,1.3862943611198906,6.9560596108684605,0,New/Occasional
15840,59,2,355.56,4.0943445622221,1.0986122886681098,5.876502528638301,0,New/Occasional
15841,73,9,2742.41,4.30406509320417,2.302585092994046,7.916956951149568,1,Big Spenders
15842,393,2,548.8000000000001,5.976350909297934,1.0986122886681098,6.309554575731146,4,At Risk
15843,304,1,118.95,5.720311776607412,0.6931471805599453,4.787074989285704,2,Lost/Churned
15844,46,1,130.73999999999998,3.8501476017100584,0.6931471805599453,4.880830283212546,0,New/Occasional
15845,18,11,4426.28,2.9444389791664403,2.4849066497880004,8.395540678981433,1,Big Spenders
15846,385,1,107.01,5.955837369464831,0.6931471805599453,4.682223815430383,2,Lost/Churned
15847,38,5,822.57,3.6635616461296463,1.791759469228055,6.713648549040965,3,Loyal Customers
15848,622,1,139.94,6.434546518787453,0.6931471805599453,4.948334267898876,2,Lost/Churned
15850,19,6,1058.72,2.995732273553991,1.9459101490553132,6.965760001268711,3,Loyal Customers
15851,527,1,109.73,6.269096283706261,0.6931471805599453,4.707094805710017,2,Lost/Churned
15852,187,3,257.26,5.236441962829949,1.3862943611198906,5.553966829418505,2,Lost/Churned
15853,52,1,110.8,3.970291913552122,0.6931471805599453,4.716711560720999,0,New/Occasional
15854,4,21,5583.81,1.6094379124341003,3.091042453358316,8.627805691229005,5,Champions
15855,137,6,1052.72,4.927253685157205,1.9459101490553132,6.9600820391599045,4,At Risk
15856,4,52,34220.340000000004,1.6094379124341003,3.970291913552122,10.440604705066423,5,Champions
15857,19,2,570.48,2.995732273553991,1.0986122886681098,6.348229486996957,0,New/Occasional
15858,16,13,3960.37,2.833213344056216,2.6390573296152584,8.284345204014263,1,Big Spenders
15859,432,1,438.46,6.07073772800249,0.6931471805599453,6.085546700469121,2,Lost/Churned
15860,41,17,2505.21,3.7376696182833684,2.8903717578961645,7.8265269308277645,1,Big Spenders
15861,12,12,4401.79,2.5649493574615367,2.5649493574615367,8.389993709864745,3,Loyal Customers
15862,8,13,2928.29,2.1972245773362196,2.6390573296152584,7.982515351827566,3,Loyal Customers
15863,26,5,358.7,3.295836866004329,1.791759469228055,5.885270350701578,0,New/Occasional
15864,22,7,2180.76,3.1354942159291497,2.0794415416798357,7.687887169509484,3,Loyal Customers
15865,41,5,2248.92,3.7376696182833684,1.791759469228055,7.718649939010796,1,Big Spenders
15866,101,1,230.53,4.624972813284271,0.6931471805599453,5.444709454763107,2,Lost/Churned
15867,5,31,9063.95,1.791759469228055,3.4657359027997265,9.112170607453939,5,Champions
15868,583,1,94.53,6.369900982828227,0.6931471805599453,4.559440334281917,2,Lost/Churned
15869,277,3,323.65999999999997,5.627621113690637,1.3862943611198906,5.7827784808826985,4,At Risk
15870,33,4,862.61,3.5263605246161616,1.6094379124341003,6.761121278008535,0,New/Occasional
15871,437,1,33.099999999999994,6.082218910376446,0.6931471805599453,3.529297384289471,2,Lost/Churned
15872,15,4,795.68,2.772588722239781,1.6094379124341003,6.680453092519068,3,Loyal Customers
15873,500,4,313.91999999999996,6.2166061010848646,1.6094379124341003,5.752318638316266,4,At Risk
15874,64,21,11284.76,4.174387269895637,3.091042453358316,9.331297033018553,1,Big Spenders
15875,646,1,111.72,6.472346294500901,0.6931471805599453,4.724906867590425,2,Lost/Churned
15876,409,2,1449.14,6.016157159698354,1.0986122886681098,7.27941538247794,4,At Risk
15877,2,2,493.28,1.0986122886681098,1.0986122886681098,6.20310215823599,0,New/Occasional
15878,562,2,330.77,6.333279628139691,1.0986122886681098,5.804441957755378,2,Lost/Churned
15879,404,4,1157.3,6.003887067106539,1.6094379124341003,7.0547086919383,4,At Risk
15880,369,1,686.56,5.91350300563827,0.6931471805599453,6.5331490984599565,2,Lost/Churned
15881,312,5,501.39,5.746203190540153,1.791759469228055,6.2193767104972935,4,At Risk
15882,199,8,1495.98,5.298317366548036,2.1972245773362196,7.3112050242769415,1,Big Spenders
15883,2,2,396.48,1.0986122886681098,1.0986122886681098,5.9851446183631625,0,New/Occasional
15884,432,2,249.70000000000002,6.07073772800249,1.0986122886681098,5.524257005164248,2,Lost/Churned
15885,93,15,1951.82,4.543294782270004,2.772588722239781,7.577029760730524,1,Big Spenders
15886,60,4,1052.8700000000001,4.110873864173311,1.6094379124341003,6.960224381835903,4,At Risk
15887,407,3,1027.15,6.0112671744041615,1.3862943611198906,6.935516349767528,4,At Risk
15888,81,3,429.16,4.406719247264253,1.3862943611198906,6.064157232501422,0,New/Occasional
15889,157,8,1806.28,5.062595033026967,2.1972245773362196,7.499578231548967,1,Big Spenders
15890,395,5,535.65,5.981414211254481,1.791759469228055,6.285346112927534,4,At Risk
15891,227,1,524.52,5.429345628954441,0.6931471805599453,6.2643882485842175,2,Lost/Churned
15892,669,1,128.2,6.507277712385012,0.6931471805599453,4.861361591348501,2,Lost/Churned
15893,482,1,305.28000000000003,6.180016653652572,0.6931471805599453,5.724499716244923,2,Lost/Churned
15894,253,2,420.29,5.537334267018537,1.0986122886681098,6.043321432648199,2,Lost/Churned
15895,150,1,179.17,5.017279836814924,0.6931471805599453,5.1939008496276085,2,Lost/Churned
15897,194,2,222.05,5.272999558563747,1.0986122886681098,5.407395961574274,2,Lost/Churned
15898,1,25,5596.31,0.6931471805599453,3.258096538021482,8.630041404171932,5,Champions
15899,369,1,112.5,5.91350300563827,0.6931471805599453,4.7318028369214575,2,Lost/Churned
15900,24,4,900.4,3.2188758248682006,1.6094379124341003,6.803949110256548,3,Loyal Customers
15901,17,7,703.22,2.8903717578961645,2.0794415416798357,6.557090807340088,3,Loyal Customers
15902,380,1,145.01,5.942799375126701,0.6931471805599453,4.983675112513472,2,Lost/Churned
15903,10,12,8939.84,2.3978952727983707,2.5649493574615367,9.098384823485164,5,Champions
15904,8,1,164.68,2.1972245773362196,0.6931471805599453,5.110058217087329,0,New/Occasional
15905,543,1,114.69,6.298949246855942,0.6931471805599453,4.750914200040797,2,Lost/Churned
15906,20,10,2555.64,3.044522437723423,2.3978952727983707,7.846449175391078,3,Loyal Customers
15907,4,3,967.45,1.6094379124341003,1.3862943611198906,6.875696855288249,3,Loyal Customers
15908,491,2,764.57,6.198478716492308,1.0986122886681098,6.640620654418016,4,At Risk
15909,174,1,191.94,5.1647859739235145,0.6931471805599453,5.262379259742407,2,Lost/Churned
15910,1,15,2681.8,0.6931471805599453,2.772588722239781,7.894616304225583,3,Loyal Customers
15911,624,8,1702.34,6.437751649736401,2.1972245773362196,7.440346308416306,4,At Risk
15912,178,9,1074.7,5.187385805840755,2.302585092994046,6.98072689143796,1,Big Spenders
15913,534,1,6.300000000000001,6.282266746896006,0.6931471805599453,1.9878743481543455,2,Lost/Churned
15914,378,2,205.99,5.937536205082426,1.0986122886681098,5.332670482919699,2,Lost/Churned
15915,402,1,429.21,5.998936561946683,0.6931471805599453,6.064273461565794,2,Lost/Churned
15916,16,13,3427.17,2.833213344056216,2.6390573296152584,8.139781870086647,1,Big Spenders
15917,248,5,560.63,5.517452896464707,1.791759469228055,6.330843270088287,4,At Risk
15918,191,3,582.88,5.2574953720277815,1.3862943611198906,6.369695482262378,4,At Risk
15919,20,2,910.61,3.044522437723423,1.0986122886681098,6.8152122670349256,0,New/Occasional
15920,154,9,571.64,5.043425116919247,2.302585092994046,6.350257247017716,4,At Risk
15921,173,4,802.11,5.159055299214529,1.6094379124341003,6.688491690866365,4,At Risk
15922,373,1,739.0,5.924255797414532,0.6931471805599453,6.606650186198215,2,Lost/Churned
15923,373,1,254.16,5.924255797414532,0.6931471805599453,5.541890799373754,2,Lost/Churned
15924,731,1,102.82,6.595780513961311,0.6931471805599453,4.642658630399083,2,Lost/Churned
15925,194,1,207.15,5.272999558563747,0.6931471805599453,5.3382589736409845,2,Lost/Churned
15926,542,1,134.44,6.297109319933935,0.6931471805599453,4.90852873782488,2,Lost/Churned
15927,647,1,123.39000000000001,6.473890696352274,0.6931471805599453,4.8234217912218735,2,Lost/Churned
15928,656,1,293.53,6.48768401848461,0.6931471805599453,5.685380865475649,2,Lost/Churned
15929,644,1,594.0,6.4692503167957724,0.6931471805599453,6.38856140554563,2,Lost/Churned
15930,67,1,426.63,4.219507705176107,0.6931471805599453,6.058258335716989,0,New/Occasional
15931,428,1,239.9,6.061456918928017,0.6931471805599453,5.484381909620826,2,Lost/Churned
15932,4,8,2495.87,1.6094379124341003,2.1972245773362196,7.822793226449505,3,Loyal Customers
15933,21,3,1107.46,3.091042453358316,1.3862943611198906,7.010726943606016,0,New/Occasional
15934,418,2,2190.66,6.037870919922137,1.0986122886681098,7.692414526548134,4,At Risk
15935,239,2,416.86,5.480638923341991,1.0986122886681098,6.035146448194105,2,Lost/Churned
15936,379,2,282.79,5.940171252720432,1.0986122886681098,5.648234528023389,2,Lost/Churned
15937,64,1,145.35000000000002,4.174387269895637,0.6931471805599453,4.986001013137895,0,New/Occasional
15938,112,9,734.8100000000001,4.727387818712341,2.302585092994046,6.600971933227955,1,Big Spenders
15939,90,16,9060.39,4.51085950651685,2.833213344056216,9.111777808902684,1,Big Spenders
15940,311,1,35.8,5.7430031878094825,0.6931471805599453,3.6054978451748854,2,Lost/Churned
15941,637,1,405.0,6.45833828334479,0.6931471805599453,6.0063531596017325,2,Lost/Churned
15942,134,1,337.44,4.90527477843843,0.6931471805599453,5.8243468240563,2,Lost/Churned
15943,650,2,271.28999999999996,6.478509642208569,1.0986122886681098,5.606867674804115,2,Lost/Churned
15944,277,4,2164.24,5.627621113690637,1.6094379124341003,7.680286488796148,4,At Risk
15945,365,4,827.27,5.902633333401366,1.6094379124341003,6.719339188186985,4,At Risk
15946,503,3,2304.18,6.222576268071369,1.3862943611198906,7.742914043488088,4,At Risk
15947,83,1,1708.24,4.430816798843313,0.6931471805599453,7.443804106257556,4,At Risk
15948,8,3,1509.0900000000001,2.1972245773362196,1.3862943611198906,7.319924530681809,3,Loyal Customers
15949,17,2,364.72,2.8903717578961645,1.0986122886681098,5.901868013296226,0,New/Occasional
15950,32,10,7180.71,3.4965075614664802,2.3978952727983707,8.879292795246196,1,Big Spenders
15951,9,3,1013.1700000000001,2.302585092994046,1.3862943611198906,6.921825822958919,3,Loyal Customers
15952,34,4,806.57,3.5553480614894135,1.6094379124341003,6.694029738646186,0,New/Occasional
15953,15,18,3669.5499999999997,2.772588722239781,2.9444389791664403,8.208096793580383,5,Champions
15954,589,1,190.75,6.380122536899765,0.6931471805599453,5.256192440247365,2,Lost/Churned
15955,24,22,8658.36,3.2188758248682006,3.1354942159291497,9.06639609582321,5,Champions
15956,551,2,617.6,6.313548046277095,1.0986122886681098,6.42745886025097,4,At Risk
15957,32,3,930.1,3.4965075614664802,1.3862943611198906,6.836366682894484,0,New/Occasional
15958,74,4,492.99,4.31748811353631,1.6094379124341003,6.202515274068052,0,New/Occasional
15959,682,3,579.49,6.52649485957079,1.3862943611198906,6.363872574460713,4,At Risk
15960,374,4,410.95,5.926926025970411,1.6094379124341003,6.020901982761599,4,At Risk
15961,379,1,451.28999999999996,5.940171252720432,0.6931471805599453,6.114323567019841,2,Lost/Churned
15962,449,1,295.83,6.1092475827643655,0.6931471805599453,5.693159584352287,2,Lost/Churned
15963,20,2,470.76,3.044522437723423,1.0986122886681098,6.156470381692249,0,New/Occasional
15964,663,1,272.96000000000004,6.498282149476434,0.6931471805599453,5.612982110329704,2,Lost/Churned
15965,17,13,3013.09,2.8903717578961645,2.6390573296152584,8.01105323939092,1,Big Spenders
15966,451,1,426.53,6.113682179832232,0.6931471805599453,6.058024461353231,2,Lost/Churned
15967,23,12,3041.6,3.1780538303479458,2.5649493574615367,8.020467692029028,1,Big Spenders
15968,388,1,418.05,5.963579343618446,0.6931471805599453,6.037990244544916,2,Lost/Churned
15969,3,5,1127.05,1.3862943611198906,1.791759469228055,7.0282457573167605,3,Loyal Customers
15970,304,2,1017.3199999999999,5.720311776607412,1.0986122886681098,6.925909489562179,4,At Risk
15971,18,18,5902.83,2.9444389791664403,2.9444389791664403,8.683356571827812,5,Champions
15972,456,5,1810.27,6.124683390894205,1.791759469228055,7.501783535671927,4,At Risk
15973,367,3,988.44,5.908082938168931,1.3862943611198906,6.8971391265189474,4,At Risk
15974,39,7,3442.15,3.6888794541139363,2.0794415416798357,8.14414202904651,1,Big Spenders
15975,84,1,371.01,4.442651256490317,0.6931471805599453,5.91892073563227,0,New/Occasional
15976,165,6,1746.64,5.111987788356544,1.9459101490553132,7.466021585348187,4,At Risk
15977,17,2,1054.73,2.8903717578961645,1.0986122886681098,6.961987749755856,0,New/Occasional
15978,77,3,3279.42,4.356708826689592,1.3862943611198906,8.095726741961132,4,At Risk
15979,603,1,329.21999999999997,6.403574197934815,0.6931471805599453,5.799759099003686,2,Lost/Churned
15980,89,7,6593.68,4.499809670330265,2.0794415416798357,8.794018542366926,1,Big Spenders
15981,25,21,9362.77,3.258096538021482,3.091042453358316,9.14460326615622,5,Champions
15982,605,1,324.51,6.406879986069314,0.6931471805599453,5.7853931831429195,2,Lost/Churned
15983,22,8,3958.82,3.1354942159291497,2.1972245773362196,8.283953848669983,1,Big Spenders
15984,3,30,8759.32,1.3862943611198906,3.4339872044851463,9.07798771294361,5,Champions
15985,123,7,2715.28,4.820281565605037,2.0794415416798357,7.907018576148396,1,Big Spenders
15986,30,2,354.42,3.4339872044851463,1.0986122886681098,5.87330018875734,0,New/Occasional
15987,12,8,1682.13,2.5649493574615367,2.1972245773362196,7.428410434226137,3,Loyal Customers
15988,19,3,770.09,2.995732273553991,1.3862943611198906,6.647805098268246,0,New/Occasional
15989,376,2,372.51,5.932245187448011,1.0986122886681098,5.922944777976174,2,Lost/Churned
15990,44,7,2010.05,3.8066624897703196,2.0794415416798357,7.60641225271568,1,Big Spenders
15991,534,1,150.55,6.282266746896006,0.6931471805599453,5.020915603503812,2,Lost/Churned
15992,4,3,896.6,1.6094379124341003,1.3862943611198906,6.799724534768432,3,Loyal Customers
15993,9,7,2797.57,2.302585092994046,2.0794415416798357,7.93686385141862,3,Loyal Customers
15994,55,3,1202.18,4.02535169073515,1.3862943611198906,7.092723330716997,0,New/Occasional
15995,414,1,696.19,6.028278520230698,0.6931471805599453,6.547057970456371,2,Lost/Churned
15996,88,7,1686.9,4.48863636973214,2.0794415416798357,7.431240431694882,1,Big Spenders
15998,37,16,8308.34,3.6375861597263857,2.833213344056216,9.025135462312697,1,Big Spenders
15999,736,1,20.4,6.602587892189336,0.6931471805599453,3.0633909220278057,2,Lost/Churned
16000,3,3,12393.7,1.3862943611198906,1.3862943611198906,9.4250242408686,3,Loyal Customers
16001,381,1,583.39,5.945420608606575,0.6931471805599453,6.37056856816272,2,Lost/Churned
16002,625,1,169.21,6.439350371100098,0.6931471805599453,5.137032968819882,2,Lost/Churned
16003,30,10,5613.83,3.4339872044851463,2.3978952727983707,8.63316659066791,1,Big Spenders
16004,475,5,2146.39,6.16541785423142,1.791759469228055,7.672008430194929,4,At Risk
16005,12,10,2436.22,2.5649493574615367,2.3978952727983707,7.79861332447886,3,Loyal Customers
16006,211,2,347.17,5.356586274672012,1.0986122886681098,5.852690866241513,2,Lost/Churned
16007,48,7,3075.14,3.8918202981106265,2.0794415416798357,8.031430843243916,1,Big Spenders
16008,24,15,5384.13,3.2188758248682006,2.772588722239781,8.591396730431873,1,Big Spenders
16009,22,4,992.71,3.1354942159291497,1.6094379124341003,6.9014454135860985,3,Loyal Customers
16010,246,11,1724.06,5.5093883366279774,2.4849066497880004,7.453017111469255,1,Big Spenders
16011,8,29,5880.46,2.1972245773362196,3.4011973816621555,8.679560309391226,5,Champions
16012,35,5,2989.79,3.58351893845611,1.791759469228055,8.00329284553317,1,Big Spenders
16013,4,84,57446.44,1.6094379124341003,4.442651256490317,10.958625721796674,5,Champions
16014,38,5,1130.27,3.6635616461296463,1.791759469228055,7.0310961744158655,3,Loyal Customers
16015,4,3,705.39,1.6094379124341003,1.3862943611198906,6.560167492904158,3,Loyal Customers
16016,3,11,2533.94,1.3862943611198906,2.4849066497880004,7.837925247106123,3,Loyal Customers
16017,47,5,1553.83,3.871201010907891,1.791759469228055,7.349121493878105,1,Big Spenders
16018,39,4,698.13,3.6888794541139363,1.6094379124341003,6.5498367049130675,0,New/Occasional
16019,47,27,17465.85,3.871201010907891,3.332204510175204,9.768060077769146,5,Champions
16020,17,3,851.01,2.8903717578961645,1.3862943611198906,6.747598263849638,0,New/Occasional
16021,395,2,532.25,5.981414211254481,1.0986122886681098,6.27899035735146,4,At Risk
16022,260,1,628.28,5.564520407322694,0.6931471805599453,6.4445763086835,2,Lost/Churned
16023,46,3,719.81,3.8501476017100584,1.3862943611198906,6.58037557967181,0,New/Occasional
16024,12,3,484.2,2.5649493574615367,1.3862943611198906,6.184561177069895,0,New/Occasional
16025,30,1,439.65999999999997,3.4339872044851463,0.6931471805599453,6.0882736030360425,0,New/Occasional
16026,43,1,236.09,3.784189633918261,0.6931471805599453,5.468439815884993,0,New/Occasional
16027,92,15,2048.36,4.532599493153256,2.772588722239781,7.62528282826746,1,Big Spenders
16028,596,1,82.2,6.391917113392602,0.6931471805599453,4.421247347827163,2,Lost/Churned
16029,39,107,122209.14,3.6888794541139363,4.68213122712422,11.713497301000492,5,Champions
16030,310,1,331.24,5.739792912179234,0.6931471805599453,5.805857599322498,2,Lost/Churned
16031,92,2,548.94,4.532599493153256,1.0986122886681098,6.30980918136658,0,New/Occasional
16032,456,6,1970.45,6.124683390894205,1.9459101490553132,7.586524591596127,4,At Risk
16033,6,27,10836.13,1.9459101490553132,3.332204510175204,9.29073347979088,5,Champions
16034,196,6,928.72,5.2832037287379885,1.9459101490553132,6.834883465546227,4,At Risk
16035,560,1,217.73,6.329720905522696,0.6931471805599453,5.387838092486448,2,Lost/Churned
16036,87,4,2556.84,4.477336814478207,1.6094379124341003,7.846918431316224,1,Big Spenders
16037,270,5,1509.3400000000001,5.602118820879701,1.791759469228055,7.320090070025923,4,At Risk
16038,8,3,471.78,2.1972245773362196,1.3862943611198906,6.1586301640127346,0,New/Occasional
16039,424,2,456.4,6.052089168924417,1.0986122886681098,6.125558281588681,2,Lost/Churned
16040,65,7,2416.9,4.189654742026425,2.0794415416798357,7.790654673826565,1,Big Spenders
16041,31,3,3166.4,3.4657359027997265,1.3862943611198906,8.060666341057626,3,Loyal Customers
16042,22,8,2265.12,3.1354942159291497,2.1972245773362196,7.725824396937778,3,Loyal Customers
16043,38,8,1856.5900000000001,3.6635616461296463,2.1972245773362196,7.52703522763887,1,Big Spenders
16044,435,1,340.84000000000003,6.077642243349034,0.6931471805599453,5.83434279133577,2,Lost/Churned
16045,120,8,3434.93,4.795790545596741,2.1972245773362196,8.14204291037043,1,Big Spenders
16046,562,1,235.78,6.333279628139691,0.6931471805599453,5.46713143998349,2,Lost/Churned
16047,682,1,107.14,6.52649485957079,0.6931471805599453,4.683426683953859,2,Lost/Churned
16048,373,4,1075.23,5.924255797414532,1.6094379124341003,6.9812194725263,4,At Risk
16049,40,6,1899.68,3.713572066704308,1.9459101490553132,7.549966995862329,1,Big Spenders
16050,174,3,300.7,5.1647859739235145,1.3862943611198906,5.709433146165015,4,At Risk
16051,682,1,188.44,6.52649485957079,0.6931471805599453,5.244072351695641,2,Lost/Churned
16052,54,1,362.06,4.007333185232471,0.6931471805599453,5.894568109862285,0,New/Occasional
16053,33,6,3634.84,3.5263605246161616,1.9459101490553132,8.198595449928707,1,Big Spenders
16054,145,4,2111.88,4.983606621708336,1.6094379124341003,7.655807224711368,4,At Risk
16055,221,1,134.8,5.402677381872279,0.6931471805599453,4.911183215124596,2,Lost/Churned
16056,45,1,664.85,3.828641396489095,0.6931471805599453,6.501064419948154,0,New/Occasional
16057,16,10,3854.85,2.833213344056216,2.3978952727983707,8.257346754558858,3,Loyal Customers
16058,406,1,62.7,6.008813185442595,0.6931471805599453,4.154184562578117,2,Lost/Churned
16059,66,12,3217.77,4.204692619390966,2.5649493574615367,8.076754577984975,1,Big Spenders
16060,401,3,541.95,5.996452088619021,1.3862943611198906,6.29701723466291,4,At Risk
16061,431,1,89.65,6.068425588244111,0.6931471805599453,4.50700593720086,2,Lost/Churned
16062,10,8,2863.45,2.3978952727983707,2.1972245773362196,7.960131638643054,3,Loyal Customers
16063,260,1,335.32,5.564520407322694,0.6931471805599453,5.818063087688587,2,Lost/Churned
16064,725,1,111.0,6.587550014824796,0.6931471805599453,4.718498871295094,2,Lost/Churned
16065,365,8,2382.62,5.902633333401366,2.1972245773362196,7.776375619507197,1,Big Spenders
16066,17,5,1521.87,2.8903717578961645,1.791759469228055,7.328351991405618,3,Loyal Customers
16067,563,3,3395.29,6.335054251498059,1.3862943611198906,8.13043893836719,4,At Risk
16068,594,1,122.93,6.38856140554563,0.6931471805599453,4.819716890076783,2,Lost/Churned
16069,418,1,457.7,6.037870919922137,0.6931471805599453,6.128396401603126,2,Lost/Churned
16070,22,2,852.15,3.1354942159291497,1.0986122886681098,6.748935381973274,0,New/Occasional
16071,45,4,1076.8,3.828641396489095,1.6094379124341003,6.982677205499396,0,New/Occasional
16072,288,4,4328.89,5.666426688112432,1.6094379124341003,8.3732974165168,4,At Risk
16073,297,1,122.4,5.697093486505405,0.6931471805599453,4.8154311114712876,2,Lost/Churned
16074,390,1,265.25,5.968707559985366,0.6931471805599453,5.584435717023635,2,Lost/Churned
16075,503,2,736.9300000000001,6.222576268071369,1.0986122886681098,6.6038489691533275,4,At Risk
16076,3,10,2234.73,1.3862943611198906,2.3978952727983707,7.712323075642278,3,Loyal Customers
16077,626,1,2300.4,6.440946540632921,0.6931471805599453,7.741272912389358,4,At Risk
16078,284,2,362.99,5.652489180268651,1.0986122886681098,5.897126394731892,2,Lost/Churned
16079,17,3,1352.0,2.8903717578961645,1.3862943611198906,7.210079628170788,3,Loyal Customers
16080,82,4,602.5600000000001,4.418840607796598,1.6094379124341003,6.40284545564545,4,At Risk
16081,56,8,4460.18,4.04305126783455,2.1972245773362196,8.403168584011615,1,Big Spenders
16082,670,1,106.75,6.508769136971682,0.6931471805599453,4.6798137289838575,2,Lost/Churned
16083,101,4,2351.42,4.624972813284271,1.6094379124341003,7.7631998645051095,4,At Risk
16084,299,1,436.18,5.703782474656201,0.6931471805599453,6.0803450096018565,2,Lost/Churned
16085,23,12,2343.53,3.1780538303479458,2.5649493574615367,7.759840234353084,1,Big Spenders
16086,59,10,2864.9900000000002,4.0943445622221,2.3978952727983707,7.960669119198499,1,Big Spenders
16087,389,5,1739.92,5.966146739123692,1.791759469228055,7.462168988109326,4,At Risk
16088,576,2,1437.43,6.3578422665081,1.0986122886681098,7.271307520007092,4,At Risk
16089,386,2,271.44,5.958424693029782,1.0986122886681098,5.607418406373117,2,Lost/Churned
16090,624,1,205.91,6.437751649736401,0.6931471805599453,5.33228391611131,2,Lost/Churned
16091,155,2,315.06,5.049856007249537,1.0986122886681098,5.755932068980957,2,Lost/Churned
16092,115,6,1587.94,4.7535901911063645,1.9459101490553132,7.370822406226574,1,Big Spenders
16093,107,1,17.0,4.68213122712422,0.6931471805599453,2.8903717578961645,2,Lost/Churned
16094,12,11,3695.56,2.5649493574615367,2.4849066497880004,8.215157936435828,3,Loyal Customers
16095,456,1,447.05,6.124683390894205,0.6931471805599453,6.104904833330228,2,Lost/Churned
16096,264,4,1584.97,5.579729825986222,1.6094379124341003,7.368951486505174,4,At Risk
16097,240,1,185.04999999999998,5.484796933490655,0.6931471805599453,5.226015454792631,2,Lost/Churned
16098,88,14,4448.1,4.48863636973214,2.70805020110221,8.400457107514553,1,Big Spenders
16099,50,7,1573.2,3.9318256327243257,2.0794415416798357,7.36150248570835,1,Big Spenders
16100,463,1,582.64,6.139884552226255,0.6931471805599453,6.3692843543958215,2,Lost/Churned
16101,71,4,3229.16,4.276666119016055,1.6094379124341003,8.08028695059357,1,Big Spenders
16102,42,3,1842.14,3.7612001156935624,1.3862943611198906,7.519225917888408,3,Loyal Customers
16103,7,22,6191.71,2.0794415416798357,3.1354942159291497,8.731128072778827,5,Champions
16104,62,9,2778.61,4.143134726391533,2.302585092994046,7.930065909073649,1,Big Spenders
16105,249,5,2386.19,5.521460917862246,1.791759469228055,7.7778722209926245,4,At Risk
16106,66,1,108.38,4.204692619390966,0.6931471805599453,4.694828057918627,0,New/Occasional
16107,18,7,3204.1600000000003,2.9444389791664403,2.0794415416798357,8.072517290105589,3,Loyal Customers
16108,85,4,2235.92,4.454347296253507,1.6094379124341003,7.712855198669154,4,At Risk
16109,219,3,939.48,5.393627546352362,1.3862943611198906,6.846390383230553,4,At Risk
16110,45,4,1819.27,3.828641396489095,1.6094379124341003,7.5067401207161755,1,Big Spenders
16111,428,1,562.48,6.061456918928017,0.6931471805599453,6.334131840392106,2,Lost/Churned
16112,143,4,195.74,4.969813299576001,1.6094379124341003,5.281883060084612,2,Lost/Churned
16113,183,1,161.38,5.214935757608986,0.6931471805599453,5.089939267434301,2,Lost/Churned
16114,171,1,135.75000000000003,5.147494476813453,0.6931471805599453,4.918154441302091,2,Lost/Churned
16115,10,12,2575.14,2.3978952727983707,2.5649493574615367,7.854047433573542,3,Loyal Customers
16116,212,1,612.78,5.3612921657094255,0.6931471805599453,6.419636557751217,2,Lost/Churned
16117,190,3,654.4,5.25227342804663,1.3862943611198906,6.485245736264714,4,At Risk
16118,653,1,4376.25,6.483107351457199,0.6931471805599453,8.384175952306427,4,At Risk
16119,8,8,1720.81,2.1972245773362196,2.1972245773362196,7.451131342082467,3,Loyal Customers
16120,59,6,3056.91,4.0943445622221,1.9459101490553132,8.025486955055253,1,Big Spenders
16121,57,5,1477.09,4.060443010546419,1.791759469228055,7.29850599275302,1,Big Spenders
16122,73,6,1001.34,4.30406509320417,1.9459101490553132,6.9100925454456235,1,Big Spenders
16123,52,1,307.78000000000003,3.970291913552122,0.6931471805599453,5.732629049213781,0,New/Occasional
16124,317,4,1772.49,5.762051382780177,1.6094379124341003,7.480704635629976,4,At Risk
16125,367,14,4587.65,5.908082938168931,2.70805020110221,8.431341142146454,1,Big Spenders
16126,29,15,14646.800000000001,3.4011973816621555,2.772588722239781,9.592045432520008,5,Champions
16127,39,2,801.3100000000001,3.6888794541139363,1.0986122886681098,6.6874950668474575,0,New/Occasional
16128,18,11,3801.05,2.9444389791664403,2.4849066497880004,8.243295673935073,1,Big Spenders
16129,407,3,1396.05,6.0112671744041615,1.3862943611198906,7.242118149597153,4,At Risk
16130,422,4,987.48,6.0473721790462776,1.6094379124341003,6.896168409730217,4,At Risk
16131,52,12,9957.42,3.970291913552122,2.5649493574615367,9.206173703456702,1,Big Spenders
16132,544,2,664.1999999999999,6.300785794663244,1.0986122886681098,6.500087747318773,4,At Risk
16133,4,56,22992.26,1.6094379124341003,4.04305126783455,10.042956408487395,5,Champions
16134,22,5,2145.34,3.1354942159291497,1.791759469228055,7.6715193449376216,3,Loyal Customers
16135,263,2,819.45,5.575949103146316,1.0986122886681098,6.709852970221159,4,At Risk
16136,60,4,946.8000000000001,4.110873864173311,1.6094379124341003,6.854143509533488,4,At Risk
16137,680,1,422.7,6.523562306149512,0.6931471805599453,6.049025657632513,2,Lost/Churned
16138,379,3,910.35,5.940171252720432,1.3862943611198906,6.814927016670943,4,At Risk
16139,19,5,1111.15,2.995732273553991,1.791759469228055,7.014050357799739,3,Loyal Customers
16140,66,3,1557.6000000000001,4.204692619390966,1.3862943611198906,7.351543261409461,4,At Risk
16141,88,2,955.94,4.48863636973214,1.0986122886681098,6.863740693562717,4,At Risk
16142,250,1,535.34,5.5254529391317835,0.6931471805599453,6.284768288327816,2,Lost/Churned
16143,3,12,4910.83,1.3862943611198906,2.5649493574615367,8.499401860107549,5,Champions
16144,247,1,175.2,5.5134287461649825,0.6931471805599453,5.171619713502079,2,Lost/Churned
16145,9,19,6805.4400000000005,2.302585092994046,2.995732273553991,8.825624501810465,5,Champions
16146,157,4,946.38,5.062595033026967,1.6094379124341003,6.8537002798593925,4,At Risk
16147,134,5,2398.91,4.90527477843843,1.791759469228055,7.783186515632894,1,Big Spenders
16148,296,2,386.62,5.6937321388027,1.0986122886681098,5.960025478272602,2,Lost/Churned
16149,5,3,422.21999999999997,1.791759469228055,1.3862943611198906,6.047892138406625,0,New/Occasional
16150,43,10,4395.59,3.784189633918261,2.3978952727983707,8.3885845194386,1,Big Spenders
16152,269,1,1829.04,5.598421958998375,0.6931471805599453,7.512093103520083,4,At Risk
16153,50,11,5133.49,3.9318256327243257,2.4849066497880004,8.543735799027143,1,Big Spenders
16155,382,5,796.9,5.948034989180646,1.791759469228055,6.681983276314235,4,At Risk
16156,9,20,6218.18,2.302585092994046,3.044522437723423,8.735393344245091,5,Champions
16157,16,3,656.69,2.833213344056216,1.3862943611198906,6.488733695691184,0,New/Occasional
16158,522,9,628.32,6.259581464064923,2.302585092994046,6.444639871372223,4,At Risk
16159,282,4,1232.79,5.645446897643238,1.6094379124341003,7.1178460117013564,4,At Risk
16160,65,2,1025.44,4.189654742026425,1.0986122886681098,6.933851783703411,0,New/Occasional
16161,2,43,12831.8,1.0986122886681098,3.784189633918261,9.459759672302631,5,Champions
16162,252,1,37.4,5.53338948872752,0.6931471805599453,3.648057459593681,2,Lost/Churned
16163,232,6,2849.58,5.4510384535657,1.9459101490553132,7.955277761329525,1,Big Spenders
16164,17,3,822.48,2.8903717578961645,1.3862943611198906,6.713539262741108,0,New/Occasional
16165,505,1,79.9,6.226536669287466,0.6931471805599453,4.393213824064446,2,Lost/Churned
16166,428,2,435.83,6.061456918928017,1.0986122886681098,6.079544103390923,2,Lost/Churned
16167,414,5,1386.12,6.028278520230698,1.791759469228055,7.234984934236417,4,At Risk
16168,11,66,10636.47,2.4849066497880004,4.204692619390966,9.272137952666137,5,Champions
16169,8,4,1822.97,2.1972245773362196,1.6094379124341003,7.5087707231305965,3,Loyal Customers
16170,51,20,6869.0,3.9512437185814275,3.044522437723423,8.834919385216395,1,Big Spenders
16171,59,1,73.19999999999999,4.0943445622221,0.6931471805599453,4.3067641501733345,0,New/Occasional
16172,95,8,1884.55,4.564348191467836,2.1972245773362196,7.5419748345117545,1,Big Spenders
16173,16,6,1418.32,2.833213344056216,1.9459101490553132,7.257933162659462,3,Loyal Customers
16174,126,7,2246.75,4.844187086458591,2.0794415416798357,7.717684994864882,1,Big Spenders
16175,94,7,1836.44,4.553876891600541,2.0794415416798357,7.516128577492644,1,Big Spenders
16176,421,4,2052.69,6.045005314036012,1.6094379124341003,7.627393454073833,4,At Risk
16177,50,8,2247.31,3.9318256327243257,2.1972245773362196,7.717934101862074,1,Big Spenders
16178,138,2,612.6,4.9344739331306915,1.0986122886681098,6.419343250053046,4,At Risk
16179,61,1,215.83,4.127134385045092,0.6931471805599453,5.379113636376126,0,New/Occasional
16180,100,13,16249.87,4.61512051684126,2.6390573296152584,9.69590172478629,1,Big Spenders
16181,73,1,305.54,4.30406509320417,0.6931471805599453,5.725348252570762,0,New/Occasional
16182,72,9,9971.65,4.290459441148391,2.302585092994046,9.207601625030192,1,Big Spenders
16183,67,4,1077.81,4.219507705176107,1.6094379124341003,6.983613860781381,4,At Risk
16184,64,6,1158.79,4.174387269895637,1.9459101490553132,7.055994233228931,1,Big Spenders
16185,17,3,644.72,2.8903717578961645,1.3862943611198906,6.470365973289328,0,New/Occasional
16186,23,26,9026.11,3.1780538303479458,3.295836866004329,9.107987550889137,5,Champions
16187,32,15,6911.4400000000005,3.4965075614664802,2.772588722239781,8.841077965865253,1,Big Spenders
16188,45,5,1087.66,3.828641396489095,1.791759469228055,6.992702861144837,3,Loyal Customers
16189,16,2,215.48,2.833213344056216,1.0986122886681098,5.3774981644224775,0,New/Occasional
16190,40,8,2723.55,3.713572066704308,2.1972245773362196,7.910058555845948,1,Big Spenders
16191,3,24,15688.02,1.3862943611198906,3.2188758248682006,9.66071638361065,5,Champions
16192,736,1,351.3,6.602587892189336,0.6931471805599453,5.864483085347192,2,Lost/Churned
16193,237,2,630.4300000000001,5.472270673671475,1.0986122886681098,6.44798708845731,4,At Risk
16194,375,1,308.6,5.929589143389895,0.6931471805599453,5.735281141715572,2,Lost/Churned
16195,723,1,323.25,6.584791392385716,0.6931471805599453,5.781514823196553,2,Lost/Churned
16196,489,1,93.3,6.194405391104672,0.6931471805599453,4.546481189639412,2,Lost/Churned
16197,469,9,2016.71,6.152732694704104,2.302585092994046,7.609718483946528,4,At Risk
16198,75,2,1030.0410000000002,4.330733340286331,1.0986122886681098,6.93832425044256,0,New/Occasional
16199,392,7,942.75,5.973809611869261,2.0794415416798357,6.8498613005632345,4,At Risk
16200,4,12,5643.45,1.6094379124341003,2.5649493574615367,8.638428040481838,5,Champions
16201,3,5,2112.12,1.3862943611198906,1.791759469228055,7.6559208072954945,3,Loyal Customers
16202,361,9,2501.9900000000002,5.8916442118257715,2.302585092994046,7.82524129621804,1,Big Spenders
16203,59,6,1114.54,4.0943445622221,1.9459101490553132,7.0170938715891715,1,Big Spenders
16204,23,3,944.24,3.1780538303479458,1.3862943611198906,6.851438863503233,0,New/Occasional
16205,31,7,1830.61,3.4657359027997265,2.0794415416798357,7.512950640475396,1,Big Spenders
16206,55,13,2602.32,4.02535169073515,2.6390573296152584,7.864542832513582,1,Big Spenders
16207,25,1,394.38,3.258096538021482,0.6931471805599453,5.979847327767791,0,New/Occasional
16208,45,10,3440.4500000000003,3.828641396489095,2.3978952727983707,8.14364817318428,1,Big Spenders
16209,89,9,4146.78,4.499809670330265,2.302585092994046,8.330328530334388,1,Big Spenders
16210,2,35,38489.51,1.0986122886681098,3.58351893845611,10.558166996384864,5,Champions
16211,89,3,1090.59,4.499809670330265,1.3862943611198906,6.995390627927437,4,At Risk
16212,19,4,1293.71,2.995732273553991,1.6094379124341003,7.1660420108317915,3,Loyal Customers
16213,79,1,159.0,4.382026634673881,0.6931471805599453,5.075173815233827,0,New/Occasional
16214,171,4,2038.25,5.147494476813453,1.6094379124341003,7.62033737218069,4,At Risk
16215,81,1,242.35,4.406719247264253,0.6931471805599453,5.494500736279464,0,New/Occasional
16216,267,1,914.9300000000001,5.5909869805108565,0.6931471805599453,6.81993994254006,4,At Risk
16217,235,2,304.25,5.4638318050256105,1.0986122886681098,5.721131112990814,2,Lost/Churned
16218,30,13,4439.97,3.4339872044851463,2.6390573296152584,8.398628100033978,1,Big Spenders
16219,501,1,40.8,6.218600119691729,0.6931471805599453,3.7328963395307104,2,Lost/Churned
16221,37,9,2235.5099999999998,3.6375861597263857,2.302585092994046,7.712671894134983,1,Big Spenders
16222,318,2,1345.22,5.765191102784844,1.0986122886681098,7.205055944099741,4,At Risk
16223,375,2,1102.3500000000001,5.929589143389895,1.0986122886681098,7.00610628532909,4,At Risk
16224,57,5,1616.54,4.060443010546419,1.791759469228055,7.388661755590151,1,Big Spenders
16225,45,15,2867.41,3.828641396489095,2.772588722239781,7.961513148266462,1,Big Spenders
16226,203,5,672.17,5.318119993844216,1.791759469228055,6.511997898043821,4,At Risk
16227,225,3,1027.22,5.420534999272286,1.3862943611198906,6.935584430900813,4,At Risk
16228,385,3,890.81,5.955837369464831,1.3862943611198906,6.793253105407027,4,At Risk
16229,87,6,2867.86,4.477336814478207,1.9459101490553132,7.961670017300314,1,Big Spenders
16230,190,2,542.03,5.25227342804663,1.0986122886681098,6.297164567026571,4,At Risk
16231,379,4,1078.22,5.940171252720432,1.6094379124341003,6.983993836967935,4,At Risk
16232,44,7,2712.97,3.8066624897703196,2.0794415416798357,7.906167786538584,1,Big Spenders
16233,71,9,1965.71,4.276666119016055,2.302585092994046,7.584117374881264,1,Big Spenders
16234,476,3,333.18,6.1675164908883415,1.3862943611198906,5.8116797699659974,2,Lost/Churned
16235,41,9,2053.71,3.7376696182833684,2.302585092994046,7.627889997750669,1,Big Spenders
16236,78,1,432.2,4.3694478524670215,0.6931471805599453,6.071199515126835,0,New/Occasional
16237,437,1,136.65,6.082218910376446,0.6931471805599453,4.9247142315886165,2,Lost/Churned
16238,423,1,63.66,6.049733455231958,0.6931471805599453,4.169142772297287,2,Lost/Churned
16239,57,6,1492.2,4.060443010546419,1.9459101490553132,7.308676747040429,1,Big Spenders
16240,24,2,3718.8,3.2188758248682006,1.0986122886681098,8.221425182381026,3,Loyal Customers
16241,10,16,4329.31,2.3978952727983707,2.833213344056216,8.373394411967329,5,Champions
16242,8,14,7474.400000000001,2.1972245773362196,2.70805020110221,8.919372908532873,5,Champions
16243,34,2,409.1,3.5553480614894135,1.0986122886681098,6.016401032398013,0,New/Occasional
16244,212,2,2579.38,5.3612921657094255,1.0986122886681098,7.855691953891729,4,At Risk
16245,24,3,1413.66,3.2188758248682006,1.3862943611198906,7.254644498519316,3,Loyal Customers
16246,460,2,827.25,6.133398042996649,1.0986122886681098,6.719315041180005,4,At Risk
16247,170,1,114.56,5.14166355650266,0.6931471805599453,4.749789875598035,2,Lost/Churned
16248,62,1,152.94,4.143134726391533,0.6931471805599453,5.036562916106171,0,New/Occasional
16249,53,5,1800.07,3.9889840465642745,1.791759469228055,7.496136211716589,1,Big Spenders
16250,261,3,791.38,5.568344503761097,1.3862943611198906,6.675041074727977,4,At Risk
16251,512,1,128.31,6.240275845170769,0.6931471805599453,4.86221262230776,2,Lost/Churned
16252,383,1,295.09000000000003,5.950642552587727,0.6931471805599453,5.690663462163048,2,Lost/Churned
16253,67,7,7310.15,4.219507705176107,2.0794415416798357,8.89715585911198,1,Big Spenders
16254,378,3,985.14,5.937536205082426,1.3862943611198906,6.893798332352932,4,At Risk
16255,17,15,4906.8,2.8903717578961645,2.772588722239781,8.498581055204255,5,Champions
16256,267,3,1629.37,5.5909869805108565,1.3862943611198906,7.396562261906629,4,At Risk
16257,177,1,46.95,5.181783550292085,0.6931471805599453,3.8701588013294472,2,Lost/Churned
16258,45,15,11942.52,3.828641396489095,2.772588722239781,9.387944150869624,1,Big Spenders
16259,410,3,361.94,6.018593214496234,1.3862943611198906,5.894237531346878,4,At Risk
16260,51,1,1035.45,3.9512437185814275,0.6931471805599453,6.9435566914455205,0,New/Occasional
16261,17,6,1059.45,2.8903717578961645,1.9459101490553132,6.966448625321355,3,Loyal Customers
16262,378,1,755.15,5.937536205082426,0.6931471805599453,6.62823976919675,2,Lost/Churned
16263,423,1,351.01,6.049733455231958,0.6931471805599453,5.863659584285475,2,Lost/Churned
16264,438,2,837.53,6.0844994130751715,1.0986122886681098,6.731650358798553,4,At Risk
16265,9,12,6935.17,2.302585092994046,2.5649493574615367,8.844505027963939,5,Champions
16266,74,14,1757.95,4.31748811353631,2.70805020110221,7.472472319091938,1,Big Spenders
16267,591,1,186.66,6.3835066348840055,0.6931471805599453,5.2346318148619035,2,Lost/Churned
16268,71,2,667.65,4.276666119016055,1.0986122886681098,6.5052607543188055,0,New/Occasional
16269,438,1,717.57,6.0844994130751715,0.6931471805599453,6.577263125964925,2,Lost/Churned
16270,353,1,1141.24,5.869296913133774,0.6931471805599453,7.040746525754151,4,At Risk
16271,3,10,3463.02,1.3862943611198906,2.3978952727983707,8.150185043337714,3,Loyal Customers
16272,117,1,411.7,4.770684624465665,0.6931471805599453,6.022720936758536,2,Lost/Churned
16273,648,2,336.03999999999996,6.47543271670409,1.0986122886681098,5.820201617670761,2,Lost/Churned
16274,373,1,715.9,5.924255797414532,0.6931471805599453,6.5749363608588265,2,Lost/Churned
16275,197,3,2151.11,5.288267030694535,1.3862943611198906,7.674204035216971,4,At Risk
16276,177,3,2629.3900000000003,5.181783550292085,1.3862943611198906,7.8748874031514715,4,At Risk
16277,734,1,188.69,6.5998704992128365,0.6931471805599453,5.245391160738632,2,Lost/Churned
16278,100,3,1117.84,4.61512051684126,1.3862943611198906,7.020047713280759,4,At Risk
16279,21,9,5705.08,3.091042453358316,2.302585092994046,8.649287552004639,1,Big Spenders
16280,725,1,238.05,6.587550014824796,0.6931471805599453,5.476672735072112,2,Lost/Churned
16281,72,3,3424.02,4.290459441148391,1.3862943611198906,8.138862590095334,1,Big Spenders
16282,340,3,1307.5800000000002,5.831882477283517,1.3862943611198906,7.176697858809751,4,At Risk
16283,6,8,4403.82,1.9459101490553132,2.1972245773362196,8.390454674879306,3,Loyal Customers
16284,31,3,1029.77,3.4657359027997265,1.3862943611198906,6.938061374745844,0,New/Occasional
16285,646,1,176.9,6.472346294500901,0.6931471805599453,5.18122159467179,2,Lost/Churned
16286,477,2,328.95,6.169610732491456,1.0986122886681098,5.798941127829431,2,Lost/Churned
16287,170,5,1006.98,5.14166355650266,1.791759469228055,6.915703607164632,4,At Risk
16288,470,1,129.85,6.154858094016418,0.6931471805599453,4.874051628976154,2,Lost/Churned
16289,462,1,136.31,6.137727054086234,0.6931471805599453,4.92224114333366,2,Lost/Churned
16290,465,4,2069.3,6.144185634125646,1.6094379124341003,7.635448803294666,4,At Risk
16291,682,1,117.72,6.52649485957079,0.6931471805599453,4.77676777941907,2,Lost/Churned
16292,122,5,1253.76,4.812184355372417,1.791759469228055,7.134699598218368,4,At Risk
16293,22,15,4657.95,3.1354942159291497,2.772588722239781,8.446545379842489,1,Big Spenders
16294,477,1,126.05000000000001,6.169610732491456,0.6931471805599453,4.8445807097661735,2,Lost/Churned
16295,10,4,1328.55,2.3978952727983707,1.6094379124341003,7.192595818099261,3,Loyal Customers
16296,626,4,1313.67,6.440946540632921,1.6094379124341003,7.181340962548159,4,At Risk
16297,269,1,301.9,5.598421958998375,0.6931471805599453,5.713402718033191,2,Lost/Churned
16298,23,7,1085.7,3.1780538303479458,2.0794415416798357,6.990900860068806,3,Loyal Customers
16299,477,1,193.65,6.169610732491456,0.6931471805599453,5.271203074056465,2,Lost/Churned
16300,430,3,1392.43,6.066108090103747,1.3862943611198906,7.239523612434581,4,At Risk
16301,737,1,107.33,6.6039438246004725,0.6931471805599453,4.6851821239574765,2,Lost/Churned
16302,127,1,233.22,4.852030263919617,0.6931471805599453,5.4562608446139915,2,Lost/Churned
16303,26,7,7928.27,3.295836866004329,2.0794415416798357,8.97831625490603,1,Big Spenders
16304,695,1,381.66,6.54534966033442,0.6931471805599453,5.9471468664568565,2,Lost/Churned
16305,139,1,361.22,4.941642422609304,0.6931471805599453,5.8922517620363895,2,Lost/Churned
16306,214,7,1192.82,5.3706380281276624,2.0794415416798357,7.084913528819212,4,At Risk
16307,429,3,1194.92,6.063785208687608,1.3862943611198906,7.0866710426412585,4,At Risk
16308,38,7,5120.0,3.6635616461296463,2.0794415416798357,8.54110501146255,1,Big Spenders
16309,106,2,706.57,4.672828834461906,1.0986122886681098,6.56183656455249,4,At Risk
16310,414,2,460.08,6.028278520230698,1.0986122886681098,6.133571563732811,2,Lost/Churned
16311,18,2,616.26,2.9444389791664403,1.0986122886681098,6.425290328985104,0,New/Occasional
16312,432,1,171.15,6.07073772800249,0.6931471805599453,5.148366189784533,2,Lost/Churned
16313,3,2,274.15000000000003,1.3862943611198906,1.0986122886681098,5.617316403505768,0,New/Occasional
16314,390,3,1491.4,5.968707559985366,1.3862943611198906,7.308140841347003,4,At Risk
16315,331,2,402.71,5.805134968916488,1.0986122886681098,6.00069679842156,2,Lost/Churned
16316,64,13,5744.91,4.174387269895637,2.6390573296152584,8.656243576346606,1,Big Spenders
16317,120,5,2192.51,4.795790545596741,1.791759469228055,7.693258279519971,1,Big Spenders
16318,35,1,328.15000000000003,3.58351893845611,0.6931471805599453,5.796513573913886,0,New/Occasional
16319,218,1,404.40000000000003,5.389071729816501,0.6931471805599453,6.004874234017899,2,Lost/Churned
16320,172,6,5628.99,5.153291594497779,1.9459101490553132,8.635862944933224,1,Big Spenders
16321,72,7,604.5500000000001,4.290459441148391,2.0794415416798357,6.40613713596706,4,At Risk
16322,1,2,326.75,0.6931471805599453,1.0986122886681098,5.792251122643809,0,New/Occasional
16323,196,2,353.66,5.2832037287379885,1.0986122886681098,5.871159584064333,2,Lost/Churned
16324,128,3,428.68,4.859812404361672,1.3862943611198906,6.0630407455972035,4,At Risk
16325,47,12,3597.5,3.871201010907891,2.5649493574615367,8.188272370947859,1,Big Spenders
16326,6,24,4826.99,1.9459101490553132,3.2188758248682006,8.482185510964241,5,Champions
16327,14,16,10731.34,2.70805020110221,2.833213344056216,9.28101689199784,5,Champions
16328,563,1,310.83,6.335054251498059,0.6931471805599453,5.742458167518031,2,Lost/Churned
16329,428,4,1703.07,6.061456918928017,1.6094379124341003,7.440774786357715,4,At Risk
16330,18,7,634.33,2.9444389791664403,2.0794415416798357,6.4541445489425575,3,Loyal Customers
16331,432,6,2037.7,6.07073772800249,1.9459101490553132,7.620067628803093,4,At Risk
16332,28,11,2010.41,3.367295829986474,2.4849066497880004,7.6065912476595505,1,Big Spenders
16333,8,22,26626.8,2.1972245773362196,3.1354942159291497,10.189711061801596,5,Champions
16334,492,1,277.48,6.20050917404269,0.6931471805599453,5.629346243503184,2,Lost/Churned
16335,552,7,2774.0,6.315358001522335,2.0794415416798357,7.928406026180535,4,At Risk
16336,421,4,3517.69,6.045005314036012,1.6094379124341003,8.165844040232853,4,At Risk
16337,37,1,151.05,3.6375861597263857,0.6931471805599453,5.024209414123374,0,New/Occasional
16338,157,1,214.8,5.062595033026967,0.6931471805599453,5.374352052824034,2,Lost/Churned
16339,284,1,109.95,5.652489180268651,0.6931471805599453,4.709079649378603,2,Lost/Churned
16340,107,3,1526.06,4.68213122712422,1.3862943611198906,7.331099597177538,4,At Risk
16341,25,7,3850.79,3.258096538021482,2.0794415416798357,8.256293254297947,1,Big Spenders
16342,75,4,322.41,4.330733340286331,1.6094379124341003,5.778920868124441,0,New/Occasional
16343,16,3,687.0699999999999,2.833213344056216,1.3862943611198906,6.533890576943802,0,New/Occasional
16344,158,4,842.42,5.0689042022202315,1.6094379124341003,6.73746505457173,4,At Risk
16345,44,2,1198.74,3.8066624897703196,1.0986122886681098,7.0898601456338115,0,New/Occasional
16346,385,1,224.51,5.955837369464831,0.6931471805599453,5.418364503857487,2,Lost/Churned
16347,11,11,3509.41,2.4849066497880004,2.4849066497880004,8.163488118755067,3,Loyal Customers
16348,32,8,1798.22,3.4965075614664802,2.1972245773362196,7.495108516634901,1,Big Spenders
16349,291,1,53.5,5.676753802268282,0.6931471805599453,3.9982007016691985,2,Lost/Churned
16350,21,9,2253.89,3.091042453358316,2.302585092994046,7.720856470259167,3,Loyal Customers
16351,333,13,3330.03,5.811140992976701,2.6390573296152584,8.111036844457537,1,Big Spenders
16352,18,2,494.44,2.9444389791664403,1.0986122886681098,6.205446256629806,0,New/Occasional
16353,4,38,9999.460000000001,1.6094379124341003,3.6635616461296463,9.210386370918215,5,Champions
16354,63,5,1129.51,4.1588830833596715,1.791759469228055,7.030424137322423,4,At Risk
16355,375,1,416.35,5.929589143389895,0.6931471805599453,6.033925198296746,2,Lost/Churned
16356,198,6,415.87,5.293304824724492,1.9459101490553132,6.032774422594961,4,At Risk
16357,33,4,868.37,3.5263605246161616,1.6094379124341003,6.767768811403081,0,New/Occasional
16358,1,5,2919.65,0.6931471805599453,1.791759469228055,7.97956147322974,3,Loyal Customers
16359,7,16,2697.75,2.0794415416798357,2.833213344056216,7.900543981829017,3,Loyal Customers
16360,5,6,3512.53,1.791759469228055,1.9459101490553132,8.164376509090179,3,Loyal Customers
16361,10,4,896.66,2.3978952727983707,1.6094379124341003,6.799791377454196,3,Loyal Customers
16362,32,6,946.94,3.4965075614664802,1.9459101490553132,6.854291209112812,3,Loyal Customers
16363,53,1,109.36000000000001,3.9889840465642745,0.6931471805599453,4.703747749349086,0,New/Occasional
16364,12,2,707.04,2.5649493574615367,1.0986122886681098,6.562500589272956,0,New/Occasional
16365,18,15,3307.2,2.9444389791664403,2.772588722239781,8.10415951380812,1,Big Spenders
16366,19,4,1548.13,2.995732273553991,1.6094379124341003,7.3454487620083295,3,Loyal Customers
16367,37,3,1362.4,3.6375861597263857,1.3862943611198906,7.217736858928685,0,New/Occasional
16368,2,3,640.21,1.0986122886681098,1.3862943611198906,6.463357016371739,3,Loyal Customers
16369,18,7,2664.81,2.9444389791664403,2.0794415416798357,7.888263230382028,3,Loyal Customers
16370,82,4,1320.56,4.418840607796598,1.6094379124341003,7.186568135964853,4,At Risk
16371,449,1,157.2,6.1092475827643655,0.6931471805599453,5.063860055333554,2,Lost/Churned
16372,33,5,1328.61,3.5263605246161616,1.791759469228055,7.192640945131866,3,Loyal Customers
16373,382,2,309.49,5.948034989180646,1.0986122886681098,5.738151694735743,2,Lost/Churned
16374,66,5,1771.45,4.204692619390966,1.791759469228055,7.480118049263697,1,Big Spenders
16375,470,2,104.0,6.154858094016418,1.0986122886681098,4.653960350157523,2,Lost/Churned
16376,9,2,987.01,2.302585092994046,1.0986122886681098,6.895692819154136,0,New/Occasional
16377,267,2,1308.48,5.5909869805108565,1.0986122886681098,7.17738539082617,4,At Risk
16378,247,3,362.95,5.5134287461649825,1.3862943611198906,5.897016495564267,4,At Risk
16379,4,4,2157.4,1.6094379124341003,1.6094379124341003,7.677122485453491,3,Loyal Customers
16380,61,1,1780.59,4.127134385045092,0.6931471805599453,7.485261502995209,0,New/Occasional
16381,396,2,258.7,5.983936280687191,1.0986122886681098,5.5595271186687025,2,Lost/Churned
16382,408,2,353.1,6.013715156042802,1.0986122886681098,5.869579359117858,2,Lost/Churned
16383,75,7,2974.84,4.330733340286331,2.0794415416798357,7.998281631066817,1,Big Spenders
16384,90,4,1358.95,4.51085950651685,1.6094379124341003,7.215203213348377,4,At Risk
16385,60,5,1030.61,4.110873864173311,1.791759469228055,6.938875967639927,4,At Risk
16386,29,3,1102.59,3.4011973816621555,1.3862943611198906,7.006323781048,0,New/Occasional
16387,323,5,918.55,5.780743515792329,1.791759469228055,6.82388441994499,4,At Risk
16388,654,1,186.05,6.484635235635252,0.6931471805599453,5.231375960794155,2,Lost/Churned
16389,53,4,1382.0700000000002,3.9889840465642745,1.6094379124341003,7.2320609449898114,4,At Risk
16390,537,3,467.5,6.2878585601617845,1.3862943611198906,6.149536101678477,4,At Risk
16391,401,4,1103.61,5.996452088619021,1.6094379124341003,7.007247610476987,4,At Risk
16392,270,3,763.05,5.602118820879701,1.3862943611198906,6.638633232051266,4,At Risk
16393,2,23,5561.66,1.0986122886681098,3.1780538303479458,8.623831690105762,5,Champions
16394,57,5,1555.34,4.060443010546419,1.791759469228055,7.350092189866152,1,Big Spenders
16395,61,14,3537.85,4.127134385045092,2.70805020110221,8.171557094592721,1,Big Spenders
16396,476,1,137.8,6.1675164908883415,0.6931471805599453,4.933034048072704,2,Lost/Churned
16397,628,1,127.88,6.444131256700441,0.6931471805599453,4.858881738868719,2,Lost/Churned
16398,154,2,1705.8,5.043425116919247,1.0986122886681098,7.4423755513138445,4,At Risk
16399,19,3,641.82,2.995732273553991,1.3862943611198906,6.46586474725612,0,New/Occasional
16400,95,9,3159.44,4.564348191467836,2.302585092994046,8.058466537394228,1,Big Spenders
16401,1,23,6849.15,0.6931471805599453,3.1780538303479458,8.832025828826737,5,Champions
16402,265,2,511.4,5.583496308781699,1.0986122886681098,6.239105570022579,4,At Risk
16403,312,1,177.5,5.746203190540153,0.6931471805599453,5.184588601219693,2,Lost/Churned
16404,70,1,443.05,4.2626798770413155,0.6931471805599453,6.095937168704513,0,New/Occasional
16405,302,2,167.25,5.713732805509369,1.0986122886681098,5.125450968524837,2,Lost/Churned
16406,19,3,552.68,2.995732273553991,1.3862943611198906,6.316586902533608,0,New/Occasional
16407,13,14,2821.65,2.6390573296152584,2.70805020110221,7.945431438987258,3,Loyal Customers
16408,591,1,231.93,6.3835066348840055,0.6931471805599453,5.450737979243263,2,Lost/Churned
16409,36,12,5709.04,3.6109179126442243,2.5649493574615367,8.64998130787946,1,Big Spenders
16410,734,1,130.32,6.5998704992128365,0.6931471805599453,4.877637092633392,2,Lost/Churned
16411,19,4,910.1899999999999,2.995732273553991,1.6094379124341003,6.814751437533682,3,Loyal Customers
16412,54,5,647.23,4.007333185232471,1.791759469228055,6.474245571648193,0,New/Occasional
16413,57,2,528.98,4.060443010546419,1.0986122886681098,6.272839269985096,0,New/Occasional
16414,22,5,559.71,3.1354942159291497,1.791759469228055,6.329203837819883,0,New/Occasional
16415,44,3,719.44,3.8066624897703196,1.3862943611198906,6.579862136468857,0,New/Occasional
16416,27,9,2972.88,3.332204510175204,2.302585092994046,7.997622776508652,1,Big Spenders
16417,493,1,35.7,6.202535517187923,0.6931471805599453,3.6027767550605247,2,Lost/Churned
16418,45,5,1101.94,3.828641396489095,1.791759469228055,7.005734620675105,3,Loyal Customers
16419,113,8,1487.42,4.736198448394496,2.1972245773362196,7.30547043363024,1,Big Spenders
16420,396,1,75.0,5.983936280687191,0.6931471805599453,4.330733340286331,2,Lost/Churned
16421,376,3,526.27,5.932245187448011,1.3862943611198906,6.26771275130897,4,At Risk
16422,17,109,63651.47,2.8903717578961645,4.700480365792417,11.061193409202769,5,Champions
16423,25,1,346.12,3.258096538021482,0.6931471805599453,5.849670541490095,0,New/Occasional
16424,191,2,443.06,5.2574953720277815,1.0986122886681098,6.09595968843743,4,At Risk
16425,302,1,302.7,5.713732805509369,0.6931471805599453,5.716040372051703,2,Lost/Churned
16426,2,10,1908.25,1.0986122886681098,2.3978952727983707,7.554465773768493,3,Loyal Customers
16427,263,2,241.06,5.575949103146316,1.0986122886681098,5.489185629310458,2,Lost/Churned
16428,414,3,660.28,6.028278520230698,1.3862943611198906,6.494177350763422,4,At Risk
16429,106,1,284.55,4.672828834461906,0.6931471805599453,5.654417145110872,2,Lost/Churned
16430,57,7,1117.94,4.060443010546419,2.0794415416798357,7.02013708757141,1,Big Spenders
16431,213,3,642.81,5.365976015021851,1.3862943611198906,6.467403651518229,4,At Risk
16432,64,1,287.40000000000003,4.174387269895637,0.6931471805599453,5.664348405410794,0,New/Occasional
16433,28,2,384.52,3.367295829986474,1.0986122886681098,5.954593072332077,0,New/Occasional
16434,29,12,2741.74,3.4011973816621555,2.5649493574615367,7.916712699715199,1,Big Spenders
16435,512,3,1011.5699999999999,6.240275845170769,1.3862943611198906,6.920246932393394,4,At Risk
16436,668,3,329.34,6.505784060128229,1.3862943611198906,5.800122427092944,2,Lost/Churned
16437,381,2,301.25,5.945420608606575,1.0986122886681098,5.711254489494902,2,Lost/Churned
16438,6,5,798.35,1.9459101490553132,1.791759469228055,6.683798897410901,3,Loyal Customers
16439,722,1,310.70000000000005,6.583409222158765,0.6931471805599453,5.7420411867732915,2,Lost/Churned
16440,8,6,3856.97,2.1972245773362196,1.9459101490553132,8.257896417385673,3,Loyal Customers
16441,67,5,1034.43,4.219507705176107,1.791759469228055,6.942572078357499,4,At Risk
16442,2,5,899.47,1.0986122886681098,1.791759469228055,6.802916849235962,3,Loyal Customers
16443,521,1,162.24,6.257667587882639,0.6931471805599453,5.095221510537605,2,Lost/Churned
16444,46,17,3656.58,3.8501476017100584,2.8903717578961645,8.20455700551905,1,Big Spenders
16445,34,4,602.73,3.5553480614894135,1.6094379124341003,6.403127078124099,0,New/Occasional
16446,1,2,168472.5,0.6931471805599453,1.0986122886681098,12.034533746376653,5,Champions
16447,136,3,775.14,4.919980925828125,1.3862943611198906,6.654332916281998,4,At Risk
16448,198,2,367.87,5.293304824724492,1.0986122886681098,5.910444278444026,2,Lost/Churned
16449,198,2,707.69,5.293304824724492,1.0986122886681098,6.563418195373777,4,At Risk
16450,150,3,1505.73,5.017279836814924,1.3862943611198906,7.317697018672935,4,At Risk
16451,88,3,1013.15,4.48863636973214,1.3862943611198906,6.921806102204797,4,At Risk
16452,631,2,332.17,6.448889394146858,1.0986122886681098,5.808652870224797,2,Lost/Churned
16453,531,2,251.71,6.2766434893416445,1.0986122886681098,5.532242586226923,2,Lost/Churned
16454,45,4,30.950000000000003,3.828641396489095,1.6094379124341003,3.4641721808235437,0,New/Occasional
16455,64,11,4384.37,4.174387269895637,2.4849066497880004,8.386029279809897,1,Big Spenders
16456,99,13,6862.91,4.605170185988092,2.6390573296152584,8.834032529193724,1,Big Spenders
16457,218,1,208.36,5.389071729816501,0.6931471805599453,5.34405525822189,2,Lost/Churned
16458,3,30,5715.34,1.3862943611198906,3.4339872044851463,8.651084019436118,5,Champions
16459,730,1,71.78999999999999,6.594413459749778,0.6931471805599453,4.287578583130166,2,Lost/Churned
16460,28,3,814.72,3.367295829986474,1.3862943611198906,6.704071158824147,0,New/Occasional
16461,178,3,1615.22,5.187385805840755,1.3862943611198906,7.387845368428882,4,At Risk
16462,74,3,136.0,4.31748811353631,1.3862943611198906,4.919980925828125,0,New/Occasional
16463,21,4,1422.4,3.091042453358316,1.6094379124341003,7.260803654865171,3,Loyal Customers
16464,20,3,1314.68,3.044522437723423,1.3862943611198906,7.182108921222586,3,Loyal Customers
16465,421,2,746.24,6.045005314036012,1.0986122886681098,6.616386418672361,4,At Risk
16466,34,15,3838.59,3.5553480614894135,2.772588722239781,8.253120869048027,1,Big Spenders
16467,509,7,2869.16,6.234410725718371,2.0794415416798357,7.962123056328662,4,At Risk
16468,74,3,787.52,4.31748811353631,1.3862943611198906,6.670157770697776,0,New/Occasional
16469,24,5,828.91,3.2188758248682006,1.791759469228055,6.721317261176341,3,Loyal Customers
16470,52,11,2458.6,3.970291913552122,2.4849066497880004,7.807754014079315,1,Big Spenders
16471,275,4,1189.98,5.62040086571715,1.6094379124341003,7.0825317766030516,4,At Risk
16472,434,2,789.6,6.075346031088684,1.0986122886681098,6.672792150862585,4,At Risk
16473,165,4,470.83,5.111987788356544,1.6094379124341003,6.156618751217421,4,At Risk
16474,7,7,1871.5,2.0794415416798357,2.0794415416798357,7.535029715391374,3,Loyal Customers
16475,88,4,544.3,4.48863636973214,1.6094379124341003,6.301336101932016,4,At Risk
16476,432,1,350.35,6.07073772800249,0.6931471805599453,5.861782877638206,2,Lost/Churned
16477,64,11,4320.02,4.174387269895637,2.4849066497880004,8.371246764479425,1,Big Spenders
16478,25,3,331.0,3.258096538021482,1.3862943611198906,5.805134968916488,0,New/Occasional
16479,10,2,300.83,2.3978952727983707,1.0986122886681098,5.709863944972069,0,New/Occasional
16480,76,1,769.29,4.343805421853684,0.6931471805599453,6.646767067319571,0,New/Occasional
16481,682,1,453.38,6.52649485957079,0.6931471805599453,6.118933852353786,2,Lost/Churned
16482,16,1,220.62,2.833213344056216,0.6931471805599453,5.400964203508179,0,New/Occasional
16483,192,1,139.35,5.262690188904886,0.6931471805599453,4.9441393028078915,2,Lost/Churned
16484,174,2,404.3,5.1647859739235145,1.0986122886681098,6.004627533634263,2,Lost/Churned
16485,77,5,2294.68,4.356708826689592,1.791759469228055,7.738784374903863,1,Big Spenders
16486,538,1,134.36,6.289715570908998,0.6931471805599453,4.907937895857914,2,Lost/Churned
16487,577,2,209.4,6.359573868672378,1.0986122886681098,5.349010480863555,2,Lost/Churned
16488,33,3,498.8,3.5263605246161616,1.3862943611198906,6.214208018400852,0,New/Occasional
16489,380,2,303.7,5.942799375126701,1.0986122886681098,5.719327685991663,2,Lost/Churned
16490,436,1,205.41000000000003,6.07993319509559,0.6931471805599453,5.329864482046166,2,Lost/Churned
16491,47,2,1533.16,3.871201010907891,1.0986122886681098,7.33573827896526,0,New/Occasional
16492,541,1,385.56,6.295266001439646,0.6931471805599453,5.957287095306396,2,Lost/Churned
16493,80,7,2132.09,4.394449154672439,2.0794415416798357,7.665326911674032,1,Big Spenders
16494,297,1,826.53,5.697093486505405,0.6931471805599453,6.7184453603705006,4,At Risk
16495,3,3,684.41,1.3862943611198906,1.3862943611198906,6.530017199354501,3,Loyal Customers
16496,9,6,2330.77,2.302585092994046,1.9459101490553132,7.754382914819036,3,Loyal Customers
16497,50,23,6695.28,3.9318256327243257,3.1780538303479458,8.809307427304605,1,Big Spenders
16498,161,2,100.97,5.087596335232384,1.0986122886681098,4.624678652376135,2,Lost/Churned
16499,360,8,2578.34,5.8888779583328805,2.1972245773362196,7.855288831236204,1,Big Spenders
16500,5,9,843.9100000000001,1.791759469228055,2.302585092994046,6.739230112808961,3,Loyal Customers
16501,383,1,1237.23,5.950642552587727,0.6931471805599453,7.121438219510729,4,At Risk
16502,620,2,266.5,6.431331081933479,1.0986122886681098,5.589119566336061,2,Lost/Churned
16503,107,11,3614.34,4.68213122712422,2.4849066497880004,8.192941182728983,1,Big Spenders
16504,25,1,484.38,3.258096538021482,0.6931471805599453,6.18493208931219,0,New/Occasional
16505,32,1,777.6,3.4965075614664802,0.6931471805599453,6.657497435176356,0,New/Occasional
16506,20,2,90.30000000000001,3.044522437723423,1.0986122886681098,4.514150787600923,0,New/Occasional
16507,572,1,152.76,6.35088571671474,0.6931471805599453,5.035392945221982,2,Lost/Churned
16508,630,1,248.8,6.447305862541213,0.6931471805599453,5.520660597691477,2,Lost/Churned
16509,297,1,363.70000000000005,5.697093486505405,0.6931471805599453,5.8990750978146345,2,Lost/Churned
16510,372,6,2100.0,5.921578419643816,1.9459101490553132,7.650168700845001,4,At Risk
16511,22,6,1819.02,3.1354942159291497,1.9459101490553132,7.506602769021451,3,Loyal Customers
16513,5,4,874.59,1.791759469228055,1.6094379124341003,6.774897944843427,3,Loyal Customers
16515,52,10,3216.3,3.970291913552122,2.3978952727983707,8.076297777476105,1,Big Spenders
16516,30,1,101.69999999999999,3.4339872044851463,0.6931471805599453,4.631812116934513,0,New/Occasional
16517,277,1,162.70000000000002,5.627621113690637,0.6931471805599453,5.098035484377089,2,Lost/Churned
16518,61,4,959.37,4.127134385045092,1.6094379124341003,6.867318626874623,4,At Risk
16519,25,4,556.26,3.258096538021482,1.6094379124341003,6.3230319173719,0,New/Occasional
16520,186,6,2482.62,5.231108616854587,1.9459101490553132,7.817472452284856,1,Big Spenders
16521,415,3,1148.01,6.030685260261263,1.3862943611198906,7.0466559810310745,4,At Risk
16522,436,2,433.36,6.07993319509559,1.0986122886681098,6.0738736833487,2,Lost/Churned
16523,2,28,11916.33,1.0986122886681098,3.367295829986474,9.385748922240507,5,Champions
16524,446,2,308.14,6.102558594613569,1.0986122886681098,5.733794248724172,2,Lost/Churned
16525,2,48,24582.64,1.0986122886681098,3.8918202981106265,10.10983646003242,5,Champions
16526,172,2,717.21,5.153291594497779,1.0986122886681098,6.576762005393183,4,At Risk
16527,81,2,1272.44,4.406719247264253,1.0986122886681098,7.1494771790575395,4,At Risk
16528,4,1,244.41,1.6094379124341003,0.6931471805599453,5.502930281242811,0,New/Occasional
16529,190,4,2012.0,5.25227342804663,1.6094379124341003,7.607381425639791,4,At Risk
16530,668,1,48.35,6.505784060128229,0.6931471805599453,3.8989377658794906,2,Lost/Churned
16531,22,11,2298.33,3.1354942159291497,2.4849066497880004,7.7403730551320615,1,Big Spenders
16532,18,5,8756.64,2.9444389791664403,1.791759469228055,9.07768174124132,3,Loyal Customers
16533,19,3,1095.56,2.995732273553991,1.3862943611198906,6.999933285923126,0,New/Occasional
16534,642,1,635.9,6.466144724237619,0.6931471805599453,6.45661265737732,2,Lost/Churned
16535,5,3,1001.59,1.791759469228055,1.3862943611198906,6.910341930712237,3,Loyal Customers
16536,110,1,548.97,4.709530201312334,0.6931471805599453,6.309863731284314,0,New/Occasional
16537,641,1,23.35,6.464588303689961,0.6931471805599453,3.192531849528599,2,Lost/Churned
16538,541,3,399.62,6.295266001439646,1.3862943611198906,5.993013347097833,4,At Risk
16539,3,10,3732.01,1.3862943611198906,2.3978952727983707,8.224970157721604,3,Loyal Customers
16540,414,1,226.70000000000002,6.028278520230698,0.6931471805599453,5.4280289730696945,2,Lost/Churned
16541,735,1,424.03,6.601230118728877,0.6931471805599453,6.052159754668478,2,Lost/Churned
16542,54,2,257.32,4.007333185232471,1.0986122886681098,5.55419912645002,0,New/Occasional
16543,592,1,292.21,6.385194398997726,0.6931471805599453,5.680889075842892,2,Lost/Churned
16544,520,4,376.70000000000005,6.255750041753367,1.6094379124341003,5.934100229718411,4,At Risk
16545,165,2,689.8199999999999,5.111987788356544,1.0986122886681098,6.537879297793204,4,At Risk
16546,291,5,5606.47,5.676753802268282,1.791759469228055,8.631854916402343,1,Big Spenders
16547,546,1,111.71,6.304448802421981,0.6931471805599453,4.724818148253987,2,Lost/Churned
16548,599,1,30.15,6.396929655216146,0.6931471805599453,3.4388142452334622,2,Lost/Churned
16549,10,34,13182.19,2.3978952727983707,3.5553480614894135,9.48669781215506,5,Champions
16550,109,18,9435.13,4.700480365792417,2.9444389791664403,9.152301217456825,1,Big Spenders
16551,96,7,2237.12,4.574710978503383,2.0794415416798357,7.713391506737356,1,Big Spenders
16552,243,2,475.02,5.497168225293202,1.0986122886681098,6.165459870155462,4,At Risk
16553,163,33,16644.01,5.099866427824199,3.5263605246161616,9.71986575078996,5,Champions
16554,42,8,2841.7200000000003,3.7612001156935624,2.1972245773362196,7.952516619287596,1,Big Spenders
16555,35,6,1915.68,3.58351893845611,1.9459101490553132,7.558349801620829,1,Big Spenders
16556,67,17,8012.58,4.219507705176107,2.8903717578961645,8.988892881537227,1,Big Spenders
16557,24,2,281.85,3.2188758248682006,1.0986122886681098,5.644916721789165,0,New/Occasional
16558,1,38,13873.51,0.6931471805599453,3.6635616461296463,9.537808622675719,5,Champions
16559,397,1,185.20000000000002,5.986452005284438,0.6931471805599453,5.226821364842967,2,Lost/Churned
16560,27,8,3048.38,3.332204510175204,2.1972245773362196,8.02269357024902,1,Big Spenders
16561,6,2,511.12,1.9459101490553132,1.0986122886681098,6.238558972577978,0,New/Occasional
16562,477,1,223.86,6.169610732491456,0.6931471805599453,5.415477986321614,2,Lost/Churned
16563,54,6,4422.76,4.007333185232471,1.9459101490553132,8.39474529218269,1,Big Spenders
16564,569,1,87.80000000000001,6.345636360828596,0.6931471805599453,4.486386649998124,2,Lost/Churned
16565,364,4,773.05,5.8998973535824915,1.6094379124341003,6.651636470986475,4,At Risk
16566,15,5,614.66,2.772588722239781,1.791759469228055,6.422694863102173,3,Loyal Customers
16567,194,2,865.6,5.272999558563747,1.0986122886681098,6.764577509305809,4,At Risk
16568,428,2,1020.9,6.061456918928017,1.0986122886681098,6.929418918618163,4,At Risk
16569,3,5,1455.23,1.3862943611198906,1.791759469228055,7.28360618331412,3,Loyal Customers
16570,15,20,7434.31,2.772588722239781,3.044522437723423,8.913995552712347,5,Champions
16571,27,10,4248.74,3.332204510175204,2.3978952727983707,8.354613083576517,1,Big Spenders
16572,127,3,1009.6,4.852030263919617,1.3862943611198906,6.918299492857808,4,At Risk
16573,85,2,663.61,4.454347296253507,1.0986122886681098,6.499200402451892,0,New/Occasional
16574,71,3,1301.78,4.276666119016055,1.3862943611198906,7.172255721733736,4,At Risk
16576,420,2,540.87,6.042632833682381,1.0986122886681098,6.2950261202719355,4,At Risk
16577,667,1,380.0,6.504288173536645,0.6931471805599453,5.942799375126701,2,Lost/Churned
16578,626,1,156.6,6.440946540632921,0.6931471805599453,5.060060177423779,2,Lost/Churned
16579,426,1,295.05,6.056784013228625,0.6931471805599453,5.690528358977785,2,Lost/Churned
16581,183,1,105.84,5.214935757608986,0.6931471805599453,4.67133238824176,2,Lost/Churned
16582,113,1,313.62,4.736198448394496,0.6931471805599453,5.751365561394358,2,Lost/Churned
16583,374,2,531.4,5.926926025970411,1.0986122886681098,6.277395086520957,4,At Risk
16584,80,5,3163.67,4.394449154672439,1.791759469228055,8.059804063739419,1,Big Spenders
16585,594,2,341.59000000000003,6.38856140554563,1.0986122886681098,5.8365343969059404,2,Lost/Churned
16586,249,3,1462.78,5.521460917862246,1.3862943611198906,7.288777410005061,4,At Risk
16587,232,1,225.15,5.4510384535657,0.6931471805599453,5.421198495923853,2,Lost/Churned
16588,386,4,1361.28,5.958424693029782,1.6094379124341003,7.216915045610148,4,At Risk
16589,71,4,612.36,4.276666119016055,1.6094379124341003,6.418952039250639,0,New/Occasional
16590,401,2,605.9,5.996452088619021,1.0986122886681098,6.408364032841809,4,At Risk
16591,69,1,213.5,4.248495242049359,0.6931471805599453,5.368309738368072,0,New/Occasional
16592,4,28,7807.91,1.6094379124341003,3.367295829986474,8.963020668432987,5,Champions
16593,51,8,1071.14,3.9512437185814275,2.1972245773362196,6.977411930118625,1,Big Spenders
16594,75,1,181.09,4.330733340286331,0.6931471805599453,5.204501070343752,0,New/Occasional
16595,61,5,1810.18,4.127134385045092,1.791759469228055,7.501733845545069,1,Big Spenders
16596,16,4,579.63,2.833213344056216,1.6094379124341003,6.364113720941144,0,New/Occasional
16597,4,1,90.04,1.6094379124341003,0.6931471805599453,4.511298970378021,0,New/Occasional
16598,286,1,145.05,5.659482215759621,0.6931471805599453,4.9839490288337505,2,Lost/Churned
16599,386,1,172.8,5.958424693029782,0.6931471805599453,5.157905212831292,2,Lost/Churned
16600,4,13,2153.41,1.6094379124341003,2.6390573296152584,7.675272183150189,3,Loyal Customers
16601,41,3,684.25,3.7376696182833684,1.3862943611198906,6.529783735182895,0,New/Occasional
16602,36,2,763.33,3.6109179126442243,1.0986122886681098,6.638999633081288,0,New/Occasional
16603,75,2,482.47,4.330733340286331,1.0986122886681098,6.180989265398516,0,New/Occasional
16604,563,2,432.45000000000005,6.335054251498059,1.0986122886681098,6.071776449314649,2,Lost/Churned
16605,724,1,60.48,6.586171654854675,0.6931471805599453,4.118711918670395,2,Lost/Churned
16606,404,2,357.66,6.003887067106539,1.0986122886681098,5.882374864520278,2,Lost/Churned
16607,18,25,5706.87,2.9444389791664403,3.258096538021482,8.649601203284814,5,Champions
16608,454,2,1288.72,6.12029741895095,1.0986122886681098,7.162180419532466,4,At Risk
16609,15,7,5493.46,2.772588722239781,2.0794415416798357,8.611495590853199,3,Loyal Customers
16610,219,1,75.66,5.393627546352362,0.6931471805599453,4.339380059952409,2,Lost/Churned
16611,186,6,1785.13,5.231108616854587,1.9459101490553132,7.487806547141364,4,At Risk
16612,33,9,3245.4300000000003,3.5263605246161616,2.302585092994046,8.085311210034273,1,Big Spenders
16613,70,1,618.59,4.2626798770413155,0.6931471805599453,6.429057968967668,0,New/Occasional
16614,183,3,1179.79,5.214935757608986,1.3862943611198906,7.073938984975659,4,At Risk
16615,626,1,291.5,6.440946540632921,0.6931471805599453,5.678464666671911,2,Lost/Churned
16616,15,2,500.42,2.772588722239781,1.0986122886681098,6.2174440732414,0,New/Occasional
16617,236,1,151.85,5.4680601411351315,0.6931471805599453,5.029457048336844,2,Lost/Churned
16618,31,5,2647.59,3.4657359027997265,1.791759469228055,7.881782701906185,3,Loyal Customers
16619,264,4,1938.3300000000002,5.579729825986222,1.6094379124341003,7.5700978315818475,4,At Risk
16620,4,6,1758.93,1.6094379124341003,1.9459101490553132,7.473029314513969,3,Loyal Customers
16621,52,4,813.48,3.970291913552122,1.6094379124341003,6.70254987279894,0,New/Occasional
16622,544,1,225.4,6.300785794663244,0.6931471805599453,5.422303346329028,2,Lost/Churned
16623,246,4,1015.24,5.5093883366279774,1.6094379124341003,6.923864820715205,4,At Risk
16624,81,2,810.57,4.406719247264253,1.0986122886681098,6.6989706432467875,0,New/Occasional
16625,275,5,1654.03,5.62040086571715,1.791759469228055,7.411574414535091,4,At Risk
16626,1,17,4413.1,0.6931471805599453,2.8903717578961645,8.392559241748096,5,Champions
16627,79,1,322.8,4.382026634673881,0.6931471805599453,5.780126041243535,0,New/Occasional
16628,30,7,2318.1,3.4339872044851463,2.0794415416798357,7.7489344583611635,1,Big Spenders
16629,74,2,417.73,4.31748811353631,1.0986122886681098,6.037226320804645,0,New/Occasional
16630,407,1,106.80000000000001,6.0112671744041615,0.6931471805599453,4.680277658474897,2,Lost/Churned
16631,482,7,1892.52,6.180016653652572,2.0794415416798357,7.546192809736556,4,At Risk
16632,486,2,406.4,6.18826412308259,1.0986122886681098,6.009795503792706,2,Lost/Churned
16633,17,6,2883.1,2.8903717578961645,1.9459101490553132,7.966968171867508,3,Loyal Customers
16634,223,6,1814.6100000000001,5.4116460518550396,1.9459101490553132,7.504176778388248,4,At Risk
16635,407,1,473.0,6.0112671744041615,0.6931471805599453,6.161207321695077,2,Lost/Churned
16636,438,4,3802.04,6.0844994130751715,1.6094379124341003,8.243556025885042,4,At Risk
16637,32,4,1154.47,3.4965075614664802,1.6094379124341003,7.052262466590724,3,Loyal Customers
16638,23,15,2430.53,3.1780538303479458,2.772588722239781,7.796275967830652,1,Big Spenders
16639,31,4,1747.98,3.4657359027997265,1.6094379124341003,7.466788039847446,3,Loyal Customers
16640,398,1,179.4,5.988961416889864,0.6931471805599453,5.1951766076285235,2,Lost/Churned
16641,106,2,554.5,4.672828834461906,1.0986122886681098,6.319868609079685,0,New/Occasional
16642,5,3,1077.45,1.791759469228055,1.3862943611198906,6.983280104068383,3,Loyal Customers
16643,246,2,923.11,5.5093883366279774,1.0986122886681098,6.828831112175126,4,At Risk
16644,178,2,833.78,5.187385805840755,1.0986122886681098,6.72716821708184,4,At Risk
16645,736,1,160.39,6.602587892189336,0.6931471805599453,5.083823796047731,2,Lost/Churned
16646,449,1,678.8,6.1092475827643655,0.6931471805599453,6.521798637262015,2,Lost/Churned
16647,170,4,541.9,5.14166355650266,1.6094379124341003,6.296925140911405,4,At Risk
16648,43,3,672.8,3.784189633918261,1.3862943611198906,6.512933330972452,0,New/Occasional
16649,520,1,306.58,6.255750041753367,0.6931471805599453,5.728735216011778,2,Lost/Churned
16650,72,7,1916.11,4.290459441148391,2.0794415416798357,7.558574122724386,1,Big Spenders
16651,587,1,136.2,6.376726947898627,0.6931471805599453,4.921439715291784,2,Lost/Churned
16652,59,16,17550.39,4.0943445622221,2.833213344056216,9.772888428036879,1,Big Spenders
16653,16,2,1212.66,2.833213344056216,1.0986122886681098,7.101395866495808,0,New/Occasional
16654,141,8,1711.47,4.955827057601261,2.1972245773362196,7.445692051734759,1,Big Spenders
16655,18,13,6548.37,2.9444389791664403,2.6390573296152584,8.787124140797289,1,Big Spenders
16656,22,30,16833.170000000002,3.1354942159291497,3.4339872044851463,9.731166028330486,5,Champions
16657,10,4,933.62,2.3978952727983707,1.6094379124341003,6.8401400295665695,3,Loyal Customers
16658,368,6,814.07,5.910796644040527,1.9459101490553132,6.703273999123117,4,At Risk
16659,189,1,39.12,5.247024072160486,0.6931471805599453,3.691874963093735,2,Lost/Churned
16660,16,7,1879.55,2.833213344056216,2.0794415416798357,7.5393195662301435,3,Loyal Customers
16661,540,4,986.63,6.293419278846481,1.6094379124341003,6.89530813368038,4,At Risk
16662,394,1,163.8,5.978885764901122,0.6931471805599453,5.1047326174753715,2,Lost/Churned
16663,729,1,165.0,6.593044534142437,0.6931471805599453,5.111987788356544,2,Lost/Churned
16664,569,1,109.2,6.345636360828596,0.6931471805599453,4.702296896718814,2,Lost/Churned
16665,362,1,135.4,5.8944028342648505,0.6931471805599453,4.915591745409362,2,Lost/Churned
16666,19,2,225.94,2.995732273553991,1.0986122886681098,5.424685665362843,0,New/Occasional
16667,68,2,570.13,4.23410650459726,1.0986122886681098,6.347616854496022,0,New/Occasional
16668,15,13,862.42,2.772588722239781,2.6390573296152584,6.760901247087513,3,Loyal Customers
16669,24,3,1374.87,3.2188758248682006,1.3862943611198906,7.226841537285894,3,Loyal Customers
16670,17,20,8030.150000000001,2.8903717578961645,3.044522437723423,8.991083009638244,5,Champions
16671,28,3,1692.27,3.367295829986474,1.3862943611198906,7.434416849630159,3,Loyal Customers
16672,2,20,8134.9400000000005,1.0986122886681098,3.044522437723423,9.004046563069934,5,Champions
16673,679,1,188.83,6.522092798170152,0.6931471805599453,5.24612893480245,2,Lost/Churned
16674,55,2,319.61,4.02535169073515,1.0986122886681098,5.770225431204915,0,New/Occasional
16675,442,2,608.86,6.093569770045136,1.0986122886681098,6.413229422629599,4,At Risk
16676,34,6,2361.9,3.5553480614894135,1.9459101490553132,7.767644957205523,1,Big Spenders
16677,411,2,880.62,6.021023349349527,1.0986122886681098,6.781761124166734,4,At Risk
16678,3,12,3109.99,1.3862943611198906,2.5649493574615367,8.042696282491956,3,Loyal Customers
16679,366,3,793.06,5.905361848054571,1.3862943611198906,6.677159025142743,4,At Risk
16680,43,3,821.45,3.784189633918261,1.3862943611198906,6.712287690518167,0,New/Occasional
16681,73,7,1921.8400000000001,4.30406509320417,2.0794415416798357,7.561558538799058,1,Big Spenders
16682,5,5,1028.0,1.791759469228055,1.791759469228055,6.9363427358340495,3,Loyal Customers
16683,534,1,320.25,6.282266746896006,0.6931471805599453,5.77221963620943,2,Lost/Churned
16684,4,55,147142.77,1.6094379124341003,4.02535169073515,11.899165415014757,5,Champions
16685,61,2,324.24,4.127134385045092,1.0986122886681098,5.784563371339637,0,New/Occasional
16686,47,16,5070.92,3.871201010907891,2.833213344056216,8.531474723122006,1,Big Spenders
16687,391,1,157.63,5.971261839790462,0.6931471805599453,5.066574446420364,2,Lost/Churned
16688,1,4,1260.8600000000001,0.6931471805599453,1.6094379124341003,7.1403421019236415,3,Loyal Customers
16689,76,2,422.6,4.343805421853684,1.0986122886681098,6.048789613727251,0,New/Occasional
16690,72,4,353.03000000000003,4.290459441148391,1.6094379124341003,5.869381655305767,0,New/Occasional
16691,418,2,178.83,6.037870919922137,1.0986122886681098,5.192011960177106,2,Lost/Churned
16692,256,4,1914.6999999999998,5.54907608489522,1.6094379124341003,7.557838370071055,4,At Risk
16693,69,5,1199.46,4.248495242049359,1.791759469228055,7.090460095655974,4,At Risk
16694,723,1,98.30000000000001,6.584791392385716,0.6931471805599453,4.598145571051127,2,Lost/Churned
16695,562,2,193.15,6.333279628139691,1.0986122886681098,5.268631056177676,2,Lost/Churned
16696,135,4,657.9,4.912654885736052,1.6094379124341003,6.490571777919774,4,At Risk
16697,241,1,112.75,5.488937726156687,0.6931471805599453,4.7340030578310595,2,Lost/Churned
16698,227,2,1998.0,5.429345628954441,1.0986122886681098,7.6004023345004,4,At Risk
16699,380,7,994.6,5.942799375126701,2.0794415416798357,6.903345570493437,4,At Risk
16700,9,25,9167.710000000001,2.302585092994046,3.258096538021482,9.123551879236922,5,Champions
16701,9,26,9916.73,2.302585092994046,3.295836866004329,9.20207934344803,5,Champions
16702,415,4,1110.83,6.030685260261263,1.6094379124341003,7.0137625854257,4,At Risk
16704,618,2,695.66,6.428105272684596,1.0986122886681098,6.54629748686697,4,At Risk
16705,1,42,43515.051,0.6931471805599453,3.7612001156935624,10.680885137523006,5,Champions
16706,37,3,531.35,3.6375861597263857,1.3862943611198906,6.277301167760616,0,New/Occasional
16707,400,4,551.11,5.993961427306569,1.6094379124341003,6.313747301786717,4,At Risk
16708,46,1,656.63,3.8501476017100584,0.6931471805599453,6.488642463139346,0,New/Occasional
16709,85,14,9087.460000000001,4.454347296253507,2.70805020110221,9.114760755877159,1,Big Spenders
16710,19,22,6349.09,2.995732273553991,3.1354942159291497,8.756224265014644,5,Champions
16711,3,9,2868.48,1.3862943611198906,2.302585092994046,7.961886107668752,3,Loyal Customers
16712,9,13,4266.99,2.302585092994046,2.6390573296152584,8.358898269401092,3,Loyal Customers
16713,19,32,14560.69,2.995732273553991,3.4965075614664802,9.58614938644348,5,Champions
16714,219,4,1529.8,5.393627546352362,1.6094379124341003,7.333545753551547,4,At Risk
16715,78,2,625.52,4.3694478524670215,1.0986122886681098,6.440180697210462,0,New/Occasional
16716,267,3,2149.6800000000003,5.5909869805108565,1.3862943611198906,7.673539350185795,4,At Risk
16717,24,14,6986.2300000000005,3.2188758248682006,2.70805020110221,8.851839476287456,1,Big Spenders
16718,369,5,3647.53,5.91350300563827,1.791759469228055,8.202079625729086,4,At Risk
16719,15,14,3973.3,2.772588722239781,2.70805020110221,8.287603910951965,1,Big Spenders
16720,26,3,795.48,3.295836866004329,1.3862943611198906,6.6802020191792275,0,New/Occasional
16721,262,1,292.47,5.572154032177765,0.6931471805599453,5.681775419393111,2,Lost/Churned
16722,17,22,8989.08,2.8903717578961645,3.1354942159291497,9.10387702620249,5,Champions
16723,91,4,1301.63,4.5217885770490405,1.6094379124341003,7.17214057670845,4,At Risk
16724,405,1,147.35,6.0063531596017325,0.6931471805599453,4.999574346736831,2,Lost/Churned
16725,302,14,1882.11,5.713732805509369,2.70805020110221,7.540679944369933,1,Big Spenders
16726,26,7,2088.41,3.295836866004329,2.0794415416798357,7.644637008454939,3,Loyal Customers
16727,364,4,1437.42,5.8998973535824915,1.6094379124341003,7.271300567958845,4,At Risk
16728,46,4,1054.67,3.8501476017100584,1.6094379124341003,6.9619309154279065,0,New/Occasional
16729,38,21,7239.92,3.6635616461296463,3.091042453358316,8.887503549130026,5,Champions
16730,52,3,743.11,3.970291913552122,1.3862943611198906,6.612188873366803,0,New/Occasional
16731,648,1,174.05,6.47543271670409,0.6931471805599453,5.165071647400675,2,Lost/Churned
16732,32,4,4387.64,3.4965075614664802,1.6094379124341003,8.386774663084227,1,Big Spenders
16733,530,1,259.68,6.274762021241939,0.6931471805599453,5.56329360146418,2,Lost/Churned
16734,52,3,650.51,3.970291913552122,1.3862943611198906,6.47929274564127,0,New/Occasional
16735,79,14,6270.56,4.382026634673881,2.70805020110221,8.743780406508177,1,Big Spenders
16736,506,5,2956.56,6.2285110035911835,1.791759469228055,7.992119883051658,4,At Risk
16737,53,2,835.2,3.9889840465642745,1.0986122886681098,6.728867818922465,0,New/Occasional
16738,298,1,3.75,5.700443573390687,0.6931471805599453,1.55814461804655,2,Lost/Churned
16739,177,2,786.4300000000001,5.181783550292085,1.0986122886681098,6.6687744778600475,4,At Risk
16740,395,1,236.81,5.981414211254481,0.6931471805599453,5.471472035517174,2,Lost/Churned
16741,625,1,173.06,6.439350371100098,0.6931471805599453,5.159400067361368,2,Lost/Churned
16742,47,14,2852.61,3.871201010907891,2.70805020110221,7.95634013838393,1,Big Spenders
16743,29,14,4253.26,3.4011973816621555,2.70805020110221,8.355676112839369,1,Big Spenders
16744,11,7,1304.76,2.4849066497880004,2.0794415416798357,7.174540525720933,3,Loyal Customers
16745,87,17,7194.3,4.477336814478207,2.8903717578961645,8.881183314074189,1,Big Spenders
16746,5,42,18066.4,1.791759469228055,3.7612001156935624,9.801864488341764,5,Champions
16747,38,2,836.0600000000001,3.6635616461296463,1.0986122886681098,6.729895752508072,0,New/Occasional
16748,18,14,3637.33,2.9444389791664403,2.70805020110221,8.199280064145107,1,Big Spenders
16749,591,2,4387.08,6.3835066348840055,1.0986122886681098,8.386647052769494,4,At Risk
16750,45,5,623.93,3.828641396489095,1.791759469228055,6.437639643463933,0,New/Occasional
16751,31,1,1764.72,3.4657359027997265,0.6931471805599453,7.476313818197086,0,New/Occasional
16752,373,1,415.0,5.924255797414532,0.6931471805599453,6.030685260261263,2,Lost/Churned
16753,58,1,223.92000000000002,4.07753744390572,0.6931471805599453,5.415744783424001,0,New/Occasional
16754,372,29,67502.47,5.921578419643816,3.4011973816621555,11.119934282946714,5,Champions
16755,114,7,2900.58,4.74493212836325,2.0794415416798357,7.973010695196109,1,Big Spenders
16756,215,7,1312.3700000000001,5.375278407684165,2.0794415416798357,7.180351632015874,4,At Risk
16757,319,2,270.48,5.768320995793772,1.0986122886681098,5.603888471835558,2,Lost/Churned
16758,65,1,369.34000000000003,4.189654742026425,0.6931471805599453,5.91442150260967,0,New/Occasional
16759,8,3,789.79,2.1972245773362196,1.3862943611198906,6.673032445794151,3,Loyal Customers
16760,430,1,228.0,6.066108090103747,0.6931471805599453,5.43372200355424,2,Lost/Churned
16761,97,1,316.62,4.584967478670572,0.6931471805599453,5.760855699682501,0,New/Occasional
16762,20,3,1501.38,3.044522437723423,1.3862943611198906,7.314805796331314,3,Loyal Customers
16763,199,2,964.6999999999999,5.298317366548036,1.0986122886681098,6.872853226972872,4,At Risk
16764,4,13,2799.25,1.6094379124341003,2.6390573296152584,7.9374639778918485,3,Loyal Customers
16765,294,2,454.75,5.68697535633982,1.0986122886681098,6.121944413558772,2,Lost/Churned
16766,273,2,1145.6,5.6131281063880705,1.0986122886681098,7.044556320474283,4,At Risk
16767,31,15,8073.8,3.4657359027997265,2.772588722239781,8.996503379982272,1,Big Spenders
16768,48,9,1708.1200000000001,3.8918202981106265,2.302585092994046,7.4437338971514055,1,Big Spenders
16769,260,4,1141.75,5.564520407322694,1.6094379124341003,7.041192917211854,4,At Risk
16770,58,9,1932.13,4.07753744390572,2.302585092994046,7.566895729921602,1,Big Spenders
16771,33,10,3967.6,3.5263605246161616,2.3978952727983707,8.286168666651152,1,Big Spenders
16772,423,3,3723.55,6.049733455231958,1.3862943611198906,8.222701318146976,4,At Risk
16773,57,3,421.24,4.060443010546419,1.3862943611198906,6.045573872755014,0,New/Occasional
16774,68,8,1594.45,4.23410650459726,2.1972245773362196,7.374911107088734,1,Big Spenders
16775,10,16,3056.89,2.3978952727983707,2.833213344056216,8.025480414619006,5,Champions
16776,60,2,619.85,4.110873864173311,1.0986122886681098,6.431089506862851,0,New/Occasional
16777,80,5,1307.76,4.394449154672439,1.791759469228055,7.176835403034256,4,At Risk
16778,74,2,245.94,4.31748811353631,1.0986122886681098,5.509145392139597,0,New/Occasional
16779,2,53,33268.24,1.0986122886681098,3.9889840465642745,10.412388525349144,5,Champions
16780,100,3,605.55,4.61512051684126,1.3862943611198906,6.407787165216928,4,At Risk
16781,372,2,934.25,5.921578419643816,1.0986122886681098,6.840813873228256,4,At Risk
16782,10,38,10438.41,2.3978952727983707,3.6635616461296463,9.253343346429725,5,Champions
16783,437,1,391.95,6.082218910376446,0.6931471805599453,5.973682377312184,2,Lost/Churned
16784,20,5,896.53,3.044522437723423,1.791759469228055,6.799646545987636,3,Loyal Customers
16785,410,1,533.78,6.018593214496234,0.6931471805599453,6.281855447370681,2,Lost/Churned
16786,394,1,51.84,5.978885764901122,0.6931471805599453,3.9672684796541247,2,Lost/Churned
16787,398,4,1035.43,5.988961416889864,1.6094379124341003,6.943537394621777,4,At Risk
16788,123,5,1950.3,4.820281565605037,1.791759469228055,7.576251096100953,4,At Risk
16789,8,1,80.80000000000001,2.1972245773362196,0.6931471805599453,4.404277243608702,0,New/Occasional
16790,4,6,1545.6200000000001,1.6094379124341003,1.9459101490553132,7.343827183683202,3,Loyal Customers
16791,29,15,4038.69,3.4011973816621555,2.772588722239781,8.303923235337827,1,Big Spenders
16792,282,5,623.46,5.645446897643238,1.791759469228055,6.436887276273271,4,At Risk
16793,57,1,243.84,4.060443010546419,0.6931471805599453,5.500604935982869,0,New/Occasional
16794,1,15,2090.91,0.6931471805599453,2.772588722239781,7.645832803226877,3,Loyal Customers
16795,365,3,2492.39,5.902633333401366,1.3862943611198906,7.82139850931488,4,At Risk
16796,89,1,305.62,4.499809670330265,0.6931471805599453,5.725609195882308,0,New/Occasional
16797,393,5,1827.77,5.976350909297934,1.791759469228055,7.511398888706521,4,At Risk
16798,554,3,848.71,6.318968113746434,1.3862943611198906,6.74489511479984,4,At Risk
16799,432,2,495.98,6.07073772800249,1.0986122886681098,6.208549783838228,4,At Risk
16800,11,1,1201.49,2.4849066497880004,0.6931471805599453,7.092149685937022,0,New/Occasional
16801,163,4,1619.73,5.099866427824199,1.6094379124341003,7.390631944012902,4,At Risk
16802,679,2,582.61,6.522092798170152,1.0986122886681098,6.369232951525817,4,At Risk
16803,65,1,332.3,4.189654742026425,0.6931471805599453,5.8090429853136945,0,New/Occasional
16804,23,3,536.99,3.1780538303479458,1.3862943611198906,6.287839972628443,0,New/Occasional
16805,174,5,1097.24,5.1647859739235145,1.791759469228055,7.001464177419488,4,At Risk
16806,103,4,801.49,4.6443908991413725,1.6094379124341003,6.687719393867341,4,At Risk
16807,143,6,2123.88,4.969813299576001,1.9459101490553132,7.661470609175758,1,Big Spenders
16808,99,2,288.42,4.605170185988092,1.0986122886681098,5.667878920309847,0,New/Occasional
16809,23,9,1727.43,3.1780538303479458,2.302585092994046,7.454968761000411,3,Loyal Customers
16810,192,2,842.04,5.262690188904886,1.0986122886681098,6.737014406460975,4,At Risk
16811,5,2,547.07,1.791759469228055,1.0986122886681098,6.3064030160165885,0,New/Occasional
16812,361,4,2392.0,5.8916442118257715,1.6094379124341003,7.780303087908373,4,At Risk
16813,8,10,1692.98,2.1972245773362196,2.3978952727983707,7.434836068766861,3,Loyal Customers
16814,14,36,12499.710000000001,2.70805020110221,3.6109179126442243,9.433540721677334,5,Champions
16815,454,2,410.97,6.12029741895095,1.0986122886681098,6.020950531164366,2,Lost/Churned
16816,103,4,417.06,4.6443908991413725,1.6094379124341003,6.035624962893636,4,At Risk
16817,3,13,2804.9,1.3862943611198906,2.6390573296152584,7.939479622108615,3,Loyal Customers
16818,11,11,3349.57,2.4849066497880004,2.4849066497880004,8.116885759599102,3,Loyal Customers
16819,465,2,182.59,6.144185634125646,1.0986122886681098,5.212705010472114,2,Lost/Churned
16820,96,1,497.61,4.574710978503383,0.6931471805599453,6.211824227045576,0,New/Occasional
16821,382,1,113.35,5.948034989180646,0.6931471805599453,4.73926392046879,2,Lost/Churned
16822,686,1,181.39,6.532334292222349,0.6931471805599453,5.206147251575906,2,Lost/Churned
16823,227,7,2260.09,5.429345628954441,2.0794415416798357,7.723602276881599,1,Big Spenders
16824,16,3,686.24,2.833213344056216,1.3862943611198906,6.532683576193766,0,New/Occasional
16825,39,5,1826.89,3.6888794541139363,1.791759469228055,7.5109175751488,1,Big Spenders
16826,51,1,341.7,3.9512437185814275,0.6931471805599453,5.836855428880563,0,New/Occasional
16827,393,5,392.13,5.976350909297934,1.791759469228055,5.974140345974778,4,At Risk
16828,93,2,128.5,4.543294782270004,1.0986122886681098,4.863680881139593,2,Lost/Churned
16829,157,2,513.32,5.062595033026967,1.0986122886681098,6.2428456398334315,4,At Risk
16830,39,4,1207.5,3.6888794541139363,1.6094379124341003,7.097135200143538,3,Loyal Customers
16831,565,1,91.8,6.338594078203183,0.6931471805599453,4.530446639792155,2,Lost/Churned
16832,184,5,417.61,5.220355825078324,1.791759469228055,6.036939698880882,4,At Risk
16833,1,6,2409.04,0.6931471805599453,1.9459101490553132,7.787398623857337,3,Loyal Customers
16834,228,2,898.96,5.43372200355424,1.0986122886681098,6.8023503178921825,4,At Risk
16835,128,6,1538.41,4.859812404361672,1.9459101490553132,7.339154505116535,4,At Risk
16836,40,4,782.37,3.713572066704308,1.6094379124341003,6.663605125885249,0,New/Occasional
16837,31,11,3170.98,3.4657359027997265,2.4849066497880004,8.062111277564622,1,Big Spenders
16838,197,4,1159.6100000000001,5.288267030694535,1.6094379124341003,7.0567010079523715,4,At Risk
16839,9,44,22310.49,2.302585092994046,3.8066624897703196,10.01285707139101,5,Champions
16840,603,2,139.85,6.403574197934815,1.0986122886681098,4.947695494322382,2,Lost/Churned
16841,37,12,4006.06,3.6375861597263857,2.5649493574615367,8.295813084319896,1,Big Spenders
16842,101,3,1264.19,4.624972813284271,1.3862943611198906,7.142977587511544,4,At Risk
16843,43,35,19571.43,3.784189633918261,3.58351893845611,9.881877222329129,5,Champions
16844,563,2,614.34,6.335054251498059,1.0986122886681098,6.4221749605721845,4,At Risk
16845,618,1,253.88,6.428105272684596,0.6931471805599453,5.540792846161739,2,Lost/Churned
16846,50,3,842.41,3.9318256327243257,1.3862943611198906,6.737453198012385,0,New/Occasional
16847,43,2,614.89,3.784189633918261,1.0986122886681098,6.423068376159172,0,New/Occasional
16848,53,4,1411.62,3.9889840465642745,1.6094379124341003,7.2532014151642725,4,At Risk
16849,187,1,124.57,5.236441962829949,0.6931471805599453,4.8328633720008725,2,Lost/Churned
16850,334,1,332.41,5.814130531825066,0.6931471805599453,5.809372963868082,2,Lost/Churned
16851,4,3,342.45,1.6094379124341003,1.3862943611198906,5.839041540659891,0,New/Occasional
16852,10,2,144.91,2.3978952727983707,1.0986122886681098,4.982989993275931,0,New/Occasional
16854,417,2,1408.96,6.035481432524756,1.0986122886681098,7.251316614175486,4,At Risk
16855,24,2,328.40000000000003,3.2188758248682006,1.0986122886681098,5.79727281774354,0,New/Occasional
16856,15,3,358.49,2.772588722239781,1.3862943611198906,5.884686360362535,0,New/Occasional
16857,443,1,352.8,6.095824562432225,0.6931471805599453,5.8687317817256845,2,Lost/Churned
16858,369,10,4668.28,5.91350300563827,2.3978952727983707,8.4487601631878,1,Big Spenders
16859,145,7,1932.41,4.983606621708336,2.0794415416798357,7.567040562252569,1,Big Spenders
16860,453,3,1610.62,6.118097198041348,1.3862943611198906,7.38499516326749,4,At Risk
16861,60,5,946.59,4.110873864173311,1.791759469228055,6.8539219192530085,4,At Risk
16862,547,4,662.33,6.306275286948016,1.6094379124341003,6.497272603912174,4,At Risk
16863,31,3,998.52,3.4657359027997265,1.3862943611198906,6.907275163745259,0,New/Occasional
16864,434,2,409.25,6.075346031088684,1.0986122886681098,6.0167667299702,2,Lost/Churned
16865,402,1,130.95,5.998936561946683,0.6931471805599453,4.882423062949333,2,Lost/Churned
16866,141,3,207.74,4.955827057601261,1.3862943611198906,5.341089458391906,2,Lost/Churned
16867,690,1,76.74000000000001,6.53813982376767,0.6931471805599453,4.353369925424078,2,Lost/Churned
16868,394,3,393.39,5.978885764901122,1.3862943611198906,5.977340267437464,4,At Risk
16869,23,4,825.4200000000001,3.1780538303479458,1.6094379124341003,6.717103118867857,0,New/Occasional
16870,469,1,450.16,6.152732694704104,0.6931471805599453,6.111822043771716,2,Lost/Churned
16871,22,6,2812.34,3.1354942159291497,1.9459101490553132,7.942127668587332,3,Loyal Customers
16872,77,6,1213.13,4.356708826689592,1.9459101490553132,7.101783049906128,1,Big Spenders
16873,5,12,14617.39,1.791759469228055,2.5649493574615367,9.590035604120759,5,Champions
16874,379,1,217.74,5.940171252720432,0.6931471805599453,5.38788380990708,2,Lost/Churned
16875,67,11,4234.53,4.219507705176107,2.4849066497880004,8.351263746835542,1,Big Spenders
16876,404,1,136.01,6.003887067106539,0.6931471805599453,4.920053915865017,2,Lost/Churned
16877,12,6,853.72,2.5649493574615367,1.9459101490553132,6.750773929921596,3,Loyal Customers
16878,84,1,13.3,4.442651256490317,0.6931471805599453,2.6602595372658615,2,Lost/Churned
16880,31,8,1840.86,3.4657359027997265,2.1972245773362196,7.518531209583671,1,Big Spenders
16881,67,1,432.0,4.219507705176107,0.6931471805599453,6.07073772800249,0,New/Occasional
16882,67,3,705.12,4.219507705176107,1.3862943611198906,6.559785194721083,0,New/Occasional
16883,187,19,2396.59,5.236441962829949,2.995732273553991,7.782219345156252,1,Big Spenders
16884,38,4,1073.92,3.6635616461296463,1.6094379124341003,6.98000151918791,0,New/Occasional
16885,15,4,710.74,2.772588722239781,1.6094379124341003,6.567712676182383,3,Loyal Customers
16886,456,1,134.0,6.124683390894205,0.6931471805599453,4.90527477843843,2,Lost/Churned
16887,35,3,660.72,3.58351893845611,1.3862943611198906,6.4948425057388155,0,New/Occasional
16888,401,3,437.15,5.996452088619021,1.3862943611198906,6.08256131750186,4,At Risk
16889,195,6,2530.9,5.278114659230517,1.9459101490553132,7.8367252880133655,1,Big Spenders
16890,477,3,285.41,6.169610732491456,1.3862943611198906,5.657424350678052,2,Lost/Churned
16891,2,11,2056.82,1.0986122886681098,2.4849066497880004,7.629402449011984,3,Loyal Customers
16892,1,7,762.1,0.6931471805599453,2.0794415416798357,6.637389084295587,3,Loyal Customers
16893,367,2,401.77,5.908082938168931,1.0986122886681098,5.998365679421281,2,Lost/Churned
16894,502,3,1324.06,6.220590170099739,1.3862943611198906,7.189213020413946,4,At Risk
16895,65,5,1121.42,4.189654742026425,1.791759469228055,7.023242347588869,4,At Risk
16896,555,1,103.95,6.320768294250582,0.6931471805599453,4.653484046266642,2,Lost/Churned
16897,299,2,289.78,5.703782474656201,1.0986122886681098,5.672566967503279,2,Lost/Churned
16898,26,5,1016.37,3.295836866004329,1.791759469228055,6.924976145026455,3,Loyal Customers
16899,8,8,1721.02,2.1972245773362196,2.1972245773362196,7.4512532993220875,3,Loyal Customers
16900,17,3,887.11,2.8903717578961645,1.3862943611198906,6.789095609194309,0,New/Occasional
16901,729,1,204.26,6.593044534142437,0.6931471805599453,5.324277468217568,2,Lost/Churned
16902,116,1,1706.88,4.762173934797756,0.6931471805599453,7.443008114269093,4,At Risk
16903,29,3,1062.28,3.4011973816621555,1.3862943611198906,6.9691137491130775,0,New/Occasional
16904,4,21,5132.37,1.6094379124341003,3.091042453358316,8.543517642565243,5,Champions
16905,5,17,5034.15,1.791759469228055,2.8903717578961645,8.524198596168688,5,Champions
16906,82,7,1448.8,4.418840607796598,2.0794415416798357,7.279180894866777,1,Big Spenders
16907,29,9,1707.9,3.4011973816621555,2.302585092994046,7.443605167652863,1,Big Spenders
16908,722,1,252.59,6.583409222158765,0.6931471805599453,5.535718789608946,2,Lost/Churned
16909,72,1,379.14,4.290459441148391,0.6931471805599453,5.940539605922692,0,New/Occasional
16910,4,8,1510.06,1.6094379124341003,2.1972245773362196,7.320566670286484,3,Loyal Customers
16911,636,2,255.25,6.456769655572163,1.0986122886681098,5.546153530452618,2,Lost/Churned
16912,29,15,4480.31,3.4011973816621555,2.772588722239781,8.407670693379636,1,Big Spenders
16913,290,3,423.91,5.673323267171493,1.3862943611198906,6.051877381793223,4,At Risk
16914,36,1,208.46,3.6109179126442243,0.6931471805599453,5.344532790344999,0,New/Occasional
16915,9,11,1543.18,2.302585092994046,2.4849066497880004,7.342248304100646,3,Loyal Customers
16916,24,4,1123.4,3.2188758248682006,1.6094379124341003,7.025004839032377,3,Loyal Customers
16917,277,2,1857.83,5.627621113690637,1.0986122886681098,7.5277025365253865,4,At Risk
16918,50,16,3213.29,3.9318256327243257,2.833213344056216,8.075361772469643,1,Big Spenders
16919,156,24,5125.91,5.056245805348308,3.2188758248682006,8.542258417504407,1,Big Spenders
16920,411,1,355.45,6.021023349349527,0.6931471805599453,5.876193977563638,2,Lost/Churned
16921,61,3,446.67,4.127134385045092,1.3862943611198906,6.104056353843788,0,New/Occasional
16922,573,1,611.08,6.352629396319567,0.6931471805599453,6.416862992923597,2,Lost/Churned
16923,12,32,13378.36,2.5649493574615367,3.4965075614664802,9.501468499952257,5,Champions
16924,21,3,846.75,3.091042453358316,1.3862943611198906,6.742585781005748,0,New/Occasional
16925,540,1,125.65,6.293419278846481,0.6931471805599453,4.841427376447684,2,Lost/Churned
16926,371,5,1421.35,5.918893854273146,1.791759469228055,7.2600657122857815,4,At Risk
16927,116,3,543.05,4.762173934797756,1.3862943611198906,6.299041154397021,4,At Risk
16928,80,29,4113.23,4.394449154672439,3.4011973816621555,8.322206975310369,1,Big Spenders
16929,4,7,1295.39,1.6094379124341003,2.0794415416798357,7.167338757569021,3,Loyal Customers
16930,26,3,380.55,3.295836866004329,1.3862943611198906,5.944241903735643,0,New/Occasional
16931,5,23,5233.62,1.791759469228055,3.1780538303479458,8.563049532322315,5,Champions
16932,53,3,440.71,3.9889840465642745,1.3862943611198906,6.090653558146974,0,New/Occasional
16933,1,9,3181.25,0.6931471805599453,2.302585092994046,8.065343772750545,3,Loyal Customers
16934,55,6,2110.9900000000002,4.02535169073515,1.9459101490553132,7.655385909966458,1,Big Spenders
16935,382,3,535.1,5.948034989180646,1.3862943611198906,6.284320710833492,4,At Risk
16936,26,2,551.17,3.295836866004329,1.0986122886681098,6.313855969878249,0,New/Occasional
16937,499,1,202.1,6.214608098422191,0.6931471805599453,5.313698468586339,2,Lost/Churned
16938,9,9,7043.18,2.302585092994046,2.302585092994046,8.8599570229523,3,Loyal Customers
16939,489,3,449.0,6.194405391104672,1.3862943611198906,6.1092475827643655,4,At Risk
16940,52,8,6427.66,3.970291913552122,2.1972245773362196,8.768521397380008,1,Big Spenders
16941,612,1,33.0,6.418364935936212,0.6931471805599453,3.5263605246161616,2,Lost/Churned
16942,13,9,1920.59,2.6390573296152584,2.302585092994046,7.560908247315509,3,Loyal Customers
16943,212,5,1299.49,5.3612921657094255,1.791759469228055,7.170496395508893,4,At Risk
16944,610,1,101.36,6.415096959171596,0.6931471805599453,4.628496011291588,2,Lost/Churned
16945,22,33,8548.16,3.1354942159291497,3.5263605246161616,9.053588311490355,5,Champions
16946,383,5,1222.04,5.950642552587727,1.791759469228055,7.109094841611854,4,At Risk
16947,236,5,955.21,5.4680601411351315,1.791759469228055,6.8629775542004845,4,At Risk
16948,139,7,868.77,4.941642422609304,2.0794415416798357,6.768228808881206,4,At Risk
16949,4,6,1286.27,1.6094379124341003,1.9459101490553132,7.160278975803028,3,Loyal Customers
16950,57,10,3784.37,4.060443010546419,2.3978952727983707,8.238898915387173,1,Big Spenders
16951,135,3,1277.75,4.912654885736052,1.3862943611198906,7.153638317265837,4,At Risk
16952,109,5,798.78,4.700480365792417,1.791759469228055,6.684336689848494,4,At Risk
16953,30,1,20.8,3.4339872044851463,0.6931471805599453,3.0819099697950434,0,New/Occasional
16954,1,20,6081.88,0.6931471805599453,3.044522437723423,8.713233547017788,5,Champions
16955,185,6,1309.41,5.225746673713202,1.9459101490553132,7.1780953443273185,4,At Risk
16956,18,1,308.74,2.9444389791664403,0.6931471805599453,5.735733235888028,0,New/Occasional
16957,239,2,416.64,5.480638923341991,1.0986122886681098,6.03461981742191,2,Lost/Churned
16958,435,1,809.44,6.077642243349034,0.6931471805599453,6.697577310057951,4,At Risk
16959,87,1,117.35000000000001,4.477336814478207,0.6931471805599453,4.773646335959993,2,Lost/Churned
16960,39,8,2043.43,3.6888794541139363,2.1972245773362196,7.622874301018507,1,Big Spenders
16961,116,3,794.56,4.762173934797756,1.3862943611198906,6.679046269195045,4,At Risk
16962,410,1,251.04,6.018593214496234,0.6931471805599453,5.529587805073855,2,Lost/Churned
16963,187,1,110.55000000000001,5.236441962829949,0.6931471805599453,4.714472920878541,2,Lost/Churned
16964,733,2,207.85,6.598509028614515,1.0986122886681098,5.341616290943184,2,Lost/Churned
16965,227,1,201.19,5.429345628954441,0.6931471805599453,5.309207849379209,2,Lost/Churned
16966,8,7,2154.97,2.1972245773362196,2.0794415416798357,7.675996017275306,3,Loyal Customers
16967,189,1,319.02,5.247024072160486,0.6931471805599453,5.768383493840728,2,Lost/Churned
16968,4,2,439.43,1.6094379124341003,1.0986122886681098,6.087751522419478,0,New/Occasional
16969,39,3,650.41,3.6888794541139363,1.3862943611198906,6.479139244274806,0,New/Occasional
16970,626,1,71.4,6.440946540632921,0.6931471805599453,4.282206299391671,2,Lost/Churned
16971,38,1,357.21,3.6635616461296463,0.6931471805599453,5.881119406601529,0,New/Occasional
16972,383,2,786.25,5.950642552587727,1.0986122886681098,6.668545859981134,4,At Risk
16973,386,1,127.0,5.958424693029782,0.6931471805599453,4.852030263919617,2,Lost/Churned
16974,523,2,365.5,6.261491684321042,1.0986122886681098,5.903998521326706,2,Lost/Churned
16975,423,3,926.12,6.049733455231958,1.3862943611198906,6.832083007026135,4,At Risk
16976,267,1,251.51999999999998,5.5909869805108565,0.6931471805599453,5.5314904534994245,2,Lost/Churned
16977,395,4,496.0,5.981414211254481,1.6094379124341003,6.208590026096629,4,At Risk
16978,78,3,768.88,4.3694478524670215,1.3862943611198906,6.646234658546923,4,At Risk
16979,4,9,2859.74,1.6094379124341003,2.302585092994046,7.958835611604893,3,Loyal Customers
16980,255,3,1473.33,5.545177444479562,1.3862943611198906,7.295958928288775,4,At Risk
16982,61,1,384.06,4.127134385045092,0.6931471805599453,5.95339916630119,0,New/Occasional
16983,13,11,3710.2200000000003,2.6390573296152584,2.4849066497880004,8.21911594251549,3,Loyal Customers
16984,88,9,10754.8,4.48863636973214,2.302585092994046,9.283200422942915,1,Big Spenders
16985,17,23,10923.16,2.8903717578961645,3.1780538303479458,9.298732129135914,5,Champions
16986,30,11,4888.75,3.4339872044851463,2.4849066497880004,8.494896456417628,1,Big Spenders
16987,3,11,2535.9,1.3862943611198906,2.4849066497880004,7.838698142188607,3,Loyal Customers
16988,5,2,382.67,1.791759469228055,1.0986122886681098,5.949782808113339,0,New/Occasional
16989,7,6,1133.25,2.0794415416798357,1.9459101490553132,7.033726918544073,3,Loyal Customers
16990,219,2,344.0,5.393627546352362,1.0986122886681098,5.84354441703136,2,Lost/Churned
16991,421,1,1041.21,6.045005314036012,0.6931471805599453,6.949098737516397,4,At Risk
16992,11,13,5476.5,2.4849066497880004,2.6390573296152584,8.608404071469621,5,Champions
16993,464,2,1950.95,6.142037405587356,1.0986122886681098,7.576584151890876,4,At Risk
16996,30,9,2123.61,3.4339872044851463,2.302585092994046,7.661343535103169,1,Big Spenders
16997,288,3,702.0,5.666426688112432,1.3862943611198906,6.555356891810665,4,At Risk
16998,150,5,402.0,5.017279836814924,1.791759469228055,5.998936561946683,4,At Risk
16999,23,2,484.82,3.1780538303479458,1.0986122886681098,6.185838184926078,0,New/Occasional
17000,396,2,406.3,5.983936280687191,1.0986122886681098,6.009550014654367,2,Lost/Churned
17001,1,19,6640.8,0.6931471805599453,2.995732273553991,8.801138290071108,5,Champions
17002,86,7,2571.55,4.465908118654584,2.0794415416798357,7.852652903865288,1,Big Spenders
17003,402,4,830.16,5.998936561946683,1.6094379124341003,6.72282231543168,4,At Risk
17004,46,4,2425.16,3.8501476017100584,1.6094379124341003,7.794065039513912,1,Big Spenders
17005,471,2,742.36,6.156978985585555,1.0986122886681098,6.6111804495820445,4,At Risk
17006,5,8,1636.32,1.791759469228055,2.1972245773362196,7.400816037803236,3,Loyal Customers
17007,51,7,1120.1000000000001,3.9512437185814275,2.0794415416798357,7.022065625159548,1,Big Spenders
17008,429,1,81.36,6.063785208687608,0.6931471805599453,4.411099882159589,2,Lost/Churned
17009,551,1,242.06,6.313548046277095,0.6931471805599453,5.493308326442654,2,Lost/Churned
17010,18,1,195.36,2.9444389791664403,0.6931471805599453,5.279949709189852,0,New/Occasional
17011,30,3,671.7,3.4339872044851463,1.3862943611198906,6.51129946503156,0,New/Occasional
17012,725,1,384.16,6.587550014824796,0.6931471805599453,5.953658832372083,2,Lost/Churned
17014,8,3,586.33,2.1972245773362196,1.3862943611198906,6.3755868424430115,0,New/Occasional
17015,29,3,1842.56,3.4011973816621555,1.3862943611198906,7.519453763930569,3,Loyal Customers
17016,577,1,552.4,6.359573868672378,0.6931471805599453,6.316081067352825,2,Lost/Churned
17017,3,29,14110.61,1.3862943611198906,3.4011973816621555,9.554753141810268,5,Champions
17018,41,6,2287.7,3.7376696182833684,1.9459101490553132,7.735739249764293,1,Big Spenders
17019,11,11,4012.2,2.4849066497880004,2.4849066497880004,8.297344207051458,3,Loyal Customers
17020,542,2,935.62,6.297109319933935,1.0986122886681098,6.842277650354465,4,At Risk
17021,442,6,1182.22,6.093569770045136,1.9459101490553132,7.07599481456678,4,At Risk
17022,31,2,260.0,3.4657359027997265,1.0986122886681098,5.564520407322694,0,New/Occasional
17023,417,3,800.1800000000001,6.035481432524756,1.3862943611198906,6.6860856409239275,4,At Risk
17024,45,3,95.85,3.828641396489095,1.3862943611198906,4.573163389853005,0,New/Occasional
17025,61,5,1510.64,4.127134385045092,1.791759469228055,7.320950433152212,1,Big Spenders
17026,185,3,208.98000000000002,5.225746673713202,1.3862943611198906,5.347012288086796,2,Lost/Churned
17027,79,9,1327.11,4.382026634673881,2.302585092994046,7.1915121579313555,1,Big Spenders
17028,581,3,1593.83,6.366470447731438,1.3862943611198906,7.3745224264664655,4,At Risk
17029,111,7,2137.3,4.718498871295094,2.0794415416798357,7.66776639979559,1,Big Spenders
17030,64,1,146.87,4.174387269895637,0.6931471805599453,4.996333509385396,0,New/Occasional
17031,12,6,2773.85,2.5649493574615367,1.9459101490553132,7.928351970665508,3,Loyal Customers
17032,548,8,3004.6,6.3080984415095305,2.1972245773362196,8.00823249425976,4,At Risk
17033,86,4,1332.79,4.465908118654584,1.6094379124341003,7.195779792794182,4,At Risk
17034,16,5,1283.92,2.833213344056216,1.791759469228055,7.158451738581946,3,Loyal Customers
17035,246,4,613.59,5.5093883366279774,1.6094379124341003,6.420955378818814,4,At Risk
17036,383,1,176.9,5.950642552587727,0.6931471805599453,5.18122159467179,2,Lost/Churned
17037,88,1,1267.32,4.48863636973214,0.6931471805599453,7.145448469088846,0,New/Occasional
17038,30,2,743.17,3.4339872044851463,1.0986122886681098,6.612269503355827,0,New/Occasional
17039,604,1,1954.99,6.405228458030842,0.6931471805599453,7.578651738107256,4,At Risk
17040,138,2,463.25,4.9344739331306915,1.0986122886681098,6.140423200232815,4,At Risk
17041,27,6,1686.28,3.332204510175204,1.9459101490553132,7.430873043877359,3,Loyal Customers
17042,3,5,1044.38,1.3862943611198906,1.791759469228055,6.952135734662869,3,Loyal Customers
17043,32,8,2616.55,3.4965075614664802,2.1972245773362196,7.869994044759,1,Big Spenders
17044,25,12,11962.300000000001,3.258096538021482,2.5649493574615367,9.389598909178215,1,Big Spenders
17045,113,5,827.6800000000001,4.736198448394496,1.791759469228055,6.7198340733776885,4,At Risk
17046,157,5,1906.07,5.062595033026967,1.791759469228055,7.5533233117961665,4,At Risk
17047,85,6,2289.23,4.454347296253507,1.9459101490553132,7.736407528186082,1,Big Spenders
17048,118,7,2071.68,4.77912349311153,2.0794415416798357,7.636597734866534,1,Big Spenders
17049,3,19,9947.48,1.3862943611198906,2.995732273553991,9.205175054663963,5,Champions
17050,96,11,4691.79,4.574710978503383,2.4849066497880004,8.453782567296948,1,Big Spenders
17051,194,4,714.39,5.272999558563747,1.6094379124341003,6.572827848533204,4,At Risk
17052,28,1,413.75,3.367295829986474,0.6931471805599453,6.027675929070554,0,New/Occasional
17053,131,1,498.48,4.882801922586371,0.6931471805599453,6.213567557246944,2,Lost/Churned
17054,28,5,1356.33,3.367295829986474,1.791759469228055,7.213274813763555,3,Loyal Customers
17055,446,1,239.55,6.102558594613569,0.6931471805599453,5.482927968145463,2,Lost/Churned
17056,738,1,128.60000000000002,6.6052979209482015,0.6931471805599453,4.864452783918175,2,Lost/Churned
17057,596,1,294.74,6.391917113392602,0.6931471805599453,5.689480689945341,2,Lost/Churned
17058,82,3,1179.89,4.418840607796598,1.3862943611198906,7.074023670453844,4,At Risk
17059,30,9,5602.53,3.4339872044851463,2.302585092994046,8.631152035274486,1,Big Spenders
17060,266,1,234.24,5.58724865840025,0.6931471805599453,5.460606269591755,2,Lost/Churned
17061,74,11,5232.2300000000005,4.31748811353631,2.4849066497880004,8.56278395725042,1,Big Spenders
17062,314,6,1208.22,5.752572638825633,1.9459101490553132,7.097730802629586,4,At Risk
17063,21,13,3638.53,3.091042453358316,2.6390573296152584,8.199609831414847,1,Big Spenders
17064,59,3,859.35,4.0943445622221,1.3862943611198906,6.757339283199166,0,New/Occasional
17065,638,2,194.7,6.459904454377535,1.0986122886681098,5.27658287440203,2,Lost/Churned
17066,726,1,228.34,6.588926477533519,0.6931471805599453,5.4352056186101585,2,Lost/Churned
17067,725,3,454.54,6.587550014824796,1.3862943611198906,6.121483528431717,4,At Risk
17068,12,47,9161.08,2.5649493574615367,3.871201010907891,9.122828506126531,5,Champions
17069,28,14,5794.28,3.367295829986474,2.70805020110221,8.664799072121697,1,Big Spenders
17070,114,2,445.32,4.74493212836325,1.0986122886681098,6.101036183537273,0,New/Occasional
17071,28,13,3801.2000000000003,3.367295829986474,2.6390573296152584,8.243335125557527,1,Big Spenders
17072,625,1,282.05,6.439350371100098,0.6931471805599453,5.645623560482669,2,Lost/Churned
17073,18,4,1446.09,2.9444389791664403,1.6094379124341003,7.277309922347601,3,Loyal Customers
17074,563,1,203.05,6.335054251498059,0.6931471805599453,5.318365061851814,2,Lost/Churned
17075,18,10,2241.73,2.9444389791664403,2.3978952727983707,7.715449152776177,3,Loyal Customers
17076,36,6,1242.75,3.6109179126442243,1.9459101490553132,7.1258862884728025,3,Loyal Customers
17077,578,1,306.0,6.361302477572996,0.6931471805599453,5.726847747587197,2,Lost/Churned
17078,36,2,378.2,3.6109179126442243,1.0986122886681098,5.938063770380866,0,New/Occasional
17079,78,1,118.80000000000001,4.3694478524670215,0.6931471805599453,4.785823685681349,2,Lost/Churned
17080,22,7,957.53,3.1354942159291497,2.0794415416798357,6.865400860900437,3,Loyal Customers
17081,25,6,964.39,3.258096538021482,1.9459101490553132,6.872532164772081,3,Loyal Customers
17082,33,6,4732.03,3.5263605246161616,1.9459101490553132,8.4623208683607,1,Big Spenders
17083,109,9,4049.79,4.700480365792417,2.302585092994046,8.306667202806915,1,Big Spenders
17084,35,3,5202.97,3.58351893845611,1.3862943611198906,8.557177074819469,1,Big Spenders
17085,123,28,7891.41,4.820281565605037,3.367295829986474,8.973656817136215,1,Big Spenders
17086,7,6,2050.08,2.0794415416798357,1.9459101490553132,7.626121762674929,3,Loyal Customers
17087,738,1,221.53,6.6052979209482015,0.6931471805599453,5.405061923978025,2,Lost/Churned
17088,28,4,1991.01,3.367295829986474,1.6094379124341003,7.596899458212264,3,Loyal Customers
17089,386,1,128.45,5.958424693029782,0.6931471805599453,4.8632947061975464,2,Lost/Churned
17090,4,13,3149.48,1.6094379124341003,2.6390573296152584,8.055310101163261,3,Loyal Customers
17091,3,19,7811.1,1.3862943611198906,2.995732273553991,8.963429092733893,5,Champions
17092,50,11,5594.96,3.9318256327243257,2.4849066497880004,8.629800187796995,1,Big Spenders
17093,593,1,235.88,6.386879319362645,0.6931471805599453,5.467553683793335,2,Lost/Churned
17094,322,2,402.20000000000005,5.777652323222656,1.0986122886681098,5.999432716757159,2,Lost/Churned
17095,23,7,2572.25,3.1780538303479458,2.0794415416798357,7.852924970406669,3,Loyal Customers
17096,15,11,3759.1800000000003,2.772588722239781,2.4849066497880004,8.232222107578522,3,Loyal Customers
17097,2,9,1340.45,1.0986122886681098,2.302585092994046,7.2015063974602995,3,Loyal Customers
17098,382,3,591.07,5.948034989180646,1.3862943611198906,6.383624871137068,4,At Risk
17099,533,1,582.17,6.280395838960195,0.6931471805599453,6.368478739042131,2,Lost/Churned
17100,18,2,971.74,2.9444389791664403,1.0986122886681098,6.880116831678181,0,New/Occasional
17101,10,7,2507.05,2.3978952727983707,2.0794415416798357,7.827260837758234,3,Loyal Customers
17102,262,1,25.5,5.572154032177765,0.6931471805599453,3.2771447329921766,2,Lost/Churned
17103,722,1,424.3,6.583409222158765,0.6931471805599453,6.052794802259588,2,Lost/Churned
17104,424,1,474.03000000000003,6.052089168924417,0.6931471805599453,6.163377959935002,2,Lost/Churned
17105,159,2,665.78,5.075173815233827,1.0986122886681098,6.50246015642561,4,At Risk
17106,389,1,491.23,5.966146739123692,0.6931471805599453,6.198946086932524,2,Lost/Churned
17107,33,10,16075.42,3.5263605246161616,2.3978952727983707,9.685108881129782,1,Big Spenders
17108,664,1,174.95,6.499787040655854,0.6931471805599453,5.170199863767594,2,Lost/Churned
17109,29,8,1295.46,3.4011973816621555,2.1972245773362196,7.167392752208138,3,Loyal Customers
17110,165,3,510.7,5.111987788356544,1.3862943611198906,6.237738515811046,4,At Risk
17111,47,2,476.58,3.871201010907891,1.0986122886681098,6.168731685154665,0,New/Occasional
17112,503,1,205.17000000000002,6.222576268071369,0.6931471805599453,5.3287010711824765,2,Lost/Churned
17113,574,6,2322.59,6.354370040797351,1.9459101490553132,7.750868682442393,4,At Risk
17114,6,8,808.62,1.9459101490553132,2.1972245773362196,6.696565001785386,3,Loyal Customers
17115,8,7,2761.4900000000002,2.1972245773362196,2.0794415416798357,7.923887725909954,3,Loyal Customers
17116,648,1,389.78,6.47543271670409,0.6931471805599453,5.968144741786365,2,Lost/Churned
17117,288,1,116.2,5.666426688112432,0.6931471805599453,4.763881877142913,2,Lost/Churned
17118,318,1,157.02,5.765191102784844,0.6931471805599453,5.062721607294587,2,Lost/Churned
17119,3,2,606.91,1.3862943611198906,1.0986122886681098,6.410026844693401,0,New/Occasional
17120,233,1,307.46,5.455321115357702,0.6931471805599453,5.731592175295468,2,Lost/Churned
17121,403,1,314.74,6.0014148779611505,0.6931471805599453,5.754919090103581,2,Lost/Churned
17122,119,4,570.5,4.787491742782046,1.6094379124341003,6.348264483234865,4,At Risk
17123,162,3,977.1700000000001,5.093750200806762,1.3862943611198906,6.885683479060033,4,At Risk
17124,185,1,298.89,5.225746673713202,0.6931471805599453,5.703415740750875,2,Lost/Churned
17125,50,1,259.35,3.9318256327243257,0.6931471805599453,5.562026879608908,0,New/Occasional
17126,152,9,2070.44,5.030437921392435,2.302585092994046,7.635999296579512,1,Big Spenders
17127,429,5,1155.0300000000002,6.063785208687608,1.791759469228055,7.052747000452681,4,At Risk
17128,335,1,157.09,5.817111159963204,0.6931471805599453,5.063164491108096,2,Lost/Churned
17129,520,1,31.85,6.255750041753367,0.6931471805599453,3.4919517449306197,2,Lost/Churned
17131,5,5,2463.17,1.791759469228055,1.791759469228055,7.8096103157799615,3,Loyal Customers
17132,452,2,1272.8,6.115892125483034,1.0986122886681098,7.149759837937266,4,At Risk
17133,16,12,14622.33,2.833213344056216,2.5649493574615367,9.590373477545919,5,Champions
17134,107,3,637.1,4.68213122712422,1.3862943611198906,6.458495010874302,4,At Risk
17135,16,10,1954.16,2.833213344056216,2.3978952727983707,7.578227310502864,3,Loyal Customers
17136,662,1,231.68,6.4967749901858625,0.6931471805599453,5.449664119042561,2,Lost/Churned
17137,416,6,1133.63,6.0330862217988015,1.9459101490553132,7.034061885579398,4,At Risk
17138,276,7,4417.27,5.6240175061873385,2.0794415416798357,8.393503495738775,1,Big Spenders
17139,16,25,19584.46,2.833213344056216,3.258096538021482,9.882542733186886,5,Champions
17140,247,1,465.32,5.5134287461649825,0.6931471805599453,6.144872093737295,2,Lost/Churned
17141,418,4,754.33,6.037870919922137,1.6094379124341003,6.627154739847439,4,At Risk
17142,239,4,1283.75,5.480638923341991,1.6094379124341003,7.158319425872339,4,At Risk
17143,417,2,924.11,6.035481432524756,1.0986122886681098,6.82991264936105,4,At Risk
17144,1,2,984.57,0.6931471805599453,1.0986122886681098,6.893220154004312,3,Loyal Customers
17145,513,4,3120.91,6.2422232654551655,1.6094379124341003,8.046200272985285,4,At Risk
17146,106,13,5860.24,4.672828834461906,2.6390573296152584,8.676116464281632,1,Big Spenders
17147,23,9,3199.95,3.1780538303479458,2.302585092994046,8.071202919729155,1,Big Spenders
17148,52,1,124.88,3.970291913552122,0.6931471805599453,4.835329072196206,0,New/Occasional
17149,451,1,143.10000000000002,6.113682179832232,0.6931471805599453,4.970507503005477,2,Lost/Churned
17150,377,6,1375.65,5.934894195619588,1.9459101490553132,7.227408290676154,4,At Risk
17151,735,1,231.90000000000003,6.601230118728877,0.6931471805599453,5.450609176890295,2,Lost/Churned
17152,195,4,2016.5,5.278114659230517,1.6094379124341003,7.609614400144104,4,At Risk
17153,24,1,213.78,3.2188758248682006,0.6931471805599453,5.369614248430071,0,New/Occasional
17154,75,1,329.34,4.330733340286331,0.6931471805599453,5.800122427092944,0,New/Occasional
17155,18,7,892.46,2.9444389791664403,2.0794415416798357,6.795101565830168,3,Loyal Customers
17156,492,1,591.87,6.20050917404269,0.6931471805599453,6.384975150681265,2,Lost/Churned
17157,8,19,5151.900000000001,2.1972245773362196,2.995732273553991,8.547314941968759,5,Champions
17158,32,5,1980.0,3.4965075614664802,1.791759469228055,7.591357046698551,3,Loyal Customers
17159,22,5,2099.59,3.1354942159291497,1.791759469228055,7.6499735366327375,3,Loyal Customers
17160,31,17,10209.16,3.4657359027997265,2.8903717578961645,9.231138581946796,5,Champions
17161,444,1,856.01,6.09807428216624,0.6931471805599453,6.753449587141137,4,At Risk
17162,29,10,1715.46,3.4011973816621555,2.3978952727983707,7.448019309392898,1,Big Spenders
17163,22,4,699.78,3.1354942159291497,1.6094379124341003,6.552194000402157,0,New/Occasional
17164,33,7,2467.35,3.5263605246161616,2.0794415416798357,7.811305190205457,1,Big Spenders
17165,284,6,1794.32,5.652489180268651,1.9459101490553132,7.492938558014141,4,At Risk
17166,39,2,206.34,3.6888794541139363,1.0986122886681098,5.334359957894966,0,New/Occasional
17167,380,3,867.11,5.942799375126701,1.3862943611198906,6.7663184347416205,4,At Risk
17168,499,1,400.2,6.214608098422191,0.6931471805599453,5.994460056087781,2,Lost/Churned
17169,58,3,1156.73,4.07753744390572,1.3862943611198906,7.054216470325016,0,New/Occasional
17170,374,2,178.68,5.926926025970411,1.0986122886681098,5.191177490990133,2,Lost/Churned
17171,289,2,384.59000000000003,5.66988092298052,1.0986122886681098,5.95477462879015,2,Lost/Churned
17172,79,3,956.5699999999999,4.382026634673881,1.3862943611198906,6.864398825432219,4,At Risk
17173,5,8,3766.6,1.791759469228055,2.1972245773362196,8.234193472948663,3,Loyal Customers
17174,218,1,59.9,5.389071729816501,0.6931471805599453,4.109233174715851,2,Lost/Churned
17175,44,4,1443.69,3.8066624897703196,1.6094379124341003,7.275650044659092,3,Loyal Customers
17176,202,3,902.3199999999999,5.313205979041787,1.3862943611198906,6.8060768649491035,4,At Risk
17177,505,1,119.5,6.226536669287466,0.6931471805599453,4.791649752930709,2,Lost/Churned
17178,731,1,436.71000000000004,6.595780513961311,0.6931471805599453,6.08155659063452,2,Lost/Churned
17179,178,6,1507.26,5.187385805840755,1.9459101490553132,7.318711947499455,4,At Risk
17180,56,11,2256.98,4.04305126783455,2.4849066497880004,7.722225887274455,1,Big Spenders
17181,57,3,465.37,4.060443010546419,1.3862943611198906,6.144979310497521,0,New/Occasional
17182,423,2,321.3,6.049733455231958,1.0986122886681098,5.775482788821392,2,Lost/Churned
17183,8,6,3347.31,2.1972245773362196,1.9459101490553132,8.116211019915529,3,Loyal Customers
17184,569,2,198.41000000000003,6.345636360828596,1.0986122886681098,5.2953630067216,2,Lost/Churned
17185,592,3,229.46,6.385194398997726,1.3862943611198906,5.440077311585869,2,Lost/Churned
17186,47,2,144.0,3.871201010907891,1.0986122886681098,4.976733742420574,0,New/Occasional
17187,227,2,467.71,5.429345628954441,1.0986122886681098,6.149984240310191,4,At Risk
17188,11,13,4592.93,2.4849066497880004,2.6390573296152584,8.432491145866956,5,Champions
17189,106,5,957.63,4.672828834461906,1.791759469228055,6.865505181875307,4,At Risk
17190,59,7,1743.04,4.0943445622221,2.0794415416798357,7.46395953998572,1,Big Spenders
17191,28,15,4836.05,3.367295829986474,2.772588722239781,8.484060309755291,1,Big Spenders
17192,536,1,77.83,6.285998094508865,0.6931471805599453,4.367293635071817,2,Lost/Churned
17193,36,9,2310.04,3.6109179126442243,2.302585092994046,7.745452918649038,1,Big Spenders
17194,274,3,812.5,5.616771097666572,1.3862943611198906,6.7013459266590925,4,At Risk
17195,655,1,562.98,6.486160788944089,0.6931471805599453,6.335018789876395,2,Lost/Churned
17196,428,1,352.9,6.061456918928017,0.6931471805599453,5.869014387351418,2,Lost/Churned
17197,30,1,1013.01,3.4339872044851463,0.6931471805599453,6.921668046035439,0,New/Occasional
17198,24,3,1213.88,3.2188758248682006,1.3862943611198906,7.102400585464924,0,New/Occasional
17199,582,1,145.12,6.368187186350492,0.6931471805599453,4.984428201927082,2,Lost/Churned
17200,387,4,356.71,5.961005339623274,1.6094379124341003,5.879722602262234,4,At Risk
17201,54,4,1242.04,4.007333185232471,1.6094379124341003,7.125315271202111,4,At Risk
17202,421,1,160.65,6.045005314036012,0.6931471805599453,5.0854335041714425,2,Lost/Churned
17203,36,10,5575.88,3.6109179126442243,2.3978952727983707,8.626384759213467,1,Big Spenders
17204,175,9,5504.6900000000005,5.170483995038151,2.302585092994046,8.613537381901759,1,Big Spenders
17205,54,3,999.35,4.007333185232471,1.3862943611198906,6.908105217746425,0,New/Occasional
17206,53,1,204.24,3.9889840465642745,0.6931471805599453,5.324180026073764,0,New/Occasional
17207,652,1,303.21999999999997,6.481577129276431,0.6931471805599453,5.7177511238835965,2,Lost/Churned
17208,396,1,115.35,5.983936280687191,0.6931471805599453,4.756602889748301,2,Lost/Churned
17209,649,3,611.6,6.476972362889683,1.3862943611198906,6.417712194398675,4,At Risk
17210,393,1,253.37,5.976350909297934,0.6931471805599453,5.538789899984021,2,Lost/Churned
17211,27,13,4046.65,3.332204510175204,2.6390573296152584,8.305891744778615,1,Big Spenders
17212,253,3,794.41,5.537334267018537,1.3862943611198906,6.678857704985231,4,At Risk
17213,40,13,5182.3,3.713572066704308,2.6390573296152584,8.553197198050425,1,Big Spenders
17214,60,6,1069.1200000000001,4.110873864173311,1.9459101490553132,6.975526070700374,1,Big Spenders
17215,464,1,186.15,6.142037405587356,0.6931471805599453,5.231910434350438,2,Lost/Churned
17216,554,1,65.05,6.318968113746434,0.6931471805599453,4.190412030968334,2,Lost/Churned
17217,234,2,218.0,5.459585514144159,1.0986122886681098,5.389071729816501,2,Lost/Churned
17218,4,18,4192.68,1.6094379124341003,2.9444389791664403,8.341333909075471,5,Champions
17219,32,2,259.13,3.4965075614664802,1.0986122886681098,5.561181506057179,0,New/Occasional
17220,24,21,4481.75,3.2188758248682006,3.091042453358316,8.407991976372474,5,Champions
17221,7,5,978.52,2.0794415416798357,1.791759469228055,6.887062655757048,3,Loyal Customers
17222,65,6,1605.01,4.189654742026425,1.9459101490553132,7.381508121137384,1,Big Spenders
17223,310,3,873.53,5.739792912179234,1.3862943611198906,6.773686599187567,4,At Risk
17224,501,1,100.86000000000001,6.218600119691729,0.6931471805599453,4.623599321456458,2,Lost/Churned
17225,582,1,131.15,6.368187186350492,0.6931471805599453,4.883937641050299,2,Lost/Churned
17226,309,3,900.12,5.736572297479192,1.3862943611198906,6.803638434089568,4,At Risk
17227,19,12,2022.03,2.995732273553991,2.5649493574615367,7.612351666518986,3,Loyal Customers
17228,16,13,3177.24,2.833213344056216,2.6390573296152584,8.064082863439692,1,Big Spenders
17229,96,2,318.76,4.574710978503383,1.0986122886681098,5.767570714403068,0,New/Occasional
17230,264,18,9924.95,5.579729825986222,2.9444389791664403,9.202907818858858,1,Big Spenders
17231,12,25,7197.04,2.5649493574615367,3.258096538021482,8.88156404572273,5,Champions
17232,3,2,421.52,1.3862943611198906,1.0986122886681098,6.046236782954962,0,New/Occasional
17233,35,3,560.86,3.58351893845611,1.3862943611198906,6.331252708540276,0,New/Occasional
17234,183,1,149.89,5.214935757608986,0.6931471805599453,5.01655109452556,2,Lost/Churned
17235,25,8,1904.88,3.258096538021482,2.1972245773362196,7.552699123155541,3,Loyal Customers
17236,13,12,1929.26,2.6390573296152584,2.5649493574615367,7.5654099878515835,3,Loyal Customers
17237,11,4,1002.08,2.4849066497880004,1.6094379124341003,6.910830545499065,3,Loyal Customers
17238,3,32,7783.1,1.3862943611198906,3.4965075614664802,8.959838470648686,5,Champions
17239,313,4,1189.45,5.749392985908253,1.6094379124341003,7.082086665884911,4,At Risk
17240,596,1,130.60000000000002,6.391917113392602,0.6931471805599453,4.879767018891217,2,Lost/Churned
17241,385,12,2744.14,5.955837369464831,2.5649493574615367,7.917587354464576,1,Big Spenders
17242,108,5,2889.2799999999997,4.6913478822291435,1.791759469228055,7.9691086622265,1,Big Spenders
17243,1,69,20889.86,0.6931471805599453,4.248495242049359,9.947067021726209,5,Champions
17244,53,5,1826.04,3.9889840465642745,1.791759469228055,7.510452449953338,1,Big Spenders
17245,205,2,371.63,5.327876168789581,1.0986122886681098,5.920585970224212,2,Lost/Churned
17246,547,2,38.92,6.306275286948016,1.0986122886681098,3.686877451443263,2,Lost/Churned
17247,15,1,282.19,2.772588722239781,0.6931471805599453,5.646118050461663,0,New/Occasional
17248,120,2,546.16,4.795790545596741,1.0986122886681098,6.304741264221244,4,At Risk
17249,429,1,68.03,6.063785208687608,0.6931471805599453,4.234541192715384,2,Lost/Churned
17250,4,2,384.52,1.6094379124341003,1.0986122886681098,5.954593072332077,0,New/Occasional
17251,363,3,812.4300000000001,5.8971538676367405,1.3862943611198906,6.701259875015761,4,At Risk
17252,117,2,353.86,4.770684624465665,1.0986122886681098,5.871723345495433,0,New/Occasional
17253,18,1,178.26,2.9444389791664403,0.6931471805599453,5.188837265929216,0,New/Occasional
17254,5,3,470.73,1.791759469228055,1.3862943611198906,6.156406788013439,0,New/Occasional
17255,41,4,799.13,3.7376696182833684,1.6094379124341003,6.684774214466232,0,New/Occasional
17256,107,5,498.93,4.68213122712422,1.791759469228055,6.214468088621277,4,At Risk
17257,436,2,192.73,6.07993319509559,1.0986122886681098,5.266465437098854,2,Lost/Churned
17258,397,2,417.3,5.986452005284438,1.0986122886681098,6.036198878448153,2,Lost/Churned
17259,148,6,1889.34,5.003946305945459,1.9459101490553132,7.544511986054564,1,Big Spenders
17260,411,1,120.95,6.021023349349527,0.6931471805599453,4.80361112466193,2,Lost/Churned
17261,510,1,230.44,6.236369590203704,0.6931471805599453,5.44432066066788,2,Lost/Churned
17262,52,11,2757.62,3.970291913552122,2.4849066497880004,7.922485833669513,1,Big Spenders
17263,208,1,63.440000000000005,5.342334251964811,0.6931471805599453,4.165734558308774,2,Lost/Churned
17264,424,1,279.59,6.052089168924417,0.6931471805599453,5.636894529114569,2,Lost/Churned
17265,139,2,562.9,4.941642422609304,1.0986122886681098,6.334876930813136,4,At Risk
17266,2,5,517.73,1.0986122886681098,1.791759469228055,6.2513835165848075,3,Loyal Customers
17267,127,2,317.62,4.852030263919617,1.0986122886681098,5.763999170144749,2,Lost/Churned
17268,108,11,1733.8899999999999,4.6913478822291435,2.4849066497880004,7.458699289794689,1,Big Spenders
17269,386,1,537.46,5.958424693029782,0.6931471805599453,6.2887132134289745,2,Lost/Churned
17270,469,2,604.4,6.152732694704104,1.0986122886681098,6.405889396587618,4,At Risk
17271,736,1,210.39,6.602587892189336,0.6931471805599453,5.353704768627595,2,Lost/Churned
17272,42,4,2148.63,3.7612001156935624,1.6094379124341003,7.673051013288749,1,Big Spenders
17273,424,1,141.12,6.052089168924417,0.6931471805599453,4.956671771152826,2,Lost/Churned
17274,35,2,577.38,3.58351893845611,1.0986122886681098,6.360231092100106,0,New/Occasional
17275,383,1,114.52,5.950642552587727,0.6931471805599453,4.749443675144516,2,Lost/Churned
17276,402,1,508.39,5.998936561946683,0.6931471805599453,6.2332139314143085,2,Lost/Churned
17277,228,2,1065.3500000000001,5.43372200355424,1.0986122886681098,6.9719968810436015,4,At Risk
17278,241,2,271.24,5.488937726156687,1.0986122886681098,5.606684030192651,2,Lost/Churned
17279,58,1,187.82999999999998,4.07753744390572,0.6931471805599453,5.240847139393487,0,New/Occasional
17280,438,1,118.86,6.0844994130751715,0.6931471805599453,4.786324395030039,2,Lost/Churned
17281,374,6,797.85,5.926926025970411,1.9459101490553132,6.68317319347358,4,At Risk
17282,130,5,2339.66,4.875197323201151,1.791759469228055,7.758188219864813,1,Big Spenders
17283,379,1,188.46,5.940171252720432,0.6931471805599453,5.244177920447388,2,Lost/Churned
17284,60,8,2793.16,4.110873864173311,2.1972245773362196,7.935286803746374,1,Big Spenders
17285,628,2,428.34,6.444131256700441,1.0986122886681098,6.062249145825942,2,Lost/Churned
17286,22,3,395.48,3.1354942159291497,1.3862943611198906,5.9826255984407775,0,New/Occasional
17287,26,21,4111.96,3.295836866004329,3.091042453358316,8.321898242921767,5,Champions
17288,9,11,2499.98,2.302585092994046,2.4849066497880004,7.824437934044365,3,Loyal Customers
17289,32,9,2079.39,3.4965075614664802,2.302585092994046,7.6403106551194355,1,Big Spenders
17290,4,8,1501.44,1.6094379124341003,2.1972245773362196,7.314845732167742,3,Loyal Customers
17291,308,1,550.8000000000001,5.733341276897746,0.6931471805599453,6.313185661783185,2,Lost/Churned
17292,472,2,271.75,6.159095388491933,1.0986122886681098,5.60855562471318,2,Lost/Churned
17293,8,17,3774.23,2.1972245773362196,2.8903717578961645,8.23621658697946,5,Champions
17294,669,2,467.79,6.507277712385012,1.0986122886681098,6.1501549069772725,2,Lost/Churned
17295,29,3,556.95,3.4011973816621555,1.3862943611198906,6.324269352631711,0,New/Occasional
17296,730,1,338.13,6.594413459749778,0.6931471805599453,5.826383514696429,2,Lost/Churned
17297,17,1,131.78,2.8903717578961645,0.6931471805599453,4.888693623291013,0,New/Occasional
17298,101,5,957.5600000000001,4.624972813284271,1.791759469228055,6.865432158335615,4,At Risk
17299,12,6,1016.08,2.5649493574615367,1.9459101490553132,6.924691055688339,3,Loyal Customers
17300,391,2,393.64,5.971261839790462,1.0986122886681098,5.977973956925482,2,Lost/Churned
17301,21,2,330.43,3.091042453358316,1.0986122886681098,5.803416625940581,0,New/Occasional
17302,15,5,1135.63,2.772588722239781,1.791759469228055,7.035823023024634,3,Loyal Customers
17303,361,1,250.04,5.8916442118257715,0.6931471805599453,5.525612288984722,2,Lost/Churned
17304,534,1,111.5,6.282266746896006,0.6931471805599453,4.722953221644475,2,Lost/Churned
17305,649,1,2135.46,6.476972362889683,0.6931471805599453,7.666905532699596,4,At Risk
17306,11,21,9782.35,2.4849066497880004,3.091042453358316,9.188437240164195,5,Champions
17307,395,11,3999.8900000000003,5.981414211254481,2.4849066497880004,8.294272115352573,1,Big Spenders
17308,393,2,4511.76,5.976350909297934,1.0986122886681098,8.41466421870983,4,At Risk
17309,95,3,330.59,4.564348191467836,1.3862943611198906,5.803899265990974,0,New/Occasional
17310,387,2,1025.1,5.961005339623274,1.0986122886681098,6.933520486868163,4,At Risk
17311,78,6,3566.56,4.3694478524670215,1.9459101490553132,8.179637167709913,1,Big Spenders
17312,139,3,644.3,4.941642422609304,1.3862943611198906,6.469715324941794,4,At Risk
17313,31,1,2328.84,3.4657359027997265,0.6931471805599453,7.7535548746739895,0,New/Occasional
17314,25,17,4904.43,3.258096538021482,2.8903717578961645,8.498098033804354,1,Big Spenders
17315,2,43,9650.6,1.0986122886681098,3.784189633918261,9.174878983698024,5,Champions
17316,420,1,124.45,6.042632833682381,0.6931471805599453,4.8319072728124315,2,Lost/Churned
17317,46,3,2600.34,3.8501476017100584,1.3862943611198906,7.863781975859922,1,Big Spenders
17318,725,1,164.28,6.587550014824796,0.6931471805599453,5.107641005371328,2,Lost/Churned
17319,669,1,29.099999999999998,6.507277712385012,0.6931471805599453,3.40452517175483,2,Lost/Churned
17320,100,6,2895.77,4.61512051684126,1.9459101490553132,7.971351602142627,1,Big Spenders
17321,8,6,1741.18,2.1972245773362196,1.9459101490553132,7.462892481580637,3,Loyal Customers
17322,376,5,922.59,5.932245187448011,1.791759469228055,6.828268250223805,4,At Risk
17323,15,12,1565.59,2.772588722239781,2.5649493574615367,7.356656561662414,3,Loyal Customers
17324,18,12,2301.87,2.9444389791664403,2.5649493574615367,7.741911450116271,3,Loyal Customers
17325,280,3,609.5699999999999,5.638354669333745,1.3862943611198906,6.414392947092451,4,At Risk
17326,408,2,321.95,6.013715156042802,1.0986122886681098,5.777497512478481,2,Lost/Churned
17327,410,2,152.35,6.018593214496234,1.0986122886681098,5.032722890560261,2,Lost/Churned
17328,673,1,104.7,6.513230110912307,0.6931471805599453,4.660604892876192,2,Lost/Churned
17329,14,5,1004.4300000000001,2.70805020110221,1.791759469228055,6.913170589683406,3,Loyal Customers
17330,23,4,423.8,3.1780538303479458,1.6094379124341003,6.051618469927729,0,New/Occasional
17331,124,1,175.2,4.8283137373023015,0.6931471805599453,5.171619713502079,2,Lost/Churned
17332,528,5,838.27,6.270988431858299,1.791759469228055,6.732532466377506,4,At Risk
17333,86,1,494.25,4.465908118654584,0.6931471805599453,6.20506268557866,0,New/Occasional
17334,302,3,635.1500000000001,5.713732805509369,1.3862943611198906,6.45543438458871,4,At Risk
17335,384,2,508.0,5.953243334287785,1.0986122886681098,6.2324480165505225,4,At Risk
17336,472,1,81.12,6.159095388491933,0.6931471805599453,4.408181592150733,2,Lost/Churned
17337,151,4,2027.8700000000001,5.0238805208462765,1.6094379124341003,7.615234266802261,4,At Risk
17338,17,17,12142.57,2.8903717578961645,2.8903717578961645,9.40455509057637,5,Champions
17339,94,3,362.36,4.553876891600541,1.3862943611198906,5.895394078357248,0,New/Occasional
17340,30,18,22404.82,3.4339872044851463,2.9444389791664403,10.017076025523961,5,Champions
17341,157,5,1889.83,5.062595033026967,1.791759469228055,7.5447711650931915,4,At Risk
17342,380,4,1227.54,5.942799375126701,1.6094379124341003,7.113581751463728,4,At Risk
17343,355,6,1259.94,5.87493073085203,1.9459101490553132,7.1396127535481995,4,At Risk
17344,46,2,468.11,3.8501476017100584,1.0986122886681098,6.150837282523528,0,New/Occasional
17345,15,10,1604.68,2.772588722239781,2.3978952727983707,7.381302621851238,3,Loyal Customers
17346,4,26,5323.0,1.6094379124341003,3.295836866004329,8.579980179515003,5,Champions
17347,86,1,228.96,4.465908118654584,0.6931471805599453,5.43790538075509,0,New/Occasional
17348,15,9,2476.41,2.772588722239781,2.302585092994046,7.8149689386018215,3,Loyal Customers
17349,179,5,852.25,5.19295685089021,1.791759469228055,6.749052587786816,4,At Risk
17350,8,7,1906.041,2.1972245773362196,2.0794415416798357,7.553308105107111,3,Loyal Customers
17351,36,12,1988.23,3.6109179126442243,2.5649493574615367,7.595502908166634,1,Big Spenders
17352,696,1,36.25,6.546785410760524,0.6931471805599453,3.6176519448255684,2,Lost/Churned
17353,129,4,3242.0,4.867534450455582,1.6094379124341003,8.084254106307318,1,Big Spenders
17354,51,4,3143.46,3.9512437185814275,1.6094379124341003,8.05339745327934,1,Big Spenders
17355,386,1,285.11,5.958424693029782,0.6931471805599453,5.656376352258931,2,Lost/Churned
17356,312,5,946.47,5.746203190540153,1.791759469228055,6.853795274186192,4,At Risk
17357,24,2,388.14,3.2188758248682006,1.0986122886681098,5.96393917604323,0,New/Occasional
17358,303,5,866.05,5.717027701406222,1.791759469228055,6.765096645244558,4,At Risk
17359,11,2,284.46,2.4849066497880004,1.0986122886681098,5.654101914201623,0,New/Occasional
17360,17,6,1231.3799999999999,2.8903717578961645,1.9459101490553132,7.116702538093588,3,Loyal Customers
17361,49,5,880.64,3.912023005428146,1.791759469228055,6.781783809420187,0,New/Occasional
17362,239,7,1024.04,5.480638923341991,2.0794415416798357,6.932486915201321,4,At Risk
17363,395,3,940.86,5.981414211254481,1.3862943611198906,6.8478566435737855,4,At Risk
17364,1,28,12070.42,0.6931471805599453,3.367295829986474,9.398595954230528,5,Champions
17365,13,15,8224.98,2.6390573296152584,2.772588722239781,9.015052717472072,5,Champions
17366,432,2,1096.24,6.07073772800249,1.0986122886681098,7.000553214833489,4,At Risk
17367,238,1,168.4,5.476463551931511,0.6931471805599453,5.132262782217954,2,Lost/Churned
17368,23,14,2826.14,3.1780538303479458,2.70805020110221,7.947020878929368,1,Big Spenders
17369,456,1,979.2,6.124683390894205,0.6931471805599453,6.887756632475448,4,At Risk
17370,73,4,446.18,4.30406509320417,1.6094379124341003,6.102961198121657,0,New/Occasional
17371,17,6,662.55,2.8903717578961645,1.9459101490553132,6.497604208883258,3,Loyal Customers
17372,41,28,4377.56,3.7376696182833684,3.367295829986474,8.384475182191446,5,Champions
17373,40,7,1167.5,3.713572066704308,2.0794415416798357,7.063476153978913,1,Big Spenders
17374,219,3,727.11,5.393627546352362,1.3862943611198906,6.5904521356834955,4,At Risk
17375,199,4,660.55,5.298317366548036,1.6094379124341003,6.49458556648842,4,At Risk
17376,71,4,453.64,4.276666119016055,1.6094379124341003,6.119505896988866,0,New/Occasional
17377,24,78,18319.41,3.2188758248682006,4.3694478524670215,9.81577101789036,5,Champions
17378,374,1,10.95,5.926926025970411,0.6931471805599453,2.4807312783775197,2,Lost/Churned
17379,11,1,404.66,2.4849066497880004,0.6931471805599453,6.005515370330642,0,New/Occasional
17380,434,3,645.0,6.075346031088684,1.3862943611198906,6.470799503782602,4,At Risk
17381,9,38,40002.37,2.302585092994046,3.6635616461296463,10.59671897954724,5,Champions
17382,65,8,902.28,4.189654742026425,2.1972245773362196,6.806032582872267,1,Big Spenders
17383,4,2,309.99,1.6094379124341003,1.0986122886681098,5.739760757321436,0,New/Occasional
17384,19,3,507.55,2.995732273553991,1.3862943611198906,6.2315635390716055,0,New/Occasional
17385,15,1,261.11,2.772588722239781,0.6931471805599453,5.568764262978113,0,New/Occasional
17386,8,7,2812.77,2.1972245773362196,2.0794415416798357,7.942280500147702,3,Loyal Customers
17387,20,2,784.11,3.044522437723423,1.0986122886681098,6.6658238353540185,0,New/Occasional
17388,78,11,2691.57,4.3694478524670215,2.4849066497880004,7.898251406835588,1,Big Spenders
17389,1,61,57224.68,0.6931471805599453,4.127134385045092,10.954758027668472,5,Champions
17390,421,1,149.3,6.045005314036012,0.6931471805599453,5.012633296758929,2,Lost/Churned
17391,164,2,508.8,5.10594547390058,1.0986122886681098,6.234018491942015,4,At Risk
17392,307,3,626.56,5.730099782973574,1.3862943611198906,6.441839283964755,4,At Risk
17393,411,2,381.15000000000003,6.021023349349527,1.0986122886681098,5.945813201688893,2,Lost/Churned
17394,219,1,203.86999999999998,5.393627546352362,0.6931471805599453,5.3223756316411075,2,Lost/Churned
17395,508,1,97.5,6.2324480165505225,0.6931471805599453,4.590056548178043,2,Lost/Churned
17396,39,14,8807.1,3.6888794541139363,2.70805020110221,9.083427031653235,1,Big Spenders
17397,22,3,1233.18,3.1354942159291497,1.3862943611198906,7.118162060926628,0,New/Occasional
17398,115,3,653.38,4.7535901911063645,1.3862943611198906,6.483688222474311,4,At Risk
17400,126,8,4677.05,4.844187086458591,2.1972245773362196,8.45063663541535,1,Big Spenders
17401,541,1,114.85,6.295266001439646,0.6931471805599453,4.752296250878385,2,Lost/Churned
17402,5,23,5096.18,1.791759469228055,3.1780538303479458,8.536442724607598,5,Champions
17403,36,2,400.57,3.6109179126442243,1.0986122886681098,5.995381864392027,0,New/Occasional
17404,4,23,47781.12,1.6094379124341003,3.1780538303479458,10.77440678992478,5,Champions
17405,1,3,1031.41,0.6931471805599453,1.3862943611198906,6.9396511539657,3,Loyal Customers
17406,333,13,4905.05,5.811140992976701,2.6390573296152584,8.49822441636862,1,Big Spenders
17407,412,1,552.9,6.023447592961033,0.6931471805599453,6.316984165039059,2,Lost/Churned
17408,163,3,316.09000000000003,5.099866427824199,1.3862943611198906,5.759185645253913,4,At Risk
17409,185,10,7793.51,5.225746673713202,2.3978952727983707,8.961174918707844,1,Big Spenders
17410,16,5,1214.72,2.833213344056216,1.791759469228055,7.1030917728535865,3,Loyal Customers
17411,12,5,1425.38,2.5649493574615367,1.791759469228055,7.262895045138237,3,Loyal Customers
17412,3,16,4417.52,1.3862943611198906,2.833213344056216,8.39356007737081,5,Champions
17413,405,2,560.14,6.0063531596017325,1.0986122886681098,6.329970428756386,4,At Risk
17414,44,6,2249.52,3.8066624897703196,1.9459101490553132,7.7189165796075185,1,Big Spenders
17415,80,1,507.84,4.394449154672439,0.6931471805599453,6.23213362528801,0,New/Occasional
17416,30,22,17298.45,3.4339872044851463,3.1354942159291497,9.758429988072983,5,Champions
17417,549,1,164.18,6.309918278226516,0.6931471805599453,5.1070357883825706,2,Lost/Churned
17418,42,3,670.0600000000001,3.7612001156935624,1.3862943611198906,6.508858551752005,0,New/Occasional
17419,11,18,6500.52,2.4849066497880004,2.9444389791664403,8.779791274699825,5,Champions
17420,50,6,1084.43,3.9318256327243257,1.9459101490553132,6.989731500827217,1,Big Spenders
17421,386,3,1059.41,5.958424693029782,1.3862943611198906,6.966410904774026,4,At Risk
17422,16,11,3594.76,2.833213344056216,2.4849066497880004,8.187510652541107,3,Loyal Customers
17423,46,3,1118.95,3.8501476017100584,1.3862943611198906,7.0210393204354755,0,New/Occasional
17425,19,2,759.1700000000001,2.995732273553991,1.0986122886681098,6.63354209247732,0,New/Occasional
17426,8,13,8077.77,2.1972245773362196,2.6390573296152584,8.996994912204553,5,Champions
17427,72,1,100.8,4.290459441148391,0.6931471805599453,4.623010104116422,2,Lost/Churned
17428,1,45,31819.760000000002,0.6931471805599453,3.828641396489095,10.367874185956017,5,Champions
17429,128,5,1357.46,4.859812404361672,1.791759469228055,7.2141069841929415,4,At Risk
17430,33,4,735.17,3.5263605246161616,1.6094379124341003,6.601461070318374,0,New/Occasional
17431,313,1,403.3,5.749392985908253,0.6931471805599453,6.002157176646725,2,Lost/Churned
17432,18,9,1751.39,2.9444389791664403,2.302585092994046,7.468735849463749,3,Loyal Customers
17433,88,2,569.96,4.48863636973214,1.0986122886681098,6.347319154662812,0,New/Occasional
17434,2,7,2373.82,1.0986122886681098,2.0794415416798357,7.77267692412289,3,Loyal Customers
17435,411,1,331.35,6.021023349349527,0.6931471805599453,5.806188630487591,2,Lost/Churned
17436,2,5,534.0600000000001,1.0986122886681098,1.791759469228055,6.2823788901404285,3,Loyal Customers
17437,530,1,373.17,6.274762021241939,0.6931471805599453,5.924710239594586,2,Lost/Churned
17438,254,5,1422.77,5.541263545158426,1.791759469228055,7.261063562072737,4,At Risk
17439,656,1,325.74,6.48768401848461,0.6931471805599453,5.789164747598362,2,Lost/Churned
17440,157,4,323.58,5.062595033026967,1.6094379124341003,5.7825320388877355,4,At Risk
17441,732,1,293.35,6.597145701886651,0.6931471805599453,5.68476953547427,2,Lost/Churned
17442,37,15,4620.3,3.6375861597263857,2.772588722239781,8.438431329775756,1,Big Spenders
17443,220,1,534.24,5.3981627015177525,0.6931471805599453,6.282715244436788,2,Lost/Churned
17444,148,3,2940.04,5.003946305945459,1.3862943611198906,7.9865185392775535,4,At Risk
17446,177,2,120.89999999999999,5.181783550292085,1.0986122886681098,4.803201036487226,2,Lost/Churned
17447,40,2,541.53,3.713572066704308,1.0986122886681098,6.296243383424822,0,New/Occasional
17448,497,46,14556.970000000001,6.210600077024653,3.8501476017100584,9.585893888953454,1,Big Spenders
17449,2,13,4951.15,1.0986122886681098,2.6390573296152584,8.507577104697274,5,Champions
17450,8,51,246973.09,2.1972245773362196,3.9512437185814275,12.417038711322427,5,Champions
17451,1,7,1721.4,0.6931471805599453,2.0794415416798357,7.451473946050153,3,Loyal Customers
17453,18,2,486.72,2.9444389791664403,1.0986122886681098,6.189741470692064,0,New/Occasional
17454,192,10,1547.94,5.262690188904886,2.3978952727983707,7.345326104999135,1,Big Spenders
17455,204,1,131.7,5.3230099791384085,0.6931471805599453,4.888090941338162,2,Lost/Churned
17456,365,2,1225.42,5.902633333401366,1.0986122886681098,7.111854635317653,4,At Risk
17457,127,14,5984.81,4.852030263919617,2.70805020110221,8.697146947180531,1,Big Spenders
17458,15,2,529.58,2.772588722239781,1.0986122886681098,6.2739707478156985,0,New/Occasional
17459,43,2,657.3,3.784189633918261,1.0986122886681098,6.489660754473831,0,New/Occasional
17460,94,16,2228.27,4.553876891600541,2.833213344056216,7.709429456601973,1,Big Spenders
17461,23,3,757.46,3.1780538303479458,1.3862943611198906,6.6312900617355215,0,New/Occasional
17462,60,2,675.69,4.110873864173311,1.0986122886681098,6.517213265531828,0,New/Occasional
17463,16,7,2557.91,2.833213344056216,2.0794415416798357,7.847336665553033,3,Loyal Customers
17464,158,3,1000.94,5.0689042022202315,1.3862943611198906,6.909693399612396,4,At Risk
17465,426,7,2542.79,6.056784013228625,2.0794415416798357,7.841410373882996,4,At Risk
17466,10,2,763.28,2.3978952727983707,1.0986122886681098,6.638934214171274,0,New/Occasional
17467,395,1,102.6,5.981414211254481,0.6931471805599453,4.640537329825382,2,Lost/Churned
17468,10,3,194.8,2.3978952727983707,1.3862943611198906,5.27709373009641,0,New/Occasional
17469,16,17,5051.25,2.833213344056216,2.8903717578961645,8.527588967598358,5,Champions
17470,45,11,2804.87,3.828641396489095,2.4849066497880004,7.939468930294802,1,Big Spenders
17471,475,1,321.65000000000003,6.16541785423142,0.6931471805599453,5.776568144381849,2,Lost/Churned
17472,191,4,935.1,5.2574953720277815,1.6094379124341003,6.841722308377699,4,At Risk
17473,409,2,607.0,6.016157159698354,1.0986122886681098,6.410174881966167,4,At Risk
17474,600,1,1047.0,6.398594934535208,0.6931471805599453,6.954638864880987,4,At Risk
17475,79,1,194.37,4.382026634673881,0.6931471805599453,5.274895196603544,0,New/Occasional
17476,396,2,489.86,5.983936280687191,1.0986122886681098,6.1961589547536615,4,At Risk
17477,613,2,1144.3,6.419994928147142,1.0986122886681098,7.04342189040367,4,At Risk
17478,408,2,1272.8000000000002,6.013715156042802,1.0986122886681098,7.149759837937266,4,At Risk
17479,633,1,389.26000000000005,6.452048954437226,0.6931471805599453,5.9668131836668525,2,Lost/Churned
17480,78,2,902.03,4.3694478524670215,1.0986122886681098,6.80575577545649,0,New/Occasional
17481,4,4,1255.59,1.6094379124341003,1.6094379124341003,7.136156981955326,3,Loyal Customers
17482,487,2,778.19,6.1903154058531475,1.0986122886681098,6.6582549185704085,4,At Risk
17483,65,4,591.73,4.189654742026425,1.6094379124341003,6.384738983338736,0,New/Occasional
17484,576,2,209.57,6.3578422665081,1.0986122886681098,5.34981813941044,2,Lost/Churned
17486,261,1,396.87,5.568344503761097,0.6931471805599453,5.986125318762377,2,Lost/Churned
17487,728,1,160.55,6.591673732008658,0.6931471805599453,5.084814692270507,2,Lost/Churned
17488,641,1,336.5,6.464588303689961,0.6931471805599453,5.821565510312585,2,Lost/Churned
17489,59,2,376.64,4.0943445622221,1.0986122886681098,5.933941360864316,0,New/Occasional
17490,1,9,2750.5,0.6931471805599453,2.302585092994046,7.919901496499813,3,Loyal Customers
17491,1,17,5981.07,0.6931471805599453,2.8903717578961645,8.69652194089341,5,Champions
17492,248,3,1122.42,5.517452896464707,1.3862943611198906,7.024132883037598,4,At Risk
17493,385,1,100.91,5.955837369464831,0.6931471805599453,4.6240900708406025,2,Lost/Churned
17494,502,1,54.7,6.220590170099739,0.6931471805599453,4.019980146933238,2,Lost/Churned
17495,8,3,806.72,2.1972245773362196,1.3862943611198906,6.694215463810622,3,Loyal Customers
17496,359,4,1412.89,5.886104031450156,1.6094379124341003,7.254100049936812,4,At Risk
17497,390,2,287.25,5.968707559985366,1.0986122886681098,5.663828159149168,2,Lost/Churned
17498,76,1,272.21999999999997,4.343805421853684,0.6931471805599453,5.610277331459341,0,New/Occasional
17499,290,2,1341.3899999999999,5.673323267171493,1.0986122886681098,7.202206886340737,4,At Risk
17500,17,3,1138.0,2.8903717578961645,1.3862943611198906,7.037905963447182,3,Loyal Customers
17501,221,2,288.6,5.402677381872279,1.0986122886681098,5.668500660511562,2,Lost/Churned
17502,9,4,689.1,2.302585092994046,1.6094379124341003,6.536836514626557,3,Loyal Customers
17503,3,2,558.96,1.3862943611198906,1.0986122886681098,6.327865352606625,0,New/Occasional
17504,206,18,9565.12,5.332718793265369,2.9444389791664403,9.165982968589745,1,Big Spenders
17505,162,5,2435.48,5.093750200806762,1.791759469228055,7.798309653754078,4,At Risk
17506,76,1,302.2,4.343805421853684,0.6931471805599453,5.714392653768217,0,New/Occasional
17507,262,2,605.58,5.572154032177765,1.0986122886681098,6.407836624054821,4,At Risk
17508,281,8,4579.23,5.641907070938114,2.1972245773362196,8.429504494187944,1,Big Spenders
17509,58,8,6115.14,4.07753744390572,2.1972245773362196,8.71868645756525,1,Big Spenders
17510,25,2,514.56,3.258096538021482,1.0986122886681098,6.245253688536579,0,New/Occasional
17511,3,60,175603.55,1.3862943611198906,4.110873864173311,12.075989871009195,5,Champions
17512,29,18,5467.820000000001,3.4011973816621555,2.9444389791664403,8.606818150024006,1,Big Spenders
17513,72,3,1158.8,4.290459441148391,1.3862943611198906,7.05600285544234,4,At Risk
17514,128,2,542.83,4.859812404361672,1.0986122886681098,6.298636698017643,4,At Risk
17515,31,9,1617.46,3.4657359027997265,2.302585092994046,7.389230358819315,1,Big Spenders
17516,15,6,957.55,2.772588722239781,1.9459101490553132,6.865421725966058,3,Loyal Customers
17517,309,1,153.94,5.736572297479192,0.6931471805599453,5.043037945203756,2,Lost/Churned
17518,426,2,329.42,6.056784013228625,1.0986122886681098,5.8003645725024455,2,Lost/Churned
17519,17,15,5109.47,2.8903717578961645,2.772588722239781,8.539046655484803,5,Champions
17520,54,1,546.81,4.007333185232471,0.6931471805599453,6.305928511499892,0,New/Occasional
17521,30,5,1278.06,3.4339872044851463,1.791759469228055,7.153880712128252,3,Loyal Customers
17522,2,5,1070.71,1.0986122886681098,1.791759469228055,6.977010782644906,3,Loyal Customers
17523,11,4,652.74,2.4849066497880004,1.6094379124341003,6.48270971889503,3,Loyal Customers
17524,361,3,539.14,5.8916442118257715,1.3862943611198906,6.291828365215705,4,At Risk
17525,360,3,1161.9,5.8888779583328805,1.3862943611198906,7.058672164298998,4,At Risk
17526,5,12,4166.04,1.791759469228055,2.5649493574615367,8.334961230608442,3,Loyal Customers
17527,54,4,939.37,4.007333185232471,1.6094379124341003,6.8462734148384685,0,New/Occasional
17528,1,8,3628.5,0.6931471805599453,2.1972245773362196,8.196850176724896,3,Loyal Customers
17529,610,2,1240.25,6.415096959171596,1.0986122886681098,7.123874215359383,4,At Risk
17530,1,12,3141.51,0.6931471805599453,2.5649493574615367,8.052777122639133,3,Loyal Customers
17531,190,3,1266.82,5.25227342804663,1.3862943611198906,7.145054169084526,4,At Risk
17532,386,1,65.34,5.958424693029782,0.6931471805599453,4.1947930335189065,2,Lost/Churned
17533,435,1,34.8,6.077642243349034,0.6931471805599453,3.5779478934066544,2,Lost/Churned
17534,54,5,1668.83,4.007333185232471,1.791759469228055,7.42047710382201,1,Big Spenders
17535,280,1,164.4,5.638354669333745,0.6931471805599453,5.108366782589591,2,Lost/Churned
17536,177,3,364.83,5.181783550292085,1.3862943611198906,5.902168744622394,4,At Risk
17537,30,2,897.62,3.4339872044851463,1.0986122886681098,6.80086025323236,0,New/Occasional
17538,26,1,98.42,3.295836866004329,0.6931471805599453,4.599353300666526,0,New/Occasional
17539,618,4,1226.57,6.428105272684596,1.6094379124341003,7.112791884519306,4,At Risk
17540,25,6,1590.6000000000001,3.258096538021482,1.9459101490553132,7.372495078552774,3,Loyal Customers
17541,510,1,124.46,6.236369590203704,0.6931471805599453,4.831986982668597,2,Lost/Churned
17542,270,3,341.7,5.602118820879701,1.3862943611198906,5.836855428880563,4,At Risk
17543,550,1,120.05,6.311734809152915,0.6931471805599453,4.796203683384068,2,Lost/Churned
17544,390,3,960.69,5.968707559985366,1.3862943611198906,6.86869215341128,4,At Risk
17545,43,6,1448.54,3.784189633918261,1.9459101490553132,7.279001543703618,1,Big Spenders
17547,376,2,727.85,5.932245187448011,1.0986122886681098,6.5914679495200215,4,At Risk
17548,234,4,731.26,5.459585514144159,1.6094379124341003,6.596135642152661,4,At Risk
17549,24,2,148.86,3.2188758248682006,1.0986122886681098,5.0097015249361645,0,New/Occasional
17550,197,9,2547.64,5.288267030694535,2.302585092994046,7.843315162546328,1,Big Spenders
17551,359,1,306.84,5.886104031450156,0.6931471805599453,5.729580167477342,2,Lost/Churned
17552,60,12,3085.29,4.110873864173311,2.5649493574615367,8.034725001288239,1,Big Spenders
17553,130,4,3757.6,4.875197323201151,1.6094379124341003,8.231801826622501,1,Big Spenders
17554,1,5,1952.45,0.6931471805599453,1.791759469228055,7.577352319081822,3,Loyal Customers
17555,20,5,1057.74,3.044522437723423,1.791759469228055,6.964834800821305,3,Loyal Customers
17556,206,2,300.67,5.332718793265369,1.0986122886681098,5.709333704694526,2,Lost/Churned
17557,14,4,575.46,2.70805020110221,1.6094379124341003,6.356905953086827,0,New/Occasional
17558,393,1,259.17,5.976350909297934,0.6931471805599453,5.561335263505108,2,Lost/Churned
17559,513,1,167.62,6.2422232654551655,0.6931471805599453,5.12764766249453,2,Lost/Churned
17560,95,8,1895.8,4.564348191467836,2.1972245773362196,7.547923534751195,1,Big Spenders
17561,19,4,722.34,2.995732273553991,1.6094379124341003,6.583879374413785,0,New/Occasional
17562,14,7,1122.38,2.70805020110221,2.0794415416798357,7.024097276842117,3,Loyal Customers
17563,578,2,392.38,6.361302477572996,1.0986122886681098,5.974776065821747,2,Lost/Churned
17564,24,3,454.01,3.2188758248682006,1.3862943611198906,6.120319396731415,0,New/Occasional
17565,587,1,131.83,6.376726947898627,0.6931471805599453,4.8890701151444125,2,Lost/Churned
17566,8,2,901.21,2.1972245773362196,1.0986122886681098,6.804847308929716,0,New/Occasional
17567,7,9,5356.03,2.0794415416798357,2.302585092994046,8.586164996014617,3,Loyal Customers
17568,633,1,382.79,6.452048954437226,0.6931471805599453,5.950095527997053,2,Lost/Churned
17569,332,1,344.14,5.808142489980444,0.6931471805599453,5.843950131819433,2,Lost/Churned
17570,382,1,100.0,5.948034989180646,0.6931471805599453,4.61512051684126,2,Lost/Churned
17571,50,5,1703.75,3.9318256327243257,1.791759469228055,7.441173751400762,1,Big Spenders
17572,71,10,723.0100000000001,4.276666119016055,2.3978952727983707,6.584805204445026,1,Big Spenders
17573,29,3,380.6,3.4011973816621555,1.3862943611198906,5.944372939574132,0,New/Occasional
17574,243,1,185.65,5.497168225293202,0.6931471805599453,5.229235205360593,2,Lost/Churned
17575,667,1,171.7,6.504288173536645,0.6931471805599453,5.1515559851526325,2,Lost/Churned
17576,8,41,9056.81,2.1972245773362196,3.7376696182833684,9.111382647963284,5,Champions
17577,645,2,348.75,6.470799503782602,1.0986122886681098,5.857218613545591,2,Lost/Churned
17578,218,7,1047.33,5.389071729816501,2.0794415416798357,6.954953700811138,4,At Risk
17579,5,4,753.28,1.791759469228055,1.6094379124341003,6.625763651858722,3,Loyal Customers
17580,253,5,545.27,5.537334267018537,1.791759469228055,6.303113359011862,4,At Risk
17581,1,43,18757.75,0.6931471805599453,3.784189633918261,9.8394155892102,5,Champions
17582,236,5,1450.7,5.4680601411351315,1.791759469228055,7.280490562467382,4,At Risk
17583,560,1,135.95,6.329720905522696,0.6931471805599453,4.919615895709087,2,Lost/Churned
17584,7,6,5309.42,2.0794415416798357,1.9459101490553132,8.577426207153255,3,Loyal Customers
17585,109,7,2093.3,4.700480365792417,2.0794415416798357,7.646974647644465,1,Big Spenders
17586,619,1,167.4,6.429719478039138,0.6931471805599453,5.126342101808226,2,Lost/Churned
17587,628,1,181.66,6.444131256700441,0.6931471805599453,5.207626501263533,2,Lost/Churned
17588,100,7,2939.55,4.61512051684126,2.0794415416798357,7.986351917666346,1,Big Spenders
17589,60,18,14049.87,4.110873864173311,2.9444389791664403,9.550439594553007,1,Big Spenders
17590,2,3,1479.22,1.0986122886681098,1.3862943611198906,7.299946004359694,3,Loyal Customers
17591,73,8,2776.67,4.30406509320417,2.1972245773362196,7.929367725761379,1,Big Spenders
17592,739,1,148.3,6.606650186198215,0.6931471805599453,5.005957704545144,2,Lost/Churned
17593,4,11,8095.8,1.6094379124341003,2.4849066497880004,8.999224200874691,5,Champions
17594,85,4,2497.88,4.454347296253507,1.6094379124341003,7.8235979104743105,1,Big Spenders
17595,12,2,388.79,2.5649493574615367,1.0986122886681098,5.965608132562755,0,New/Occasional
17596,23,13,4920.67,3.1780538303479458,2.6390573296152584,8.50140318278703,1,Big Spenders
17597,214,5,3484.09,5.3706380281276624,1.791759469228055,8.156249147825298,1,Big Spenders
17598,381,1,409.98,5.945420608606575,0.6931471805599453,6.018544551511725,2,Lost/Churned
17599,478,1,52.05,6.171700597410915,0.6931471805599453,3.971234865059992,2,Lost/Churned
17600,18,1,161.67000000000002,2.9444389791664403,0.6931471805599453,5.091723608778362,0,New/Occasional
17601,239,2,421.48,5.480638923341991,1.0986122886681098,6.046142108398678,2,Lost/Churned
17602,2,14,7451.13,1.0986122886681098,2.70805020110221,8.91625517655053,5,Champions
17603,78,4,1793.48,4.3694478524670215,1.6094379124341003,7.49247056535977,4,At Risk
17604,217,6,945.9300000000001,5.384495062789089,1.9459101490553132,6.8532251728194,4,At Risk
17605,590,1,160.75,6.3818160174060985,0.6931471805599453,5.08605193338101,2,Lost/Churned
17606,737,1,87.30000000000001,6.6039438246004725,0.6931471805599453,4.480740107609915,2,Lost/Churned
17607,376,1,333.81,5.932245187448011,0.6931471805599453,5.813563206747519,2,Lost/Churned
17608,33,4,498.53,3.5263605246161616,1.6094379124341003,6.213667656345135,0,New/Occasional
17609,41,11,1894.34,3.7376696182833684,2.4849066497880004,7.547153520947835,1,Big Spenders
17610,540,5,1529.49,6.293419278846481,1.791759469228055,7.333343224551642,4,At Risk
17611,7,28,8371.98,2.0794415416798357,3.367295829986474,9.03276513357146,5,Champions
17612,53,18,5394.86,3.9889840465642745,2.9444389791664403,8.593387271846513,1,Big Spenders
17613,23,14,4559.150000000001,3.1780538303479458,2.70805020110221,8.425110796704255,1,Big Spenders
17614,57,1,390.07,4.060443010546419,0.6931471805599453,5.968886572094735,0,New/Occasional
17615,130,6,733.2,4.875197323201151,1.9459101490553132,6.598781471062734,4,At Risk
17616,174,4,1060.8,5.1647859739235145,1.6094379124341003,6.967720860149571,4,At Risk
17617,559,1,395.33,6.327936783729195,0.6931471805599453,5.982247197558372,2,Lost/Churned
17618,6,11,4073.2400000000002,1.9459101490553132,2.4849066497880004,8.312439505213618,3,Loyal Customers
17619,312,1,218.52,5.746203190540153,0.6931471805599453,5.39144334453752,2,Lost/Churned
17620,60,1,81.44,4.110873864173311,0.6931471805599453,4.412070756022258,0,New/Occasional
17621,21,6,3175.12,3.091042453358316,1.9459101490553132,8.063415605028567,3,Loyal Customers
17622,598,2,1130.21,6.395261598115449,1.0986122886681098,7.031043135272966,4,At Risk
17623,33,7,2383.67,3.5263605246161616,2.0794415416798357,7.776816028969278,1,Big Spenders
17624,15,4,1568.63,2.772588722239781,1.6094379124341003,7.358595201778292,3,Loyal Customers
17625,18,8,6067.8,2.9444389791664403,2.1972245773362196,8.710916170934635,1,Big Spenders
17626,603,1,254.0,6.403574197934815,0.6931471805599453,5.541263545158426,2,Lost/Churned
17627,479,1,296.36,6.173786103901937,0.6931471805599453,5.694943525988997,2,Lost/Churned
17628,81,1,75.75,4.406719247264253,0.6931471805599453,4.340553386467307,2,Lost/Churned
17629,6,10,2455.52,1.9459101490553132,2.3978952727983707,7.8065009932405305,3,Loyal Customers
17630,170,2,503.6,5.14166355650266,1.0986122886681098,6.223766036206958,4,At Risk
17631,2,7,998.49,1.0986122886681098,2.0794415416798357,6.907245148887903,3,Loyal Customers
17633,31,7,2057.39,3.4657359027997265,2.0794415416798357,7.629679402813487,1,Big Spenders
17634,36,9,2361.9700000000003,3.6109179126442243,2.302585092994046,7.767674581380544,1,Big Spenders
17635,424,3,1265.58,6.052089168924417,1.3862943611198906,7.144075633652909,4,At Risk
17636,19,1,285.56,2.995732273553991,0.6931471805599453,5.657947938312402,0,New/Occasional
17637,31,2,547.0600000000001,3.4657359027997265,1.0986122886681098,6.3063847700056215,0,New/Occasional
17638,647,2,842.4000000000001,6.473890696352274,1.0986122886681098,6.73744134131246,4,At Risk
17639,276,6,615.17,5.6240175061873385,1.9459101490553132,6.423522899485667,4,At Risk
17640,87,6,3168.94,4.477336814478207,1.9459101490553132,8.061467939247406,1,Big Spenders
17642,120,5,1824.49,4.795790545596741,1.791759469228055,7.509603723129441,4,At Risk
17643,373,2,541.25,5.924255797414532,1.0986122886681098,6.295727149706984,4,At Risk
17644,1,20,6028.6,0.6931471805599453,3.044522437723423,8.704435952529261,5,Champions
17646,219,12,4149.79,5.393627546352362,2.5649493574615367,8.331053956554086,1,Big Spenders
17647,65,3,331.65999999999997,4.189654742026425,1.3862943611198906,5.807120947362389,0,New/Occasional
17648,61,5,2216.37,4.127134385045092,1.791759469228055,7.70407708788802,1,Big Spenders
17649,138,3,1578.89,4.9344739331306915,1.3862943611198906,7.365110503344246,4,At Risk
17650,21,1,166.07999999999998,3.091042453358316,0.6931471805599453,5.118472739628975,0,New/Occasional
17651,12,16,5703.52,2.5649493574615367,2.833213344056216,8.64901412203431,5,Champions
17652,25,12,4867.72,3.258096538021482,2.5649493574615367,8.490586347854247,1,Big Spenders
17653,37,4,1207.56,3.6375861597263857,1.6094379124341003,7.09718484723547,3,Loyal Customers
17654,277,1,117.55,5.627621113690637,0.6931471805599453,4.775334812511415,2,Lost/Churned
17655,11,9,3652.48,2.4849066497880004,2.302585092994046,8.20343541701347,3,Loyal Customers
17656,73,5,1674.69,4.30406509320417,1.791759469228055,7.4239802997335635,1,Big Spenders
17657,430,1,126.0,6.066108090103747,0.6931471805599453,4.844187086458591,2,Lost/Churned
17658,26,2,595.42,3.295836866004329,1.0986122886681098,6.39094511686889,0,New/Occasional
17659,17,14,3834.79,2.8903717578961645,2.70805020110221,8.252130689979245,1,Big Spenders
17660,141,2,359.47,4.955827057601261,1.0986122886681098,5.887408735509094,2,Lost/Churned
17662,662,2,412.92,6.4967749901858625,1.0986122886681098,6.025672718437719,2,Lost/Churned
17663,26,17,5175.83,3.295836866004329,2.8903717578961645,8.551948178812031,1,Big Spenders
17664,19,4,1166.23,2.995732273553991,1.6094379124341003,7.062388699414255,3,Loyal Customers
17665,493,1,563.1,6.202535517187923,0.6931471805599453,6.33523154074593,2,Lost/Churned
17666,4,5,2047.8,1.6094379124341003,1.791759469228055,7.625009534885316,3,Loyal Customers
17667,66,9,3950.7,4.204692619390966,2.302585092994046,8.281901145055203,1,Big Spenders
17668,1,2,347.75,0.6931471805599453,1.0986122886681098,5.854355333135575,0,New/Occasional
17669,43,10,6142.35,3.784189633918261,2.3978952727983707,8.723125474960066,1,Big Spenders
17670,228,1,205.7,5.43372200355424,0.6931471805599453,5.331268466687723,2,Lost/Churned
17671,16,5,2403.34,2.833213344056216,1.791759469228055,7.785030716603104,3,Loyal Customers
17672,50,7,5778.63,3.9318256327243257,2.0794415416798357,8.66209494577662,1,Big Spenders
17673,2,13,4233.58,1.0986122886681098,2.6390573296152584,8.351039428614413,5,Champions
17674,74,2,851.7,4.31748811353631,1.0986122886681098,6.748407785748004,0,New/Occasional
17675,1,70,38259.6,0.6931471805599453,4.2626798770413155,10.552175925045875,5,Champions
17676,4,10,2765.84,1.6094379124341003,2.3978952727983707,7.9254611537565225,3,Loyal Customers
17677,2,54,36692.91,1.0986122886681098,4.007333185232471,10.510366080218592,5,Champions
17678,264,2,599.76,5.579729825986222,1.0986122886681098,6.39819552033738,4,At Risk
17679,53,7,3577.61,3.9889840465642745,2.0794415416798357,8.182729735842724,1,Big Spenders
17680,24,3,497.45000000000005,3.2188758248682006,1.3862943611198906,6.211503283468713,0,New/Occasional
17681,597,5,731.2,6.393590753950631,1.791759469228055,6.596053700686136,4,At Risk
17682,10,11,4456.78,2.3978952727983707,2.4849066497880004,8.402406163244015,3,Loyal Customers
17683,386,3,819.01,5.958424693029782,1.3862943611198906,6.70931653530589,4,At Risk
17684,44,1,239.41,3.8066624897703196,0.6931471805599453,5.482345799133678,0,New/Occasional
17685,17,12,5943.17,2.8903717578961645,2.5649493574615367,8.690166186257795,1,Big Spenders
17686,7,9,8296.81,2.0794415416798357,2.302585092994046,9.023746903547035,3,Loyal Customers
17687,421,1,432.68,6.045005314036012,0.6931471805599453,6.072306934952083,2,Lost/Churned
17688,394,1,304.2,5.978885764901122,0.6931471805599453,5.720967299410302,2,Lost/Churned
17689,388,2,317.08,5.963579343618446,1.0986122886681098,5.7623029234682095,2,Lost/Churned
17690,30,20,7448.1,3.4339872044851463,3.044522437723423,8.915848498706922,5,Champions
17691,358,4,780.0500000000001,5.883322388488279,1.6094379124341003,6.660639168277018,4,At Risk
17692,127,12,2975.8,4.852030263919617,2.5649493574615367,7.998604177032413,1,Big Spenders
17693,137,1,200.47,4.927253685157205,0.6931471805599453,5.305640486927818,2,Lost/Churned
17694,142,3,1695.97,4.962844630259907,1.3862943611198906,7.4365995868222186,4,At Risk
17695,132,5,1746.04,4.890349128221754,1.791759469228055,7.465678206265756,4,At Risk
17696,38,27,7679.59,3.6635616461296463,3.332204510175204,8.946451646107656,5,Champions
17697,236,1,338.95,5.4680601411351315,0.6931471805599453,5.828798547972468,2,Lost/Churned
17698,261,1,154.95,5.568344503761097,0.6931471805599453,5.049535443053812,2,Lost/Churned
17699,477,2,442.0,6.169610732491456,1.0986122886681098,6.093569770045136,2,Lost/Churned
17700,17,14,6679.97,2.8903717578961645,2.70805020110221,8.807018465569639,5,Champions
17701,253,1,417.95,5.537334267018537,0.6931471805599453,6.037751581059295,2,Lost/Churned
17702,30,6,3144.04,3.4339872044851463,1.9459101490553132,8.053581887654614,1,Big Spenders
17703,35,4,1094.84,3.58351893845611,1.6094379124341003,6.999276471449595,3,Loyal Customers
17704,169,2,885.19,5.135798437050262,1.0986122886681098,6.786931374567216,4,At Risk
17705,3,11,2083.9,1.3862943611198906,2.4849066497880004,7.642476171452011,3,Loyal Customers
17706,4,31,20749.98,1.6094379124341003,3.4657359027997265,9.940348753459256,5,Champions
17707,185,8,609.3,5.225746673713202,2.1972245773362196,6.413950639550449,4,At Risk
17708,188,4,887.9300000000001,5.241747015059643,1.6094379124341003,6.790018492256255,4,At Risk
17709,170,5,671.01,5.14166355650266,1.791759469228055,6.51027322136481,4,At Risk
17710,424,1,293.5,6.052089168924417,0.6931471805599453,5.685279003091641,2,Lost/Churned
17711,11,2,385.1,2.4849066497880004,1.0986122886681098,5.956096403270191,0,New/Occasional
17712,45,1,522.91,3.828641396489095,0.6931471805599453,6.261319913844147,0,New/Occasional
17713,382,4,1198.09,5.948034989180646,1.6094379124341003,7.089318214762589,4,At Risk
17714,321,5,1410.18,5.7745515455444085,1.791759469228055,7.252181512816498,4,At Risk
17715,201,2,489.59999999999997,5.308267697401205,1.0986122886681098,6.195629131824389,4,At Risk
17716,23,24,15956.970000000001,3.1780538303479458,3.2188758248682006,9.67771366993163,5,Champions
17717,421,1,376.92,6.045005314036012,0.6931471805599453,5.934682533008997,2,Lost/Churned
17718,232,2,439.18,5.4510384535657,1.0986122886681098,6.087183734166526,4,At Risk
17719,38,15,5396.04,3.6635616461296463,2.772588722239781,8.593605934116098,1,Big Spenders
17720,26,10,2768.91,3.295836866004329,2.3978952727983707,7.9265701076788115,1,Big Spenders
17721,659,1,307.21000000000004,6.492239835020471,0.6931471805599453,5.730781368822976,2,Lost/Churned
17722,96,5,4430.36,4.574710978503383,1.791759469228055,8.39646181366768,1,Big Spenders
17723,127,7,3378.4000000000005,4.852030263919617,2.0794415416798357,8.12545345792655,1,Big Spenders
17724,71,3,1033.0,4.276666119016055,1.3862943611198906,6.9411900550683745,4,At Risk
17725,16,11,3439.08,2.833213344056216,2.4849066497880004,8.143250005910986,3,Loyal Customers
17726,395,7,1092.06,5.981414211254481,2.0794415416798357,6.996736381454871,4,At Risk
17727,15,1,1060.25,2.772588722239781,0.6931471805599453,6.967202737625557,0,New/Occasional
17728,4,5,4238.76,1.6094379124341003,1.791759469228055,8.352261942850365,3,Loyal Customers
17729,596,1,438.65000000000003,6.391917113392602,0.6931471805599453,6.085978955825011,2,Lost/Churned
17730,3,20,7773.8,1.3862943611198906,3.044522437723423,8.958643013243911,5,Champions
17731,79,6,1708.99,4.382026634673881,1.9459101490553132,7.44424280152639,1,Big Spenders
17732,373,8,2470.39,5.924255797414532,2.1972245773362196,7.812536024372351,1,Big Spenders
17733,39,2,692.19,3.6888794541139363,1.0986122886681098,6.541304131886272,0,New/Occasional
17734,54,6,1442.32,4.007333185232471,1.9459101490553132,7.274701294410468,1,Big Spenders
17735,2,26,17244.93,1.0986122886681098,3.295836866004329,9.75533145259182,5,Champions
17736,9,3,377.44,2.302585092994046,1.3862943611198906,5.936057539836243,0,New/Occasional
17737,9,2,168.24,2.302585092994046,1.0986122886681098,5.131317825851867,0,New/Occasional
17738,19,13,4183.56,2.995732273553991,2.6390573296152584,8.339156840000792,1,Big Spenders
17739,12,18,7730.59,2.5649493574615367,2.9444389791664403,8.953069812538414,5,Champions
17740,389,6,426.90000000000003,5.966146739123692,1.9459101490553132,6.0588895234227715,4,At Risk
17741,407,2,101.1,6.0112671744041615,1.0986122886681098,4.625952725170619,2,Lost/Churned
17742,113,11,2098.48,4.736198448394496,2.4849066497880004,7.649444974001237,1,Big Spenders
17743,448,1,229.2,6.1070228877422545,0.6931471805599453,5.438948496287782,2,Lost/Churned
17744,4,7,2649.14,1.6094379124341003,2.0794415416798357,7.882367747773482,3,Loyal Customers
17745,478,2,600.34,6.171700597410915,1.0986122886681098,6.399160498367506,4,At Risk
17746,240,4,904.1800000000001,5.484796933490655,1.6094379124341003,6.808133818950557,4,At Risk
17747,113,1,71.4,4.736198448394496,0.6931471805599453,4.282206299391671,2,Lost/Churned
17748,527,1,358.15,6.269096283706261,0.6931471805599453,5.88374012852081,2,Lost/Churned
17749,178,3,1026.18,5.187385805840755,1.3862943611198906,6.934572462341162,4,At Risk
17750,5,9,1797.57,1.791759469228055,2.302585092994046,7.494747183701588,3,Loyal Customers
17751,421,1,157.85999999999999,6.045005314036012,0.6931471805599453,5.0680233112049855,2,Lost/Churned
17752,359,1,80.64,5.886104031450156,0.6931471805599453,4.402319337941644,2,Lost/Churned
17753,464,4,390.56,6.142037405587356,1.6094379124341003,5.97013876039323,4,At Risk
17754,1,13,4577.53,0.6931471805599453,2.6390573296152584,8.429133264890632,5,Champions
17756,376,3,733.7,5.932245187448011,1.3862943611198906,6.599462252626232,4,At Risk
17757,1,56,9422.45,0.6931471805599453,4.04305126783455,9.150956542558381,5,Champions
17758,19,12,5012.53,2.995732273553991,2.5649493574615367,8.519895536789699,1,Big Spenders
17759,17,5,1276.91,2.8903717578961645,1.791759469228055,7.152981209922486,3,Loyal Customers
17760,22,6,918.93,3.1354942159291497,1.9459101490553132,6.824297580191805,3,Loyal Customers
17761,33,1,712.78,3.5263605246161616,0.6931471805599453,6.570574791610563,0,New/Occasional
17762,456,1,129.75,6.124683390894205,0.6931471805599453,4.873287102945032,2,Lost/Churned
17763,263,4,86.15,5.575949103146316,1.6094379124341003,4.46763077196603,2,Lost/Churned
17764,51,5,1623.64,3.9512437185814275,1.791759469228055,7.39304153175903,1,Big Spenders
17765,159,4,530.8,5.075173815233827,1.6094379124341003,6.276267478808919,4,At Risk
17766,381,2,299.61,5.945420608606575,1.0986122886681098,5.7058137435652805,2,Lost/Churned
17767,15,2,413.05,2.772588722239781,1.0986122886681098,6.025986739479709,0,New/Occasional
17768,8,7,3509.51,2.1972245773362196,2.0794415416798357,8.163516605050312,3,Loyal Customers
17769,13,17,7103.08,2.6390573296152584,2.8903717578961645,8.86842454586986,5,Champions
17770,199,5,1143.27,5.298317366548036,1.791759469228055,7.042522158078838,4,At Risk
17771,57,4,387.41,4.060443010546419,1.6094379124341003,5.962061482738665,0,New/Occasional
17772,11,3,384.77,2.4849066497880004,1.3862943611198906,5.955241336950457,0,New/Occasional
17773,514,2,585.27,6.244166900663736,1.0986122886681098,6.373780434317173,4,At Risk
17774,97,9,3328.05,4.584967478670572,2.302585092994046,8.110442256987616,1,Big Spenders
17775,255,1,56.4,5.545177444479562,0.6931471805599453,4.050044303325521,2,Lost/Churned
17776,387,2,338.56,5.961005339623274,1.0986122886681098,5.827650661869767,2,Lost/Churned
17777,25,3,665.86,3.258096538021482,1.3862943611198906,6.502580128832101,0,New/Occasional
17778,662,1,197.70000000000002,6.4967749901858625,0.6931471805599453,5.291796149557771,2,Lost/Churned
17779,21,3,658.57,3.091042453358316,1.3862943611198906,6.491588107540731,0,New/Occasional
17780,667,3,352.91,6.504288173536645,1.3862943611198906,5.869042643521861,2,Lost/Churned
17781,159,2,188.02,5.075173815233827,1.0986122886681098,5.24185282956691,2,Lost/Churned
17782,383,2,679.02,5.950642552587727,1.0986122886681098,6.52212220950234,4,At Risk
17783,72,3,379.91,4.290459441148391,1.3862943611198906,5.94256312674981,0,New/Occasional
17784,550,1,112.86,6.311734809152915,0.6931471805599453,4.734969623522936,2,Lost/Churned
17785,53,3,403.38,3.9889840465642745,1.3862943611198906,6.002355029939155,0,New/Occasional
17786,85,2,278.74,4.454347296253507,1.0986122886681098,5.6338606003511575,0,New/Occasional
17787,153,4,2601.4700000000003,5.0369526024136295,1.6094379124341003,7.8642162730451615,4,At Risk
17788,74,2,1117.9,4.31748811353631,1.0986122886681098,7.020101338813675,0,New/Occasional
17789,281,2,397.15,5.641907070938114,1.0986122886681098,5.9868288187034535,2,Lost/Churned
17790,27,20,2783.61,3.332204510175204,3.044522437723423,7.931863106648799,1,Big Spenders
17791,30,1,106.1,3.4339872044851463,0.6931471805599453,4.673762977453703,0,New/Occasional
17792,467,2,370.05,6.148468295917647,1.0986122886681098,5.916336824416143,2,Lost/Churned
17793,25,1,323.04,3.258096538021482,0.6931471805599453,5.78086696496229,0,New/Occasional
17794,687,2,147.3,6.5337888379333435,1.0986122886681098,4.999237249143887,2,Lost/Churned
17795,180,2,350.39,5.198497031265826,1.0986122886681098,5.861896717749893,2,Lost/Churned
17796,40,7,1361.99,3.713572066704308,2.0794415416798357,7.217436094912465,1,Big Spenders
17797,22,8,1985.8700000000001,3.1354942159291497,2.1972245773362196,7.594315815147273,3,Loyal Customers
17798,582,1,183.09,6.368187186350492,0.6931471805599453,5.215424768458471,2,Lost/Churned
17799,22,20,6341.89,3.1354942159291497,3.044522437723423,8.755089779531765,5,Champions
17800,37,9,1199.01,3.6375861597263857,2.302585092994046,7.090085169074703,1,Big Spenders
17801,451,3,798.33,6.113682179832232,1.3862943611198906,6.68377387676887,4,At Risk
17802,82,10,5053.12,4.418840607796598,2.3978952727983707,8.527959031235715,1,Big Spenders
17803,392,1,184.66,5.973809611869261,0.6931471805599453,5.223917043971786,2,Lost/Churned
17804,376,3,385.23,5.932245187448011,1.3862943611198906,5.956433046936053,4,At Risk
17805,74,2,927.03,4.31748811353631,1.0986122886681098,6.833064059849883,0,New/Occasional
17806,11,1,546.04,2.4849066497880004,0.6931471805599453,6.304521925890991,0,New/Occasional
17807,395,3,437.87,5.981414211254481,1.3862943611198906,6.084203241658105,4,At Risk
17808,549,4,262.64,6.309918278226516,1.6094379124341003,5.574584536184519,2,Lost/Churned
17809,16,20,11337.39,2.833213344056216,3.044522437723423,9.335949591893653,5,Champions
17810,669,2,374.81,6.507277712385012,1.0986122886681098,5.92908369652421,2,Lost/Churned
17811,4,47,9609.8,1.6094379124341003,3.871201010907891,9.170642745117636,5,Champions
17812,13,7,1165.89,2.6390573296152584,2.0794415416798357,7.062097369060713,3,Loyal Customers
17813,14,5,1770.88,2.70805020110221,1.791759469228055,7.479796408781624,3,Loyal Customers
17814,375,2,1617.32,5.929589143389895,1.0986122886681098,7.389143853094436,4,At Risk
17815,393,1,591.96,5.976350909297934,0.6931471805599453,6.385126943096995,2,Lost/Churned
17816,37,6,112.32,3.6375861597263857,1.9459101490553132,4.730215674962316,0,New/Occasional
17817,4,6,807.85,1.6094379124341003,1.9459101490553132,6.695613485775703,3,Loyal Customers
17818,738,1,130.18,6.6052979209482015,0.6931471805599453,4.876570425865589,2,Lost/Churned
17819,72,12,6612.52,4.290459441148391,2.5649493574615367,8.796871317578866,1,Big Spenders
17820,374,1,183.56,5.926926025970411,0.6931471805599453,5.217974613865498,2,Lost/Churned
17821,406,1,334.62,6.008813185442595,0.6931471805599453,5.815979567573016,2,Lost/Churned
17822,420,5,2188.5,6.042632833682381,1.791759469228055,7.6914284862414535,4,At Risk
17823,421,2,494.25,6.045005314036012,1.0986122886681098,6.20506268557866,4,At Risk
17824,51,1,298.4,3.9512437185814275,0.6931471805599453,5.701780471985528,0,New/Occasional
17825,599,4,731.96,6.396929655216146,1.6094379124341003,6.597091130138432,4,At Risk
17826,374,1,134.59,5.926926025970411,0.6931471805599453,4.909635626474218,2,Lost/Churned
17827,5,6,2388.05,1.791759469228055,1.9459101490553132,7.7786510763659,3,Loyal Customers
17828,23,4,1820.09,3.1780538303479458,1.6094379124341003,7.507190501900052,3,Loyal Customers
17829,299,5,4756.74,5.703782474656201,1.791759469228055,8.467528044561078,1,Big Spenders
17830,2,3,398.7,1.0986122886681098,1.3862943611198906,5.990714265717278,3,Loyal Customers
17831,33,1,35.400000000000006,3.5263605246161616,0.6931471805599453,3.594568774642695,0,New/Occasional
17832,50,1,155.37,3.9318256327243257,0.6931471805599453,5.052224993855419,0,New/Occasional
17833,723,1,342.36,6.584791392385716,0.6931471805599453,5.838779459442334,2,Lost/Churned
17834,415,2,730.47,6.030685260261263,1.0986122886681098,6.595056207999221,4,At Risk
17835,3,3,350.64,1.3862943611198906,1.3862943611198906,5.862607924982978,0,New/Occasional
17836,47,1,110.21000000000001,3.871201010907891,0.6931471805599453,4.71142030583075,0,New/Occasional
17837,42,8,1593.38,3.7612001156935624,2.1972245773362196,7.374240224916247,1,Big Spenders
17838,27,13,6722.900000000001,3.332204510175204,2.6390573296152584,8.813423622317975,1,Big Spenders
17839,42,1,338.8,3.7612001156935624,0.6931471805599453,5.828357209237832,0,New/Occasional
17840,444,1,185.72,6.09807428216624,0.6931471805599453,5.229610168538246,2,Lost/Churned
17841,2,211,70884.07,1.0986122886681098,5.356586274672012,11.168815112066234,5,Champions
17842,602,1,430.69,6.401917196727186,0.6931471805599453,6.067707738058715,2,Lost/Churned
17843,303,2,326.23,5.717027701406222,1.0986122886681098,5.790663287567157,2,Lost/Churned
17844,107,1,51.559999999999995,4.68213122712422,0.6931471805599453,3.961955374176355,2,Lost/Churned
17845,555,4,598.19,6.320768294250582,1.6094379124341003,6.39557874314519,4,At Risk
17846,85,1,2033.1,4.454347296253507,0.6931471805599453,7.617808739608441,4,At Risk
17847,516,2,129.69,6.248042874508429,1.0986122886681098,4.872828106608945,2,Lost/Churned
17848,81,30,3650.9,4.406719247264253,3.4339872044851463,8.20300285908366,1,Big Spenders
17849,218,8,1063.76,5.389071729816501,2.1972245773362196,6.970504700635247,4,At Risk
17850,372,155,56600.08,5.921578419643816,5.049856007249537,10.943783345281314,5,Champions
17851,422,6,1563.34,6.0473721790462776,1.9459101490553132,7.355219288783538,4,At Risk
17852,12,5,663.21,2.5649493574615367,1.791759469228055,6.498598364535423,3,Loyal Customers
17853,407,3,1608.19,6.0112671744041615,1.3862943611198906,7.383486225788365,4,At Risk
17854,185,6,1071.45,5.225746673713202,1.9459101490553132,6.977701029668804,4,At Risk
17855,373,1,417.94,5.924255797414532,0.6931471805599453,6.03772771157762,2,Lost/Churned
17856,2,4,1418.03,1.0986122886681098,1.6094379124341003,7.25772881858561,3,Loyal Customers
17857,4,24,28682.24,1.6094379124341003,3.2188758248682006,10.264068259044144,5,Champions
17858,6,30,12797.65,1.9459101490553132,3.4339872044851463,9.457094975595489,5,Champions
17859,305,1,148.21,5.723585101952381,0.6931471805599453,5.00535470965233,2,Lost/Churned
17860,369,4,1015.54,5.91350300563827,1.6094379124341003,6.924159983007414,4,At Risk
17861,3,18,5127.69,1.3862943611198906,2.9444389791664403,8.542605544930957,5,Champions
17862,324,4,1279.09,5.783825182329737,1.6094379124341003,7.154685666941855,4,At Risk
17863,59,12,5745.2,4.0943445622221,2.5649493574615367,8.65629404575563,1,Big Spenders
17864,13,5,924.32,2.6390573296152584,1.791759469228055,6.83013962363287,3,Loyal Customers
17865,31,46,26374.39,3.4657359027997265,3.8501476017100584,10.180186657398902,5,Champions
17866,143,3,1134.95,4.969813299576001,1.3862943611198906,7.035224584227941,4,At Risk
17867,30,15,1621.2800000000002,3.4339872044851463,2.772588722239781,7.391587846164314,1,Big Spenders
17868,386,1,234.65,5.958424693029782,0.6931471805599453,5.46234765336974,2,Lost/Churned
17869,107,7,1036.16,4.68213122712422,2.0794415416798357,6.9442414875525476,1,Big Spenders
17870,2,13,3108.15,1.0986122886681098,2.6390573296152584,8.04210465591967,3,Loyal Customers
17871,205,5,1118.99,5.327876168789581,1.791759469228055,7.0210750356778515,4,At Risk
17872,382,1,235.87,5.948034989180646,0.6931471805599453,5.46751146743449,2,Lost/Churned
17873,80,18,6515.88,4.394449154672439,2.9444389791664403,8.782151012782462,1,Big Spenders
17874,185,6,683.46,5.225746673713202,1.9459101490553132,6.528630206205813,4,At Risk
17875,688,1,167.1,6.535241271013659,0.6931471805599453,5.12455904041457,2,Lost/Churned
17876,400,3,3424.02,5.993961427306569,1.3862943611198906,8.138862590095334,4,At Risk
17877,170,1,237.61,5.14166355650266,0.6931471805599453,5.474830419933934,2,Lost/Churned
17878,44,3,1412.33,3.8066624897703196,1.3862943611198906,7.253703901064546,0,New/Occasional
17879,174,1,178.52,5.1647859739235145,0.6931471805599453,5.190286622334331,2,Lost/Churned
17880,365,3,824.9200000000001,5.902633333401366,1.3862943611198906,6.716497916530249,4,At Risk
17881,304,1,133.35,5.720311776607412,0.6931471805599453,4.9004483350615,2,Lost/Churned
17882,379,2,313.46,5.940171252720432,1.0986122886681098,5.75085688204213,2,Lost/Churned
17883,3,7,995.85,1.3862943611198906,2.0794415416798357,6.904600307288836,3,Loyal Customers
17884,4,20,3072.89,1.6094379124341003,3.044522437723423,8.030699139463483,5,Champions
17885,12,1,190.19,2.5649493574615367,0.6931471805599453,5.253267697994312,0,New/Occasional
17886,32,6,1608.38,3.4965075614664802,1.9459101490553132,7.383604290643391,3,Loyal Customers
17887,129,1,111.35,4.867534450455582,0.6931471805599453,4.721618998631338,2,Lost/Churned
17888,21,25,1820.44,3.091042453358316,3.258096538021482,7.507382676021378,1,Big Spenders
17889,212,7,774.87,5.3612921657094255,2.0794415416798357,6.653984980376013,4,At Risk
17890,323,2,602.09,5.780743515792329,1.0986122886681098,6.402066439321299,4,At Risk
17891,162,1,203.85999999999999,5.093750200806762,0.6931471805599453,5.3223268190083886,2,Lost/Churned
17892,56,3,244.1,4.04305126783455,1.3862943611198906,5.501666290534067,0,New/Occasional
17893,225,1,112.25,5.420534999272286,0.6931471805599453,4.7295977643631435,2,Lost/Churned
17894,72,18,2453.38,4.290459441148391,2.9444389791664403,7.805629462508707,1,Big Spenders
17895,44,1,98.0,3.8066624897703196,0.6931471805599453,4.59511985013459,0,New/Occasional
17896,23,1,256.32,3.1780538303479458,0.6931471805599453,5.550320446542799,0,New/Occasional
17897,173,9,2585.0,5.159055299214529,2.302585092994046,7.857867559331803,1,Big Spenders
17898,85,4,299.18,4.454347296253507,1.6094379124341003,5.704382294728169,0,New/Occasional
17899,159,1,155.8,5.075173815233827,0.6931471805599453,5.054971107916307,2,Lost/Churned
17900,190,2,112.19999999999999,5.25227342804663,1.0986122886681098,4.729156165769083,2,Lost/Churned
17901,29,3,260.08,3.4011973816621555,1.3862943611198906,5.564826873767017,0,New/Occasional
17902,547,1,216.4,6.306275286948016,0.6931471805599453,5.381738974687109,2,Lost/Churned
17903,394,1,381.09000000000003,5.978885764901122,0.6931471805599453,5.9456561829510015,2,Lost/Churned
17904,21,1,191.67000000000002,3.091042453358316,0.6931471805599453,5.260978880892669,0,New/Occasional
17905,71,13,2383.52,4.276666119016055,2.6390573296152584,7.776753125205725,1,Big Spenders
17906,247,1,72.9,5.5134287461649825,0.6931471805599453,4.302712827954156,2,Lost/Churned
17907,641,1,291.76,6.464588303689961,0.6931471805599453,5.679353160733027,2,Lost/Churned
17908,374,5,1411.54,5.926926025970411,1.791759469228055,7.253144781203703,4,At Risk
17909,737,1,132.55,6.6039438246004725,0.6931471805599453,4.89447593955597,2,Lost/Churned
17910,726,1,261.7,6.588926477533519,0.6931471805599453,5.571012696691494,2,Lost/Churned
17911,9,1,366.23,2.302585092994046,0.6931471805599453,5.9059883547555305,0,New/Occasional
17912,310,6,375.5,5.739792912179234,1.9459101490553132,5.930918047239948,4,At Risk
17913,59,14,3479.64,4.0943445622221,2.70805020110221,8.154971463905486,1,Big Spenders
17914,4,1,336.43,1.6094379124341003,0.6931471805599453,5.821358081393286,0,New/Occasional
17915,551,1,242.13,6.313548046277095,0.6931471805599453,5.493596279713942,2,Lost/Churned
17916,629,2,43.87,6.4457198193855785,1.0986122886681098,3.803769419987892,2,Lost/Churned
17917,45,3,341.28,3.828641396489095,1.3862943611198906,5.835629115549854,0,New/Occasional
17918,501,3,396.39,6.218600119691729,1.3862943611198906,5.984918166237948,4,At Risk
17919,88,2,1840.3200000000002,4.48863636973214,1.0986122886681098,7.51823798470524,4,At Risk
17920,4,54,24516.46,1.6094379124341003,4.007333185232471,10.10714079577743,5,Champions
17921,64,10,2423.5,4.174387269895637,2.3978952727983707,7.793380596545407,1,Big Spenders
17922,543,1,170.4,6.298949246855942,0.6931471805599453,5.1440000061636795,2,Lost/Churned
17923,282,3,497.0,5.645446897643238,1.3862943611198906,6.210600077024653,4,At Risk
17924,12,8,3536.7000000000003,2.5649493574615367,2.1972245773362196,8.171232077455805,3,Loyal Customers
17925,373,1,488.16,5.924255797414532,0.6931471805599453,6.1926896343211695,2,Lost/Churned
17926,133,5,1035.49,4.897839799950911,1.791759469228055,6.943595283975941,4,At Risk
17927,722,1,294.0,6.583409222158765,0.6931471805599453,5.68697535633982,2,Lost/Churned
17928,45,3,341.24,3.828641396489095,1.3862943611198906,5.835512245334096,0,New/Occasional
17929,11,12,3082.1,2.4849066497880004,2.5649493574615367,8.033690863299137,3,Loyal Customers
17930,36,13,4275.22,3.6109179126442243,2.6390573296152584,8.36082472077466,1,Big Spenders
17931,134,14,3437.29,4.90527477843843,2.70805020110221,8.142729533752492,1,Big Spenders
17932,29,3,1331.57,3.4011973816621555,1.3862943611198906,7.19486468749322,0,New/Occasional
17933,632,1,114.69,6.450470422144176,0.6931471805599453,4.750914200040797,2,Lost/Churned
17934,52,3,1049.15,3.970291913552122,1.3862943611198906,6.956688290091316,0,New/Occasional
17935,138,7,686.14,4.9344739331306915,2.0794415416798357,6.532538056031691,4,At Risk
17936,5,1,389.84,1.791759469228055,0.6931471805599453,5.968298269076143,0,New/Occasional
17937,9,7,4301.22,2.302585092994046,2.0794415416798357,8.366886447525236,3,Loyal Customers
17938,420,1,144.29,6.042632833682381,0.6931471805599453,4.978731745083247,2,Lost/Churned
17939,160,1,99.14,5.081404364984463,0.6931471805599453,4.606569206901798,2,Lost/Churned
17940,49,16,30393.19,3.912023005428146,2.833213344056216,10.322006750707807,5,Champions
17941,131,4,1433.28,4.882801922586371,1.6094379124341003,7.268418260118725,4,At Risk
17942,8,1,77.50000000000001,2.1972245773362196,0.6931471805599453,4.363098624788363,0,New/Occasional
17944,423,1,75.41,6.049733455231958,0.6931471805599453,4.336113577659475,2,Lost/Churned
17945,697,3,360.35,6.548219102762372,1.3862943611198906,5.88984701772899,2,Lost/Churned
17946,233,2,149.57999999999998,5.455321115357702,1.0986122886681098,5.014494504421976,2,Lost/Churned
17947,37,1,176.68,3.6375861597263857,0.6931471805599453,5.179984179586172,0,New/Occasional
17948,147,1,358.56000000000006,4.997212273764115,0.6931471805599453,5.884881061705198,2,Lost/Churned
17949,1,118,118628.08,0.6931471805599453,4.77912349311153,11.683756929419816,5,Champions
17950,72,7,1432.81,4.290459441148391,2.0794415416798357,7.268090515867877,1,Big Spenders
17951,40,4,1636.0800000000002,3.713572066704308,1.6094379124341003,7.400669446060975,3,Loyal Customers
17952,378,4,819.61,5.937536205082426,1.6094379124341003,6.71004796613905,4,At Risk
17953,540,1,160.82,6.293419278846481,0.6931471805599453,5.086484606379694,2,Lost/Churned
17954,5,19,3966.05,1.791759469228055,2.995732273553991,8.285778024417759,5,Champions
17955,199,6,949.9,5.298317366548036,1.9459101490553132,6.857408904545399,4,At Risk
17956,249,1,12.75,5.521460917862246,0.6931471805599453,2.6210388241125804,2,Lost/Churned
17957,66,1,111.68,4.204692619390966,0.6931471805599453,4.724551943008172,0,New/Occasional
17958,117,2,973.88,4.770684624465665,1.0986122886681098,6.882314386500184,4,At Risk
17959,592,1,140.75,6.385194398997726,0.6931471805599453,4.954064942607862,2,Lost/Churned
17960,171,3,135.08,5.147494476813453,1.3862943611198906,4.913242948087606,2,Lost/Churned
17961,21,100,2995.54,3.091042453358316,4.61512051684126,8.005213568716202,5,Champions
17962,142,4,687.42,4.962844630259907,1.6094379124341003,6.534399116791592,4,At Risk
17963,471,4,651.51,6.156978985585555,1.6094379124341003,6.48082646474991,4,At Risk
17964,32,2,733.46,3.4965075614664802,1.0986122886681098,6.599135535315476,0,New/Occasional
17965,38,29,7240.9800000000005,3.6635616461296463,3.4011973816621555,8.887649928653726,5,Champions
17966,38,10,1974.42,3.6635616461296463,2.3978952727983707,7.588536312954514,1,Big Spenders
17967,372,2,357.29,5.921578419643816,1.0986122886681098,5.881342714348445,2,Lost/Churned
17968,374,4,888.04,5.926926025970411,1.6094379124341003,6.790142228877391,4,At Risk
17969,166,20,2369.94,5.117993812416755,3.044522437723423,7.771041779967057,1,Big Spenders
17970,211,1,582.59,5.356586274672012,0.6931471805599453,6.369198681477835,2,Lost/Churned
17971,548,1,161.94,6.3080984415095305,0.6931471805599453,5.093382034882496,2,Lost/Churned
17972,242,1,136.04,5.493061443340548,0.6931471805599453,4.920272854015864,2,Lost/Churned
17973,52,1,337.04,3.970291913552122,0.6931471805599453,5.823164231676282,0,New/Occasional
17974,25,6,1858.06,3.258096538021482,1.9459101490553132,7.527826262617495,3,Loyal Customers
17975,15,24,7028.83,2.772588722239781,3.2188758248682006,8.857917802435505,5,Champions
17976,372,1,706.38,5.921578419643816,0.6931471805599453,6.561568003824347,2,Lost/Churned
17977,29,2,1565.63,3.4011973816621555,1.0986122886681098,7.3566820945008375,0,New/Occasional
17978,365,4,1461.76,5.902633333401366,1.6094379124341003,7.288080341083193,4,At Risk
17979,36,4,757.71,3.6109179126442243,1.6094379124341003,6.631619622697395,0,New/Occasional
17980,166,4,1033.42,5.117993812416755,1.6094379124341003,6.941596162150855,4,At Risk
17981,411,1,239.12,6.021023349349527,0.6931471805599453,5.481138798383642,2,Lost/Churned
17982,681,1,138.18,6.525029657843462,0.6931471805599453,4.935768059416704,2,Lost/Churned
17983,395,1,171.71,5.981414211254481,0.6931471805599453,5.151613887355828,2,Lost/Churned
17984,145,5,1191.27,4.983606621708336,1.791759469228055,7.0836143320428775,4,At Risk
17985,22,1,634.95,3.1354942159291497,0.6931471805599453,6.455119943897493,0,New/Occasional
17986,56,1,20.8,4.04305126783455,0.6931471805599453,3.0819099697950434,2,Lost/Churned
17987,185,5,1003.64,5.225746673713202,1.791759469228055,6.912384547365799,4,At Risk
17988,12,14,489.54,2.5649493574615367,2.70805020110221,6.19550682511979,3,Loyal Customers
17989,379,1,228.83,5.940171252720432,0.6931471805599453,5.437339905196839,2,Lost/Churned
17990,237,6,1527.6100000000001,5.472270673671475,1.9459101490553132,7.332114104721181,4,At Risk
17991,225,3,320.55,5.420534999272286,1.3862943611198906,5.773153052580872,4,At Risk
17992,389,1,254.13,5.966146739123692,0.6931471805599453,5.541773219174124,2,Lost/Churned
17993,617,1,235.19,6.42648845745769,0.6931471805599453,5.4646365658644855,2,Lost/Churned
17994,122,11,2313.32,4.812184355372417,2.4849066497880004,7.746871186870239,1,Big Spenders
17995,282,3,495.48,5.645446897643238,1.3862943611198906,6.20754320070007,4,At Risk
17996,380,3,482.33,5.942799375126701,1.3862943611198906,6.180699650171005,4,At Risk
17997,74,8,1970.67,4.31748811353631,2.1972245773362196,7.586636178360024,1,Big Spenders
17998,380,3,639.24,5.942799375126701,1.3862943611198906,6.461843106058791,4,At Risk
17999,37,3,730.9,3.6375861597263857,1.3862943611198906,6.595643892607181,0,New/Occasional
18000,564,1,124.25,6.336825731146441,0.6931471805599453,4.830311739964974,2,Lost/Churned
18001,12,6,953.84,2.5649493574615367,1.9459101490553132,6.861543787177443,3,Loyal Customers
18002,376,4,249.92,5.932245187448011,1.6094379124341003,5.525134163228542,2,Lost/Churned
18003,376,1,358.61,5.932245187448011,0.6931471805599453,5.885020110887118,2,Lost/Churned
18004,362,1,169.47,5.8944028342648505,0.6931471805599453,5.138559328162834,2,Lost/Churned
18005,4,2,249.72,1.6094379124341003,1.0986122886681098,5.524336778607711,0,New/Occasional
18006,23,4,997.86,3.1780538303479458,1.6094379124341003,6.9066146286878665,3,Loyal Customers
18007,393,1,220.32,5.976350909297934,0.6931471805599453,5.399609618029909,2,Lost/Churned
18008,70,23,19787.13,4.2626798770413155,3.1780538303479458,9.892837541964184,5,Champions
18009,235,8,2155.83,5.4638318050256105,2.1972245773362196,7.6763948301168,1,Big Spenders
18010,257,1,174.8,5.552959584921617,0.6931471805599453,5.169346985251076,2,Lost/Churned
18011,373,2,527.03,5.924255797414532,1.0986122886681098,6.2691531002739875,4,At Risk
18012,723,1,115.3,6.584791392385716,0.6931471805599453,4.7561730595246186,2,Lost/Churned
18013,155,2,187.29,5.049856007249537,1.0986122886681098,5.237983327508337,2,Lost/Churned
18014,28,1,166.42,3.367295829986474,0.6931471805599453,5.12050562523191,0,New/Occasional
18015,4,1,120.03,1.6094379124341003,0.6931471805599453,4.7960384487505126,0,New/Occasional
18016,32,7,1960.46,3.4965075614664802,2.0794415416798357,7.58144437288496,1,Big Spenders
18017,81,4,688.0,4.406719247264253,1.6094379124341003,6.535241271013659,4,At Risk
18018,108,4,297.99,4.6913478822291435,1.6094379124341003,5.700410128015343,0,New/Occasional
18019,52,1,38.45,3.970291913552122,0.6931471805599453,3.6750340472918834,2,Lost/Churned
18020,544,1,190.48000000000002,6.300785794663244,0.6931471805599453,5.254783364524308,2,Lost/Churned
18021,510,2,227.06,6.236369590203704,1.0986122886681098,5.429608752229212,2,Lost/Churned
18022,36,5,1651.79,3.6109179126442243,1.791759469228055,7.410220048008251,3,Loyal Customers
18024,153,2,389.78,5.0369526024136295,1.0986122886681098,5.968144741786365,2,Lost/Churned
18025,380,6,1177.72,5.942799375126701,1.9459101490553132,7.072184382934504,4,At Risk
18026,501,2,2074.07,6.218600119691729,1.0986122886681098,7.637750167035548,4,At Risk
18027,99,1,115.31,4.605170185988092,0.6931471805599453,4.7562590403509475,2,Lost/Churned
18028,583,1,192.05,6.369900982828227,0.6931471805599453,5.262949222710246,2,Lost/Churned
18029,642,1,433.77,6.466144724237619,0.6931471805599453,6.0748171556265245,2,Lost/Churned
18030,4,2,230.64999999999998,1.6094379124341003,1.0986122886681098,5.4452276118626575,0,New/Occasional
18031,379,1,462.1,5.940171252720432,0.6931471805599453,6.137943013486706,2,Lost/Churned
18032,334,1,73.5,5.814130531825066,0.6931471805599453,4.310799125385514,2,Lost/Churned
18033,65,1,97.97,4.189654742026425,0.6931471805599453,4.5948167739086,0,New/Occasional
18034,22,3,793.7,3.1354942159291497,1.3862943611198906,6.677964684946134,0,New/Occasional
18035,36,5,1276.74,3.6109179126442243,1.791759469228055,7.152848171360671,3,Loyal Customers
18036,32,11,1563.64,3.4965075614664802,2.4849066497880004,7.355411044563965,1,Big Spenders
18037,154,15,167.42,5.043425116919247,2.772588722239781,5.126460859601846,4,At Risk
18038,556,1,149.41,6.322565239927284,0.6931471805599453,5.013364898667122,2,Lost/Churned
18039,374,4,579.17,5.926926025970411,1.6094379124341003,6.363321164042317,4,At Risk
18040,19,2,357.20000000000005,2.995732273553991,1.0986122886681098,5.881091489626612,0,New/Occasional
18041,12,38,8752.38,2.5649493574615367,3.6635616461296463,9.077195190476827,5,Champions
18042,54,2,281.15,4.007333185232471,1.0986122886681098,5.642438844415149,0,New/Occasional
18043,25,3,875.97,3.258096538021482,1.3862943611198906,6.776472784261436,0,New/Occasional
18044,4,18,3505.61,1.6094379124341003,2.9444389791664403,8.162405037797205,5,Champions
18045,45,1,189.4,3.828641396489095,0.6931471805599453,5.249127122357265,0,New/Occasional
18046,650,1,189.63,6.478509642208569,0.6931471805599453,5.250334376525886,2,Lost/Churned
18047,381,2,342.69,5.945420608606575,1.0986122886681098,5.839740088291405,2,Lost/Churned
18048,203,3,401.73,5.318119993844216,1.3862943611198906,5.99826636222691,4,At Risk
18049,437,2,556.52,6.082218910376446,1.0986122886681098,6.323498377130264,4,At Risk
18050,359,2,412.06,5.886104031450156,1.0986122886681098,6.0235928608595035,2,Lost/Churned
18051,634,7,2282.28,6.453624998892692,2.0794415416798357,7.733368284651133,4,At Risk
18052,565,1,10877.18,6.338594078203183,0.6931471805599453,9.294514227005408,4,At Risk
18053,71,3,571.07,4.276666119016055,1.3862943611198906,6.349261361514645,0,New/Occasional
18054,393,1,176.5,5.976350909297934,0.6931471805599453,5.178970608915471,2,Lost/Churned
18055,7,14,11195.57,2.0794415416798357,2.70805020110221,9.323362760379078,5,Champions
18056,288,2,554.6,5.666426688112432,1.0986122886681098,6.320048610880189,4,At Risk
18057,393,3,1203.56,5.976350909297934,1.3862943611198906,7.093869634014788,4,At Risk
18058,10,3,774.06,2.3978952727983707,1.3862943611198906,6.6529404457114625,0,New/Occasional
18059,23,3,306.46,3.1780538303479458,1.3862943611198906,5.728344997484453,0,New/Occasional
18060,408,2,1185.46,6.013715156042802,1.0986122886681098,7.078729362707452,4,At Risk
18061,22,28,6488.97,3.1354942159291497,3.367295829986474,8.778013187191304,5,Champions
18062,173,6,1632.67,5.159055299214529,1.9459101490553132,7.3985842966392745,4,At Risk
18063,391,2,186.60000000000002,5.971261839790462,1.0986122886681098,5.234312036572124,2,Lost/Churned
18064,133,11,4495.03,4.897839799950911,2.4849066497880004,8.41095006414913,1,Big Spenders
18065,6,29,5866.63,1.9459101490553132,3.4011973816621555,8.677206083423497,5,Champions
18066,75,3,1440.4,4.330733340286331,1.3862943611198906,7.27337014249034,4,At Risk
18067,40,1,396.33,3.713572066704308,0.6931471805599453,5.98476716966025,0,New/Occasional
18068,289,1,101.7,5.66988092298052,0.6931471805599453,4.631812116934513,2,Lost/Churned
18069,26,11,4540.56,3.295836866004329,2.4849066497880004,8.421025844348996,1,Big Spenders
18070,669,1,314.1,6.507277712385012,0.6931471805599453,5.752890048763229,2,Lost/Churned
18071,258,6,1428.63,5.556828061699537,1.9459101490553132,7.265170948515917,4,At Risk
18072,186,1,247.44,5.231108616854587,0.6931471805599453,5.515201367691102,2,Lost/Churned
18073,114,12,3877.5200000000004,4.74493212836325,2.5649493574615367,8.263208916550349,1,Big Spenders
18074,374,2,1509.04,5.926926025970411,1.0986122886681098,7.31989141952434,4,At Risk
18075,23,20,5783.29,3.1780538303479458,3.044522437723423,8.662900900894304,5,Champions
18076,380,1,151.49,5.942799375126701,0.6931471805599453,5.027099020126921,2,Lost/Churned
18077,8,18,4338.56,2.1972245773362196,2.9444389791664403,8.37552823946642,5,Champions
18078,217,4,844.6,5.384495062789089,1.6094379124341003,6.740046434556028,4,At Risk
18079,45,5,4242.75,3.828641396489095,1.791759469228055,8.353202591307006,1,Big Spenders
18080,19,2,1231.5,2.995732273553991,1.0986122886681098,7.116799905916845,0,New/Occasional
18081,36,3,343.45,3.6109179126442243,1.3862943611198906,5.841948942039205,0,New/Occasional
18082,26,1,703.37,3.295836866004329,0.6931471805599453,6.557303786277275,0,New/Occasional
18083,398,1,470.73,5.988961416889864,0.6931471805599453,6.156406788013439,2,Lost/Churned
18084,16,3,812.9300000000001,2.833213344056216,1.3862943611198906,6.701874367218756,0,New/Occasional
18085,330,4,1645.75,5.802118375377063,1.6094379124341003,7.406558927520802,4,At Risk
18086,274,1,101.34,5.616771097666572,0.6931471805599453,4.628300603376946,2,Lost/Churned
18087,98,17,14761.52,4.59511985013459,2.8903717578961645,9.599846815288782,1,Big Spenders
18088,61,1,167.67000000000002,4.127134385045092,0.6931471805599453,5.127944143269923,0,New/Occasional
18089,447,1,428.45,6.104793232414985,0.6931471805599453,6.062505320212233,2,Lost/Churned
18090,422,1,349.4,6.0473721790462776,0.6931471805599453,5.859075359062237,2,Lost/Churned
18091,593,1,360.85,6.386879319362645,0.6931471805599453,5.891229761312137,2,Lost/Churned
18092,2,18,16179.44,1.0986122886681098,2.9444389791664403,9.691558384309479,5,Champions
18093,93,8,4452.71,4.543294782270004,2.1972245773362196,8.401492735684092,1,Big Spenders
18094,82,13,6391.52,4.418840607796598,2.6390573296152584,8.762883835826853,1,Big Spenders
18095,313,5,2303.09,5.749392985908253,1.791759469228055,7.742441083552863,4,At Risk
18096,12,6,1805.28,2.5649493574615367,1.9459101490553132,7.4990247607193545,3,Loyal Customers
18097,8,11,4663.32,2.1972245773362196,2.4849066497880004,8.447697336311375,3,Loyal Customers
18098,396,1,550.84,5.983936280687191,0.6931471805599453,6.313258149188531,2,Lost/Churned
18099,127,1,168.31,4.852030263919617,0.6931471805599453,5.131731354140141,2,Lost/Churned
18100,550,1,451.56,6.311734809152915,0.6931471805599453,6.1149203510349,2,Lost/Churned
18101,11,5,629.16,2.4849066497880004,1.791759469228055,6.445973755395069,3,Loyal Customers
18102,1,145,608821.65,0.6931471805599453,4.983606621708336,13.319282289173948,5,Champions
18103,549,1,105.8,6.309918278226516,0.6931471805599453,4.6709579265260945,2,Lost/Churned
18104,37,1,754.64,3.6375861597263857,0.6931471805599453,6.627565072288651,0,New/Occasional
18105,38,1,113.48000000000002,3.6635616461296463,0.6931471805599453,4.740400135248196,0,New/Occasional
18106,330,6,1461.46,5.802118375377063,1.9459101490553132,7.287875228304632,4,At Risk
18107,442,1,167.13,6.093569770045136,0.6931471805599453,5.124737489690837,2,Lost/Churned
18108,254,3,848.8100000000001,5.541263545158426,1.3862943611198906,6.745012795086175,4,At Risk
18109,2,38,9893.96,1.0986122886681098,3.6635616461296463,9.199780815582816,5,Champions
18110,20,2,435.43,3.044522437723423,1.0986122886681098,6.078627995867447,0,New/Occasional
18111,589,1,405.85,6.380122536899765,0.6931471805599453,6.008444567142666,2,Lost/Churned
18112,12,4,775.96,2.5649493574615367,1.6094379124341003,6.655388868991024,3,Loyal Customers
18113,369,1,152.64000000000001,5.91350300563827,0.6931471805599453,5.034612203477704,2,Lost/Churned
18114,290,1,220.1,5.673323267171493,0.6931471805599453,5.3986150878634005,2,Lost/Churned
18115,698,1,9.700000000000001,6.54965074223381,0.6931471805599453,2.3702437414678608,2,Lost/Churned
18116,68,13,2154.3,4.23410650459726,2.6390573296152584,7.675685203985768,1,Big Spenders
18117,26,1,320.71999999999997,3.295836866004329,0.6931471805599453,5.773681602035868,0,New/Occasional
18118,11,29,6733.22,2.4849066497880004,3.4011973816621555,8.814957269220036,5,Champions
18119,368,1,362.24,5.910796644040527,0.6931471805599453,5.8950637728216275,2,Lost/Churned
18120,214,1,111.15,5.3706380281276624,0.6931471805599453,4.719837260966218,2,Lost/Churned
18121,149,2,673.1,5.0106352940962555,1.0986122886681098,6.513378467859393,4,At Risk
18122,8,6,1826.21,2.1972245773362196,1.9459101490553132,7.510545492301356,3,Loyal Customers
18123,24,3,684.59,3.2188758248682006,1.3862943611198906,6.5302797814129026,0,New/Occasional
18124,472,1,111.53,6.159095388491933,0.6931471805599453,4.723219852761906,2,Lost/Churned
18125,30,4,1142.99,3.4339872044851463,1.6094379124341003,7.042277430642797,3,Loyal Customers
18126,61,1,206.83,4.127134385045092,0.6931471805599453,5.336720437830982,0,New/Occasional
18127,19,4,561.53,2.995732273553991,1.6094379124341003,6.332444465989737,0,New/Occasional
18128,537,1,420.04,6.2878585601617845,0.6931471805599453,6.042727841045523,2,Lost/Churned
18129,243,1,112.55000000000001,5.497168225293202,0.6931471805599453,4.732243268551567,2,Lost/Churned
18130,15,3,1059.39,2.772588722239781,1.3862943611198906,6.966392043966783,3,Loyal Customers
18131,632,1,222.95999999999998,6.450470422144176,0.6931471805599453,5.411467464480692,2,Lost/Churned
18132,504,1,226.9,6.22455842927536,0.6931471805599453,5.4289069362516384,2,Lost/Churned
18133,212,1,931.5,5.3612921657094255,0.6931471805599453,6.837869151517971,4,At Risk
18134,598,2,445.0,6.395261598115449,1.0986122886681098,6.100318952020064,2,Lost/Churned
18135,29,10,1249.6200000000001,3.4011973816621555,2.3978952727983707,7.131394707329006,3,Loyal Customers
18136,63,5,1631.3600000000001,4.1588830833596715,1.791759469228055,7.397782099433339,1,Big Spenders
18137,551,2,145.99,6.313548046277095,1.0986122886681098,4.990364557253896,2,Lost/Churned
18138,295,1,152.65,5.69035945432406,0.6931471805599453,5.034677288576494,2,Lost/Churned
18139,18,6,8438.34,2.9444389791664403,1.9459101490553132,9.040659385480165,1,Big Spenders
18140,474,1,536.41,6.163314804034641,0.6931471805599453,6.286761304121399,2,Lost/Churned
18141,402,2,882.47,5.998936561946683,1.0986122886681098,6.783857335325853,4,At Risk
18142,157,2,1019.52,5.062595033026967,1.0986122886681098,6.928067580294015,4,At Risk
18143,117,2,1000.16,4.770684624465665,1.0986122886681098,6.908914606701983,4,At Risk
18144,8,19,5058.0,2.1972245773362196,2.995732273553991,8.528924114291936,5,Champions
18145,13,11,5617.79,2.6390573296152584,2.4849066497880004,8.633871617215725,3,Loyal Customers
18146,141,2,160.35,4.955827057601261,1.0986122886681098,5.083575918497971,2,Lost/Churned
18147,46,2,179.34,3.8501476017100584,1.0986122886681098,5.19484395807176,0,New/Occasional
18148,647,1,114.10000000000001,6.473890696352274,0.6931471805599453,4.745801315727837,2,Lost/Churned
18149,51,7,1624.71,3.9512437185814275,2.0794415416798357,7.393699922417667,1,Big Spenders
18150,32,3,566.58,3.4965075614664802,1.3862943611198906,6.341381708583334,0,New/Occasional
18151,135,6,1879.44,4.912654885736052,1.9459101490553132,7.539261070993501,1,Big Spenders
18152,646,1,426.69,6.472346294500901,0.6931471805599453,6.058398634085082,2,Lost/Churned
18153,659,1,246.22,6.492239835020471,0.6931471805599453,5.510278628459677,2,Lost/Churned
18154,3,5,932.6,1.3862943611198906,1.791759469228055,6.839048080972346,3,Loyal Customers
18155,75,3,371.62,4.330733340286331,1.3862943611198906,5.920559133592207,0,New/Occasional
18156,13,2,941.1700000000001,2.6390573296152584,1.0986122886681098,6.848185725385432,0,New/Occasional
18157,571,1,215.35,6.349138991379798,0.6931471805599453,5.3768974666708935,2,Lost/Churned
18158,9,2,453.4,2.302585092994046,1.0986122886681098,6.118977867406942,0,New/Occasional
18159,301,1,530.15,5.71042701737487,0.6931471805599453,6.275044467226023,2,Lost/Churned
18160,57,3,1003.88,4.060443010546419,1.3862943611198906,6.912623410378997,0,New/Occasional
18161,15,6,1803.1000000000001,2.772588722239781,1.9459101490553132,7.497817131458757,3,Loyal Customers
18162,732,1,379.15999999999997,6.597145701886651,0.6931471805599453,5.940592216734226,2,Lost/Churned
18163,584,1,728.84,6.371611847231857,0.6931471805599453,6.5928253320372185,2,Lost/Churned
18164,37,1,399.65,3.6375861597263857,0.6931471805599453,5.99308822822408,0,New/Occasional
18165,177,1,302.46,5.181783550292085,0.6931471805599453,5.715249806097095,2,Lost/Churned
18166,624,1,175.5,6.437751649736401,0.6931471805599453,5.173320876373351,2,Lost/Churned
18167,23,3,1384.8600000000001,3.1780538303479458,1.3862943611198906,7.234076164546975,3,Loyal Customers
18168,176,16,3770.27,5.176149732573829,2.833213344056216,8.235167093740614,1,Big Spenders
18169,61,1,202.65,4.127134385045092,0.6931471805599453,5.316402834094422,0,New/Occasional
18170,33,9,2878.0,3.5263605246161616,2.302585092994046,7.965198290612176,1,Big Spenders
18171,59,9,2437.31,4.0943445622221,2.302585092994046,7.799060455362338,1,Big Spenders
18172,15,52,17479.84,2.772588722239781,3.970291913552122,9.768860702974834,5,Champions
18173,87,5,2696.36,4.477336814478207,1.791759469228055,7.9000287958781215,1,Big Spenders
18174,7,2,162.5,2.0794415416798357,1.0986122886681098,5.096812990337308,0,New/Occasional
18175,676,1,176.10000000000002,6.517671272912275,0.6931471805599453,5.176714544788788,2,Lost/Churned
18176,358,1,476.35,5.883322388488279,0.6931471805599453,6.168249974444042,2,Lost/Churned
18177,31,9,2216.87,3.4657359027997265,2.302585092994046,7.7043025548310125,1,Big Spenders
18178,129,11,6103.74,4.867534450455582,2.4849066497880004,8.71682079759532,1,Big Spenders
18179,9,8,2547.55,2.302585092994046,2.1972245773362196,7.84327984897159,3,Loyal Customers
18180,5,6,1843.75,1.791759469228055,1.9459101490553132,7.520099045938476,3,Loyal Customers
18181,24,5,1205.94,3.2188758248682006,1.791759469228055,7.095843509837092,3,Loyal Customers
18182,463,1,291.13,6.139884552226255,0.6931471805599453,5.677198908673179,2,Lost/Churned
18183,227,2,632.07,5.429345628954441,1.0986122886681098,6.450581000548326,4,At Risk
18184,15,1,49.8,2.772588722239781,0.6931471805599453,3.927896354584436,0,New/Occasional
18185,249,1,304.25,5.521460917862246,0.6931471805599453,5.721131112990814,2,Lost/Churned
18186,723,1,329.58000000000004,6.584791392385716,0.6931471805599453,5.800848687489207,2,Lost/Churned
18187,632,1,724.89,6.450470422144176,0.6931471805599453,6.587398488193701,2,Lost/Churned
18188,15,6,3280.59,2.772588722239781,1.9459101490553132,8.09608334001947,3,Loyal Customers
18189,78,3,1403.73,4.3694478524670215,1.3862943611198906,7.2476003924821635,4,At Risk
18190,192,5,745.62,5.262690188904886,1.791759469228055,6.6155563542277696,4,At Risk
18191,262,2,529.4,5.572154032177765,1.0986122886681098,6.273631438871653,4,At Risk
18192,72,1,957.97,4.290459441148391,0.6931471805599453,6.865859791808101,0,New/Occasional
18193,165,3,1207.3500000000001,5.111987788356544,1.3862943611198906,7.09701107162899,4,At Risk
18194,82,6,4162.04,4.418840607796598,1.9459101490553132,8.334000855604256,1,Big Spenders
18195,387,1,101.16,5.961005339623274,0.6931471805599453,4.626540211724284,2,Lost/Churned
18196,95,4,1464.31,4.564348191467836,1.6094379124341003,7.289822103161742,4,At Risk
18197,576,1,230.1,6.3578422665081,0.6931471805599453,5.442850517280335,2,Lost/Churned
18198,4,17,5425.56,1.6094379124341003,2.8903717578961645,8.599060694675584,5,Champions
18199,684,1,344.75,6.529418838262226,0.6931471805599453,5.845715970544868,2,Lost/Churned
18200,106,1,163.8,4.672828834461906,0.6931471805599453,5.1047326174753715,2,Lost/Churned
18201,723,1,447.53000000000003,6.584791392385716,0.6931471805599453,6.105975568893946,2,Lost/Churned
18202,200,3,1396.99,5.303304908059076,1.3862943611198906,7.242790769692349,4,At Risk
18203,157,4,504.42,5.062595033026967,1.6094379124341003,6.2253897667868685,4,At Risk
18204,71,3,1993.7,4.276666119016055,1.3862943611198906,7.598248942076519,4,At Risk
18205,36,2,517.36,3.6109179126442243,1.0986122886681098,6.2506699815672135,0,New/Occasional
18206,553,1,314.65999999999997,6.317164686747284,0.6931471805599453,5.754665684970771,2,Lost/Churned
18207,499,1,544.47,6.214608098422191,0.6931471805599453,6.301647808343773,2,Lost/Churned
18208,566,1,360.08,6.340359303727752,0.6931471805599453,5.889099540429954,2,Lost/Churned
18209,29,1,139.10000000000002,3.4011973816621555,0.6931471805599453,4.942356453342962,0,New/Occasional
18210,2,7,2768.83,1.0986122886681098,2.0794415416798357,7.9265412254569005,3,Loyal Customers
18211,26,5,600.07,3.295836866004329,1.791759469228055,6.3987114002985646,0,New/Occasional
18212,326,2,546.72,5.7899601708972535,1.0986122886681098,6.3057642074640325,4,At Risk
18213,237,1,232.48000000000002,5.472270673671475,0.6931471805599453,5.453096420335591,2,Lost/Churned
18214,531,4,1780.34,6.2766434893416445,1.6094379124341003,7.485121169056339,4,At Risk
18215,89,5,2247.4900000000002,4.499809670330265,1.791759469228055,7.7180141587914886,1,Big Spenders
18216,31,1,481.75,3.4657359027997265,0.6931471805599453,6.179498921308624,0,New/Occasional
18217,29,4,945.04,3.4011973816621555,1.6094379124341003,6.852284851456062,0,New/Occasional
18218,211,4,1142.0,5.356586274672012,1.6094379124341003,7.04141166379481,4,At Risk
18219,3,17,3562.89,1.3862943611198906,2.8903717578961645,8.17860792391686,5,Champions
18220,227,6,1921.76,5.429345628954441,1.9459101490553132,7.561516932807789,4,At Risk
18221,22,6,1424.94,3.1354942159291497,1.9459101490553132,7.262586524352708,3,Loyal Customers
18222,93,1,443.0,4.543294782270004,0.6931471805599453,6.095824562432225,0,New/Occasional
18223,5,26,14000.85,1.791759469228055,3.295836866004329,9.54694474272444,5,Champions
18224,264,1,158.95000000000002,5.579729825986222,0.6931471805599453,5.074861266395527,2,Lost/Churned
18225,3,26,13054.26,1.3862943611198906,3.295836866004329,9.47694639667601,5,Champions
18226,44,26,11878.88,3.8066624897703196,3.295836866004329,9.38260149185552,5,Champions
18227,218,2,388.75,5.389071729816501,1.0986122886681098,5.965505507937886,2,Lost/Churned
18228,57,2,779.9,4.060443010546419,1.0986122886681098,6.660447100668629,0,New/Occasional
18229,12,28,10803.71,2.5649493574615367,3.367295829986474,9.28773742915461,5,Champions
18230,9,9,4291.06,2.302585092994046,2.302585092994046,8.364522083149614,3,Loyal Customers
18231,192,28,6880.97,5.262690188904886,3.367295829986474,8.836660227150016,1,Big Spenders
18232,82,4,592.97,4.418840607796598,1.6094379124341003,6.386828813036717,4,At Risk
18233,326,1,440.0,5.7899601708972535,0.6931471805599453,6.089044875446846,2,Lost/Churned
18234,552,1,179.6,6.315358001522335,0.6931471805599453,5.196284640982885,2,Lost/Churned
18235,72,3,1796.48,4.290459441148391,1.3862943611198906,7.494140962968628,4,At Risk
18236,30,12,1795.3500000000001,3.4339872044851463,2.5649493574615367,7.493512107381559,1,Big Spenders
18237,3,5,987.1,1.3862943611198906,1.791759469228055,6.895783907200917,3,Loyal Customers
18238,515,1,270.92,6.246106765481563,0.6931471805599453,5.605507905387861,2,Lost/Churned
18239,219,6,2150.36,5.393627546352362,1.9459101490553132,7.673855479280672,4,At Risk
18240,46,1,422.58,3.8501476017100584,0.6931471805599453,6.0487423982594555,0,New/Occasional
18241,10,21,2986.9900000000002,2.3978952727983707,3.091042453358316,8.002356199526893,5,Champions
18242,72,8,3605.21,4.290459441148391,2.1972245773362196,8.190412638340476,1,Big Spenders
18243,414,1,515.78,6.028278520230698,0.6931471805599453,6.247617252029137,2,Lost/Churned
18244,431,2,568.64,6.068425588244111,1.0986122886681098,6.345004582351227,4,At Risk
18245,7,20,6324.9800000000005,2.0794415416798357,3.044522437723423,8.752420242305112,5,Champions
18246,24,3,758.8199999999999,3.2188758248682006,1.3862943611198906,6.633081563123593,0,New/Occasional
18247,415,3,839.73,6.030685260261263,1.3862943611198906,6.7342705620531635,4,At Risk
18248,123,2,804.02,4.820281565605037,1.0986122886681098,6.690867121830435,4,At Risk
18249,17,1,95.34,2.8903717578961645,0.6931471805599453,4.567883601202075,0,New/Occasional
18250,310,1,349.27,5.739792912179234,0.6931471805599453,5.858704285656805,2,Lost/Churned
18251,87,9,26278.86,4.477336814478207,2.302585092994046,10.176558145339303,1,Big Spenders
18252,51,7,1542.09,3.9512437185814275,2.0794415416798357,7.341542178594752,1,Big Spenders
18253,643,1,317.88,6.467698726104354,0.6931471805599453,5.7648148564644845,2,Lost/Churned
18254,581,1,267.9,6.366470447731438,0.6931471805599453,5.5943395632748185,2,Lost/Churned
18255,89,2,303.15,4.499809670330265,1.0986122886681098,5.717521000766714,0,New/Occasional
18256,388,1,110.69999999999999,5.963579343618446,0.6931471805599453,4.715816706075155,2,Lost/Churned
18257,39,12,4600.15,3.6888794541139363,2.5649493574615367,8.434061551232393,1,Big Spenders
18258,464,6,2059.67,6.142037405587356,1.9459101490553132,7.630786451622126,4,At Risk
18259,25,7,4318.2,3.258096538021482,2.0794415416798357,8.370825478904077,1,Big Spenders
18260,173,23,9962.11,5.159055299214529,3.1780538303479458,9.206644550835057,1,Big Spenders
18261,43,2,324.24,3.784189633918261,1.0986122886681098,5.784563371339637,0,New/Occasional
18262,140,3,577.54,4.948759890378168,1.3862943611198906,6.360507688582179,4,At Risk
18263,26,3,1213.16,3.295836866004329,1.3862943611198906,7.10180775865179,0,New/Occasional
18264,499,1,603.25,6.214608098422191,0.6931471805599453,6.4039880195835925,2,Lost/Churned
18265,72,2,801.51,4.290459441148391,1.0986122886681098,6.687744315985722,0,New/Occasional
18266,434,1,251.1,6.075346031088684,0.6931471805599453,5.529825834193874,2,Lost/Churned
18267,673,1,269.37,6.513230110912307,0.6931471805599453,5.599791391268202,2,Lost/Churned
18268,134,6,1490.23,4.90527477843843,1.9459101490553132,7.307356561754713,4,At Risk
18269,366,1,337.20000000000005,5.905361848054571,0.6931471805599453,5.82363743646448,2,Lost/Churned
18270,38,3,444.55,3.6635616461296463,1.3862943611198906,6.099309474058729,0,New/Occasional
18271,610,2,680.85,6.415096959171596,1.0986122886681098,6.524809692303843,4,At Risk
18272,3,9,4385.9800000000005,1.3862943611198906,2.302585092994046,8.386396342231729,3,Loyal Customers
18273,2,4,357.0,1.0986122886681098,1.6094379124341003,5.8805329864007,3,Loyal Customers
18274,30,1,175.92,3.4339872044851463,0.6931471805599453,5.1756976530001255,0,New/Occasional
18275,578,2,741.85,6.361302477572996,1.0986122886681098,6.610494140083362,4,At Risk
18276,44,6,1656.52,3.8066624897703196,1.9459101490553132,7.413077788352227,1,Big Spenders
18277,58,5,1180.05,4.07753744390572,1.791759469228055,7.074159152303717,1,Big Spenders
18278,74,2,414.20000000000005,4.31748811353631,1.0986122886681098,6.028760331851679,0,New/Occasional
18279,519,1,231.34,6.253828811575473,0.6931471805599453,5.448201816085329,2,Lost/Churned
18280,278,2,488.15000000000003,5.631211781821365,1.0986122886681098,6.1926691909034375,4,At Risk
18281,181,2,201.14,5.204006687076795,1.0986122886681098,5.3089605266465165,2,Lost/Churned
18282,8,2,178.05,2.1972245773362196,1.0986122886681098,5.187665096444442,0,New/Occasional
18283,4,22,2736.65,1.6094379124341003,3.1354942159291497,7.91485516714414,5,Champions
18284,432,1,461.68,6.07073772800249,0.6931471805599453,6.137035670427201,2,Lost/Churned
18285,661,1,427.0,6.495265555937008,0.6931471805599453,6.059123195581797,2,Lost/Churned
18286,477,2,1296.43,6.169610732491456,1.0986122886681098,7.168140663681035,4,At Risk
18287,43,7,4182.99,3.784189633918261,2.0794415416798357,8.339020615684541,1,Big Spenders
