StockCode,avg_daily_demand,demand_std,total_units_sold,safety_stock,reorder_point,recommended_order_qty
10002,11.96,55.79,8836,243.57,327.27,358.7
10080,0.43,10.99,315,47.96,50.95,12.79
10120,0.92,11.67,680,50.95,57.39,27.6
10123C,0.88,26.72,654,116.64,122.83,26.55
10123G,3.05,365.71,2251,1596.49,1617.81,91.38
10124A,0.08,1.91,62,8.34,8.93,2.52
10124G,0.05,1.51,38,6.58,6.94,1.54
10125,2.91,17.97,2151,78.45,98.83,87.32
10133,5.25,17.98,3882,78.48,115.25,157.59
10134,0.85,30.95,627,135.13,141.07,25.45
10135,5.78,41.42,4273,180.8,221.27,173.46
10138,0.35,19.72,261,86.1,88.57,10.6
11001,6.61,39.75,4885,173.51,219.78,198.31
15030,0.34,11.01,254,48.07,50.48,10.31
15034,13.89,115.65,10266,504.86,602.11,416.75
15036,60.03,126.62,44365,552.74,972.97,1801.01
15039,6.93,40.65,5119,177.47,225.96,207.81
15044A,6.73,221.09,4970,965.17,1012.25,201.76
15044B,2.26,37.96,1673,165.73,181.58,67.92
15044C,1.32,7.45,973,32.51,41.73,39.5
15044D,2.16,13.33,1598,58.19,73.33,64.87
15056BL,13.05,41.01,9646,179.03,270.4,391.58
15056N,15.39,36.89,11370,161.02,268.72,461.57
15056P,3.42,33.48,2529,146.14,170.1,102.67
15056bl,0.17,0.69,126,2.99,4.19,5.12
15056n,0.24,1.16,180,5.08,6.78,7.31
15056p,0.07,0.57,50,2.49,2.96,2.03
15058A,0.64,3.38,476,14.75,19.26,19.32
15058B,0.59,4.02,438,17.57,21.72,17.78
15058C,0.64,5.72,470,24.98,29.44,19.08
15059A,0.69,251.83,509,1099.38,1104.2,20.66
15060B,1.95,4.44,1438,19.36,32.98,58.38
16008,4.25,58.98,3143,257.49,287.26,127.59
16010,0.06,4.6,44,20.1,20.52,1.79
16011,5.29,31.2,3906,136.19,173.19,158.57
16012,4.02,30.15,2973,131.6,159.76,120.69
16014,41.1,678.16,30370,2960.49,3248.16,1232.88
16015,2.13,39.59,1573,172.82,187.72,63.86
16016,3.16,35.75,2338,156.06,178.2,94.91
16020C,0.22,4.93,160,21.52,23.04,6.5
16033,20.46,454.35,15121,1983.45,2126.68,613.84
16043,2.9,353.34,2145,1542.52,1562.84,87.08
16044,8.38,3533.17,6193,15424.03,15482.69,251.41
16045,12.6,114.72,9312,500.82,589.02,378.02
16046,13.61,794.12,10061,3466.73,3562.03,408.43
16047,14.36,1272.98,10614,5557.19,5657.73,430.88
16048,4.68,89.1,3462,388.95,421.74,140.54
16049,4.29,141.91,3169,619.52,649.54,128.65
16050,0.2,20.66,151,90.21,91.64,6.13
16051,1.27,420.79,941,1836.94,1845.86,38.2
16052,1.15,52.8,850,230.52,238.57,34.51
16053,5.84,826.96,4313,3610.08,3650.93,175.09
16054,1.64,23.41,1210,102.21,113.67,49.12
16119,0.37,55.19,273,240.95,243.54,11.08
16151A,0.07,18.26,52,79.7,80.19,2.11
16156L,1.29,5.81,950,25.35,34.35,38.57
16156N,2.0,5.68,1475,24.8,38.77,59.88
16156S,22.68,62.85,16761,274.37,433.13,680.42
16161C,0.61,176.78,450,771.72,775.98,18.27
16161E,1.01,156.62,750,683.74,690.85,30.45
16161G,1.32,14.6,975,63.72,72.96,39.58
16161M,1.45,6.67,1075,29.11,39.29,43.64
16161P,17.99,29.84,13298,130.27,256.23,539.84
16161U,13.63,40.16,10076,175.34,270.78,409.04
16162L,10.96,946.09,8101,4130.16,4206.89,328.86
16162M,0.12,4.46,88,19.45,20.29,3.57
16168M,2.32,38.64,1713,168.7,184.93,69.54
16168S,1.74,164.51,1283,718.17,730.32,52.08
16169C,1.83,18.17,1350,79.32,92.11,54.8
16169D,0.34,8.33,250,36.38,38.75,10.15
16169E,6.17,23.72,4563,103.55,146.77,185.24
16169F,1.32,8.99,975,39.23,48.47,39.58
16169K,2.84,60.92,2100,265.96,285.86,85.25
16169M,2.79,61.5,2060,268.46,287.97,83.63
16169N,2.77,63.04,2050,275.19,294.6,83.22
16169P,2.37,68.6,1750,299.48,316.06,71.04
16201A,0.14,10.57,101,46.14,47.09,4.1
16201B,0.05,4.97,34,21.7,22.02,1.38
16202A,0.9,87.43,663,381.66,387.94,26.91
16202B,1.41,128.71,1039,561.89,571.74,42.18
16202C,0.13,8.18,97,35.73,36.65,3.94
16202E,0.11,5.27,82,23.03,23.8,3.33
16206B,0.13,6.27,96,27.38,28.29,3.9
16207A,0.19,1.39,143,6.05,7.4,5.81
16207B,0.36,18.22,265,79.54,82.05,10.76
16212,0.51,11.89,375,51.91,55.46,15.22
16216,5.63,170.43,4158,744.0,783.39,168.8
16218,6.27,62.32,4632,272.06,315.94,188.04
16219,4.54,70.15,3358,306.24,338.05,136.32
16225,2.07,27.44,1530,119.8,134.29,62.11
16235,8.04,41.38,5943,180.66,236.96,241.26
16236,3.61,14.5,2666,63.3,88.55,108.23
16237,14.8,29.78,10938,129.99,233.6,444.03
16238,3.42,13.52,2525,59.01,82.92,102.5
16239,0.47,62.4,347,272.39,275.68,14.09
16243B,0.29,72.12,212,314.86,316.87,8.61
16244A,0.25,18.09,186,78.98,80.75,7.55
16244B,0.47,46.03,345,200.94,204.2,14.01
16245A,0.01,0.79,11,3.43,3.54,0.45
16248B,0.11,12.87,82,56.17,56.95,3.33
16254,1.27,134.66,941,587.84,596.75,38.2
16256B,0.71,14.65,524,63.94,68.91,21.27
16256C,0.23,14.6,169,63.74,65.34,6.86
16258A,1.46,20.56,1080,89.78,100.01,43.84
16258B,1.38,127.81,1017,557.95,567.58,41.29
16259,7.41,65.79,5473,287.2,339.05,222.18
17001,1.64,88.14,1211,384.79,396.26,49.16
17003,96.66,556.0,71430,2427.2,3103.8,2899.73
17007B,0.06,5.2,46,22.71,23.15,1.87
17011A,0.35,37.34,261,162.99,165.46,10.6
17011B,0.03,9.19,19,40.13,40.31,0.77
17011C,0.45,235.47,335,1027.93,1031.1,13.6
17011D,0.28,93.4,209,407.74,409.72,8.48
17011F,0.52,41.65,386,181.8,185.46,15.67
17012A,0.99,22.34,731,97.52,104.45,29.68
17012B,0.99,13.34,728,58.24,65.13,29.55
17012C,1.17,26.33,862,114.92,123.09,34.99
17012D,0.71,6.99,524,30.5,35.47,21.27
17012E,0.4,32.4,294,141.43,144.22,11.94
17012F,0.8,11.14,591,48.63,54.23,23.99
17013B,0.35,73.08,256,319.02,321.44,10.39
17013C,0.29,14.85,213,64.82,66.84,8.65
17013D,1.45,49.13,1069,214.46,224.59,43.4
17013F,0.08,24.39,62,106.47,107.06,2.52
17014A,0.37,29.62,277,129.32,131.94,11.24
17014C,0.13,67.18,97,293.25,294.17,3.94
17014D,0.65,83.66,479,365.2,369.74,19.45
17014E,0.13,35.85,95,156.49,157.39,3.86
17014F,0.08,27.84,61,121.52,122.1,2.48
17021,6.0,115.44,4436,503.94,545.96,180.08
17027A,0.31,42.43,228,185.21,187.37,9.26
17033,4.44,84.66,3280,369.56,400.63,133.15
17038,3.6,55.37,2659,241.74,266.92,107.94
17039,5.02,200.39,3707,874.8,909.91,150.49
17084A,0.6,8.37,442,36.53,40.72,17.94
17084G,0.07,0.0,50,0.0,0.47,2.03
17084J,0.65,10.3,481,44.94,49.5,19.53
17084N,3.79,24.49,2798,106.89,133.4,113.59
17084P,1.41,25.55,1041,111.52,121.38,42.26
17084R,16.42,321.32,12137,1402.71,1517.67,492.71
17090A,0.29,10.37,215,45.26,47.3,8.73
17090D,0.13,2.83,95,12.37,13.27,3.86
17091A,2.84,35.96,2096,156.98,176.84,85.09
17091B,0.38,8.17,282,35.67,38.34,11.45
17091F,0.03,1.6,19,6.98,7.16,0.77
17091J,5.53,36.13,4086,157.74,196.45,165.87
17096,8.45,248.54,6243,1084.98,1144.11,253.44
17107D,0.45,2.52,336,11.0,14.19,13.64
17108D,0.48,9.3,355,40.59,43.95,14.41
17109A,0.96,85.79,709,374.5,381.21,28.78
17109B,6.15,936.04,4542,4086.26,4129.28,184.38
17109C,4.23,644.36,3124,2812.93,2842.52,126.82
17109D,1.71,73.99,1260,322.99,334.92,51.15
17129C,0.12,20.4,87,89.04,89.87,3.53
17129D,1.52,60.89,1125,265.8,276.46,45.67
17129F,2.14,15.56,1584,67.92,82.93,64.3
17136A,1.08,17.87,795,77.99,85.53,32.27
17164B,2.21,37.52,1632,163.81,179.27,66.25
17164D,1.57,69.67,1159,304.14,315.12,47.05
17165B,1.1,36.58,813,159.69,167.4,33.0
17165D,0.98,14.07,723,61.41,68.26,29.35
17174,0.05,8.45,36,36.91,37.25,1.46
17178,0.18,6.21,133,27.11,28.37,5.4
17181,0.48,11.7,354,51.07,54.42,14.37
17191A,0.04,1.48,33,6.48,6.79,1.34
18007,15.46,542.77,11424,2369.46,2477.67,463.76
18010,0.09,7.11,64,31.06,31.66,2.6
18094C,0.6,4.84,446,21.12,25.34,18.11
18096C,0.17,9.9,123,43.22,44.39,4.99
18097A,0.03,0.63,19,2.76,2.94,0.77
18097C,2.46,24.45,1818,106.73,123.95,73.8
18098C,1.71,8.86,1264,38.69,50.66,51.31
18098c,0.45,2.12,332,9.24,12.39,13.48
20615,0.88,7.91,647,34.54,40.67,26.27
20616,0.39,4.99,287,21.81,24.52,11.65
20617,0.68,19.44,499,84.88,89.6,20.26
20618,0.4,2.56,299,11.2,14.03,12.14
20619,0.78,8.14,580,35.54,41.04,23.55
20620,0.02,0.27,15,1.17,1.31,0.61
20621,0.28,17.02,208,74.29,76.26,8.44
20622,0.8,17.68,590,77.19,82.78,23.95
20652,2.06,47.21,1525,206.09,220.54,61.91
20653,2.71,197.33,2006,861.42,880.42,81.43
20654,0.54,4.33,400,18.92,22.71,16.24
20655,0.57,2.42,421,10.58,14.57,17.09
20657,2.54,111.02,1879,484.65,502.45,76.28
20658,2.2,5.18,1623,22.59,37.97,65.89
20659,0.51,2.91,374,12.68,16.22,15.18
20660,0.1,2.92,73,12.76,13.45,2.96
20661,1.22,37.49,900,163.65,172.18,36.54
20662,0.99,58.35,730,254.74,261.65,29.63
20663,1.46,102.75,1076,448.57,458.76,43.68
20664,0.08,1.07,57,4.66,5.2,2.31
20665,1.85,3.38,1368,14.78,27.73,55.53
20666,1.23,82.0,911,357.95,366.58,36.98
20667,0.05,1.01,40,4.4,4.78,1.62
20668,29.66,105.12,21916,458.91,666.5,889.69
20669,1.12,4.49,824,19.59,27.4,33.45
20670,0.94,60.23,694,262.94,269.52,28.17
20671,1.08,7.52,797,32.84,40.39,32.35
20672,0.19,3.62,138,15.81,17.12,5.6
20674,4.68,10.74,3462,46.86,79.66,140.54
20675,8.89,16.13,6573,70.42,132.68,266.83
20676,14.44,18.62,10674,81.28,182.39,433.32
20677,10.7,18.06,7907,78.84,153.74,320.99
20679,8.47,40.79,6259,178.08,237.37,254.09
20681,1.94,6.0,1436,26.21,39.81,58.29
20682,4.24,7.88,3131,34.4,64.06,127.1
20684,0.79,4.96,585,21.64,27.18,23.75
20685,13.5,15.79,9974,68.93,163.41,404.9
20686,0.82,3.23,605,14.1,19.83,24.56
20688,0.63,125.5,464,547.87,552.27,18.84
20689,0.58,51.63,430,225.38,229.45,17.46
20692,1.23,16.33,912,71.31,79.95,37.02
20693,0.04,1.29,33,5.65,5.96,1.34
20694,0.23,3.41,167,14.88,16.46,6.78
20695,0.19,3.16,143,13.8,15.15,5.81
20696,0.21,2.19,153,9.57,11.02,6.21
20697,0.06,1.42,44,6.21,6.63,1.79
20698,0.06,1.7,47,7.42,7.86,1.91
20699,0.41,2.57,301,11.21,14.06,12.22
20700,0.57,16.83,421,73.46,77.45,17.09
20701,0.48,24.04,353,104.93,108.27,14.33
20702,1.09,3.61,803,15.76,23.37,32.6
20703,0.64,1.95,475,8.53,13.03,19.28
20704,0.49,6.16,361,26.87,30.29,14.65
20705,0.37,7.38,273,32.22,34.81,11.08
20707,2.19,37.22,1616,162.49,177.8,65.6
20711,17.37,33.5,12838,146.23,267.83,521.16
20712,24.3,28.94,17957,126.34,296.43,728.97
20713,28.69,40.22,21199,175.6,376.4,860.58
20714,2.14,105.65,1580,461.22,476.18,64.14
20716,2.08,8.1,1539,35.34,49.92,62.48
20717,8.58,20.27,6342,88.5,148.58,257.46
20718,18.25,24.39,13489,106.47,234.24,547.59
20719,33.76,27.16,24945,118.58,354.87,1012.65
20723,25.01,21.53,18485,94.0,269.09,750.41
20724,43.96,27.27,32487,119.05,426.77,1318.82
20725,55.4,22.24,40942,97.1,484.92,1662.06
20726,30.23,35.57,22341,155.28,366.9,906.94
20727,36.71,32.66,27126,142.57,399.51,1101.19
20728,33.68,35.14,24892,153.42,389.2,1010.5
20729,7.12,381.18,5262,1664.05,1713.9,213.61
20730,3.0,138.2,2218,603.31,624.32,90.04
20731,5.61,318.4,4143,1389.98,1429.23,168.19
20733,2.65,25.61,1961,111.8,130.38,79.61
20734,2.16,41.01,1598,179.03,194.17,64.87
20735,2.09,21.27,1545,92.87,107.5,62.72
20736,0.39,25.21,291,110.04,112.8,11.81
20738,2.18,38.09,1610,166.26,181.51,65.36
20747,0.93,9.27,684,40.46,46.94,27.77
20748,2.17,38.05,1604,166.1,181.29,65.12
20749,4.27,9.25,3156,40.37,70.26,128.12
20750,5.11,6.53,3777,28.49,64.26,153.33
20751,3.98,7.49,2941,32.71,60.57,119.39
20752,2.08,12.3,1536,53.69,68.24,62.35
20753,0.29,4.2,218,18.35,20.41,8.85
20754,6.98,13.87,5159,60.57,109.44,209.43
20755,6.99,381.86,5162,1667.01,1715.9,209.55
20756,7.76,654.69,5734,2858.03,2912.35,232.77
20757,7.27,517.52,5375,2259.21,2310.13,218.2
20758,7.36,479.95,5441,2095.24,2146.78,220.88
20759,7.82,654.61,5782,2857.67,2912.44,234.72
20760,7.52,470.54,5555,2054.15,2106.76,225.51
20761,0.64,8.29,470,36.18,40.63,19.08
20762,0.63,8.81,466,38.44,42.85,18.92
20763,0.36,7.05,269,30.76,33.3,10.92
20764,0.94,8.13,692,35.49,42.04,28.09
20765,0.61,8.29,452,36.2,40.48,18.35
20766,0.71,8.29,525,36.19,41.16,21.31
20767,1.11,10.31,819,45.03,52.79,33.25
20768,1.04,11.72,771,51.17,58.47,31.3
20769,0.6,13.54,442,59.12,63.31,17.94
20770,1.43,11.98,1056,52.28,62.28,42.87
20771,0.85,9.83,629,42.92,48.88,25.53
20772,1.32,13.19,975,57.6,66.83,39.58
20773,4.54,269.54,3357,1176.67,1208.47,136.28
20774,4.73,284.88,3493,1243.63,1276.72,141.8
20775,4.89,309.12,3611,1349.46,1383.67,146.59
20776,4.41,327.54,3259,1429.88,1460.75,132.3
20777,4.96,241.77,3669,1055.46,1090.22,148.94
20778,4.89,346.29,3616,1511.71,1545.96,146.79
20780,0.34,4.41,249,19.23,21.59,10.11
20781,0.15,1.57,110,6.87,7.91,4.47
20782,0.23,1.54,171,6.74,8.36,6.94
20783,0.22,6.03,166,26.34,27.91,6.74
20784,0.14,3.61,101,15.76,16.72,4.1
20785,0.14,2.99,102,13.03,14.0,4.14
20786,0.13,3.9,99,17.01,17.95,4.02
20787,0.09,3.17,69,13.85,14.51,2.8
20793,0.38,50.77,281,221.65,224.31,11.41
20794,0.29,3.74,213,16.31,18.32,8.65
20795,0.18,6.62,135,28.92,30.2,5.48
20796,0.13,4.5,99,19.65,20.59,4.02
20798,0.77,8.95,569,39.09,44.48,23.1
20799,0.27,19.82,200,86.54,88.43,8.12
20800,1.36,442.19,1005,1930.36,1939.88,40.8
20801,1.48,11.86,1096,51.79,62.17,44.49
20802,1.44,11.75,1067,51.3,61.41,43.32
20803,1.58,21.52,1166,93.95,104.99,47.33
20804,0.45,18.12,333,79.11,82.27,13.52
20814,0.26,21.35,189,93.2,94.99,7.67
20816,0.03,1.99,24,8.68,8.91,0.97
20818,0.12,4.76,87,20.77,21.6,3.53
20819,0.31,5.66,229,24.71,26.88,9.3
20820,0.02,0.88,14,3.85,3.98,0.57
20821,0.06,1.65,42,7.21,7.61,1.71
20823,0.35,16.06,261,70.1,72.57,10.6
20825,0.49,105.5,361,460.54,463.96,14.65
20826,0.48,24.85,355,108.48,111.84,14.41
20827,0.23,24.97,173,109.0,110.64,7.02
20828,6.06,19.46,4481,84.96,127.4,181.91
20829,6.56,30.22,4850,131.93,177.87,196.89
20830,0.56,10.55,413,46.07,49.98,16.77
20831,0.65,11.85,480,51.74,56.29,19.49
20832,2.32,14.89,1714,65.01,81.24,69.58
20833,0.07,9.1,52,39.72,40.22,2.11
20835,0.11,4.84,81,21.14,21.91,3.29
20836,0.3,3.14,224,13.71,15.84,9.09
20837,0.22,3.33,165,14.54,16.1,6.7
20838,0.6,6.35,446,27.71,31.94,18.11
20839,0.87,4.51,642,19.67,25.75,26.06
20840,1.2,21.19,886,92.52,100.91,35.97
20845,0.1,4.11,76,17.96,18.68,3.09
20846,1.99,9.44,1471,41.19,55.12,59.72
20847,0.11,2.87,81,12.54,13.3,3.29
20848,0.05,3.02,39,13.18,13.55,1.58
20849,0.91,117.09,674,511.15,517.54,27.36
20850,1.11,144.01,820,628.68,636.44,33.29
20851,0.45,53.18,335,232.14,235.32,13.6
20854,0.63,8.48,462,37.01,41.38,18.76
20855,0.2,3.61,145,15.76,17.14,5.89
20856,0.56,2.83,417,12.34,16.29,16.93
20857,0.35,2.59,258,11.3,13.75,10.47
20860,0.03,1.33,20,5.8,5.99,0.81
20861,0.06,2.5,48,10.93,11.38,1.95
20862,0.44,19.18,325,83.71,86.79,13.19
20863,0.4,14.69,295,64.13,66.92,11.98
20864,0.34,18.88,252,82.42,84.81,10.23
20865,0.34,18.22,251,79.56,81.94,10.19
20866,1.74,19.62,1287,85.66,97.85,52.25
20867,1.54,20.01,1141,87.37,98.18,46.32
20868,1.19,33.64,882,146.87,155.22,35.81
20869,0.72,32.91,530,143.68,148.7,21.52
20870,0.04,6.02,30,26.27,26.55,1.22
20871,1.73,26.51,1276,115.73,127.81,51.8
20877,0.02,2.19,12,9.56,9.68,0.49
20878,1.03,11.71,764,51.1,58.34,31.01
20879,0.09,2.75,69,12.01,12.66,2.8
20886,2.43,10.1,1793,44.08,61.06,72.79
20887,0.02,2.05,18,8.96,9.13,0.73
20888,0.5,54.22,367,236.7,240.17,14.9
20889,0.89,111.05,657,484.79,491.01,26.67
20890,0.82,253.3,605,1105.77,1111.5,24.56
20891,0.93,392.31,684,1712.62,1719.1,27.77
20892,0.14,2.64,106,11.51,12.51,4.3
20893,0.91,19.32,675,84.34,90.73,27.4
20894,0.38,4.13,282,18.04,20.71,11.45
20895,0.02,5.35,16,23.37,23.52,0.65
20896,0.05,2.9,40,12.65,13.03,1.62
20897,0.48,17.12,358,74.74,78.14,14.53
20898,0.44,19.36,327,84.52,87.62,13.27
20899,0.06,3.88,44,16.96,17.37,1.79
20901,0.12,0.77,92,3.35,4.22,3.73
20902,0.29,2.98,212,13.03,15.04,8.61
20903,0.26,4.21,189,18.37,20.16,7.67
20906,0.14,1.75,103,7.66,8.63,4.18
20910,0.15,3.36,110,14.65,15.69,4.47
20913,0.42,31.4,314,137.08,140.06,12.75
20914,25.68,26.57,18979,116.01,295.78,770.46
20931,0.91,7.24,676,31.59,38.0,27.44
20932,0.45,6.13,334,26.76,29.92,13.56
20933,0.68,42.69,505,186.38,191.17,20.5
20934,0.27,3.52,199,15.36,17.24,8.08
20935,0.41,9.56,302,41.73,44.59,12.26
20936,0.46,6.82,342,29.77,33.01,13.88
20940,0.16,7.63,118,33.32,34.43,4.79
20941,1.35,20.76,999,90.62,100.08,40.55
20943,0.52,4.79,384,20.91,24.55,15.59
20950,0.93,9.47,687,41.35,47.86,27.89
20952,0.45,49.05,330,214.13,217.25,13.4
20953,0.04,3.74,33,16.33,16.65,1.34
20956,3.24,19.78,2396,86.34,109.04,97.27
20957,0.17,9.72,126,42.41,43.61,5.12
20958,0.05,3.65,38,15.91,16.27,1.54
20960,2.58,13.89,1908,60.63,78.7,77.46
20961,4.99,16.43,3684,71.75,106.64,149.55
20963,4.93,15.75,3646,68.77,103.3,148.01
20964,0.03,2.16,20,9.43,9.62,0.81
20966,4.28,15.18,3165,66.26,96.24,128.48
20967,1.55,4.39,1144,19.17,30.01,46.44
20968,0.06,1.57,43,6.83,7.24,1.75
20969,4.46,16.04,3294,70.03,101.24,133.72
20970,3.45,6.93,2547,30.24,54.37,103.4
20971,30.62,76.01,22629,331.84,546.19,918.63
20972,28.09,34.68,20761,151.41,348.07,842.8
20973,13.62,45.51,10066,198.65,294.0,408.63
20974,18.28,36.09,13511,157.55,285.53,548.48
20975,25.28,53.24,18685,232.42,409.41,758.53
20976,0.74,10.5,550,45.84,51.05,22.33
20977,5.22,9.56,3856,41.74,78.26,156.54
20978,5.63,11.34,4163,49.51,88.94,169.0
20979,11.12,18.89,8219,82.49,160.34,333.65
20980,0.32,4.77,234,20.83,23.05,9.5
20981,6.47,15.9,4782,69.39,114.69,194.13
20982,6.67,10.13,4928,44.22,90.9,200.05
20983,8.58,13.92,6342,60.77,120.85,257.46
20984,7.99,49.83,5907,217.52,273.47,239.8
20985,3.24,18.46,2395,80.61,103.29,97.23
20986,1.69,14.3,1251,62.41,74.26,50.78
20987,0.18,8.04,131,35.12,36.36,5.32
20988,0.03,1.94,24,8.45,8.68,0.97
20989,0.55,13.6,407,59.37,63.22,16.52
20990,1.21,16.67,895,72.78,81.26,36.33
20991,9.59,1194.9,7084,5216.33,5283.43,287.58
20992,8.42,27.53,6224,120.18,179.14,252.67
20993,14.84,1645.86,10967,7184.97,7288.85,445.21
20994,0.06,2.61,47,11.39,11.84,1.91
20996,8.58,57.81,6343,252.39,312.47,257.5
20997,0.23,1.35,170,5.9,7.51,6.9
20998,0.45,2.17,332,9.49,12.63,13.48
21000,0.94,49.84,696,217.57,224.16,28.25
21001,0.2,1.11,149,4.86,6.27,6.05
21002,0.58,2.55,429,11.14,15.2,17.42
21003,0.15,1.05,109,4.58,5.61,4.42
21004,0.19,1.15,137,5.02,6.32,5.56
21007,2.61,62.44,1927,272.57,290.82,78.23
21009,1.43,12.96,1059,56.57,66.6,42.99
21010,1.16,8.7,856,37.97,46.08,34.75
21011,2.53,17.04,1869,74.38,92.08,75.87
21012,3.2,20.53,2365,89.64,112.04,96.01
21014,2.67,12.64,1975,55.18,73.88,80.18
21015,2.33,12.23,1722,53.4,69.71,69.91
21016,1.13,13.33,836,58.21,66.13,33.94
21017,0.9,22.23,662,97.03,103.3,26.87
21018,0.32,5.03,236,21.96,24.2,9.58
21025,0.42,4.25,314,18.57,21.54,12.75
21026,0.76,5.16,558,22.53,27.82,22.65
21027,0.49,4.39,363,19.18,22.62,14.74
21028,0.44,4.31,324,18.83,21.9,13.15
21030,0.34,4.24,250,18.53,20.9,10.15
21031,0.2,4.36,147,19.02,20.42,5.97
21032,0.29,4.4,216,19.2,21.24,8.77
21033,6.27,24.62,4632,107.46,151.34,188.04
21034,5.74,2.06,4240,8.98,49.14,172.12
21035,8.24,19.68,6091,85.93,143.63,247.27
21038,0.23,2.27,170,9.9,11.51,6.9
21039,1.78,8.09,1319,35.34,47.83,53.55
21040,1.21,37.29,895,162.77,171.25,36.33
21041,3.7,12.08,2732,52.75,78.63,110.91
21042,2.04,8.24,1505,35.98,50.24,61.1
21043,0.92,8.09,679,35.3,41.73,27.56
21051,1.03,8.39,760,36.61,43.81,30.85
21054,0.53,2.36,394,10.3,14.04,15.99
21055,0.55,1.4,407,6.11,9.97,16.52
21056,0.76,5.69,559,24.84,30.14,22.69
21058,3.28,15.89,2422,69.39,92.33,98.32
21059,2.19,10.56,1621,46.1,61.46,65.81
21060,1.74,23.61,1288,103.09,115.29,52.29
21061,1.94,22.98,1433,100.31,113.88,58.17
21062,1.46,6.78,1078,29.59,39.8,43.76
21063,2.02,10.21,1492,44.59,58.72,60.57
21064,1.23,29.46,909,128.59,137.2,36.9
21065,0.83,13.44,613,58.68,64.48,24.88
21066,3.1,47.21,2293,206.07,227.79,93.09
21067,6.5,62.17,4800,271.41,316.88,194.86
21068,5.95,48.09,4398,209.92,251.58,178.54
21069,6.98,82.16,5157,358.67,407.52,209.35
21070,2.79,30.95,2063,135.13,154.67,83.75
21071,6.06,36.81,4475,160.7,203.09,181.66
21076,1.14,21.75,844,94.95,102.95,34.26
21077,3.78,35.56,2793,155.26,181.71,113.38
21078,9.8,17.58,7242,76.74,145.33,293.99
21080,43.06,31.85,31823,139.03,440.47,1291.87
21082,9.73,334.74,7187,1461.29,1529.37,291.76
21084,3.96,20.45,2929,89.28,117.02,118.9
21085,18.58,1533.04,13732,6692.45,6822.52,557.46
21086,22.87,45.98,16903,200.72,360.83,686.18
21087,0.35,7.47,260,32.61,35.07,10.55
21088,22.48,856.69,16615,3739.85,3897.23,674.49
21089,0.44,5.82,325,25.42,28.5,13.19
21090,4.22,21.48,3119,93.77,123.32,126.62
21091,18.54,1868.83,13700,8158.36,8288.13,556.16
21092,17.38,2356.04,12846,10285.26,10406.94,521.49
21094,27.28,41.85,20161,182.71,373.68,818.44
21095,0.41,6.28,303,27.43,30.3,12.3
21096,21.55,822.03,15924,3588.57,3739.41,646.44
21097,0.04,3.6,33,15.73,16.04,1.34
21098,12.23,53.59,9038,233.95,319.56,366.9
21099,18.12,2158.07,13388,9421.04,9547.86,543.49
21100,3.45,22.81,2553,99.56,123.74,103.64
21102,0.11,3.37,82,14.71,15.49,3.33
21106,1.08,5.3,801,23.13,30.71,32.52
21107,3.33,18.07,2463,78.86,102.19,99.99
21108,17.73,174.79,13105,763.04,887.17,532.0
21109,1.6,10.97,1185,47.9,59.13,48.11
21110,2.24,8.8,1652,38.4,54.05,67.06
21111,1.91,10.11,1409,44.13,57.48,57.2
21112,3.02,30.58,2234,133.48,154.64,90.69
21114,7.83,14.38,5783,62.76,117.54,234.76
21115,1.71,7.27,1262,31.74,43.69,51.23
21116,1.88,4.37,1386,19.09,32.21,56.27
21117,0.45,17.22,334,75.17,78.33,13.56
21118,0.09,6.49,69,28.34,28.99,2.8
21121,21.22,39.03,15678,170.38,318.88,636.45
21122,17.24,32.51,12741,141.91,262.6,517.23
21123,3.77,12.61,2785,55.04,81.42,113.06
21124,13.66,31.16,10093,136.04,231.64,409.73
21125,2.94,19.6,2169,85.56,106.11,88.05
21126,3.17,26.01,2343,113.54,135.73,95.12
21127,0.4,24.6,298,107.4,110.22,12.1
21128,0.17,2.64,129,11.54,12.76,5.24
21129,0.17,1.85,127,8.08,9.28,5.16
21130,0.98,67.37,722,294.11,300.94,29.31
21131,0.37,17.37,276,75.82,78.43,11.2
21132,0.13,1.93,98,8.41,9.33,3.98
21133,0.57,7.74,424,33.79,37.81,17.21
21134,0.51,8.88,379,38.75,42.34,15.39
21135,8.23,34.79,6080,151.88,209.47,246.82
21136,14.41,21.42,10652,93.49,194.39,432.42
21137,27.0,77.59,19954,338.73,527.74,810.04
21143,3.05,13.45,2255,58.7,80.06,91.54
21144,0.74,11.27,545,49.19,54.35,22.12
21145,1.18,27.44,869,119.8,128.03,35.28
21146,1.08,17.12,801,74.74,82.33,32.52
21147,0.67,5.12,494,22.35,27.02,20.05
21153,0.53,4.52,393,19.75,23.47,15.95
21154,11.37,23.97,8402,104.64,184.22,341.08
21155,9.11,18.04,6734,78.75,142.53,273.37
21156,12.72,29.68,9399,129.55,218.58,381.56
21157,0.97,3.4,714,14.83,21.59,28.99
21158,3.54,22.7,2613,99.1,123.85,106.08
21159,2.87,25.6,2118,111.74,131.8,85.98
21160,1.08,39.77,795,173.64,181.17,32.27
21161,3.23,68.09,2385,297.24,319.83,96.82
21162,3.26,23.97,2407,104.66,127.46,97.71
21163,3.83,44.82,2829,195.67,222.47,114.84
21164,8.2,25.71,6058,112.22,169.6,245.93
21165,12.79,20.65,9450,90.15,179.67,383.63
21166,27.24,36.94,20128,161.27,351.93,817.1
21167,3.38,28.05,2495,122.45,146.08,101.29
21169,12.1,29.51,8941,128.83,213.52,362.96
21171,2.52,16.88,1860,73.71,91.32,75.51
21172,10.5,16.12,7759,70.39,143.89,314.98
21173,0.46,5.82,342,25.42,28.66,13.88
21174,13.28,21.43,9813,93.57,186.52,398.36
21175,28.29,71.41,20905,311.74,509.76,848.65
21179,5.85,21.91,4322,95.65,136.59,175.45
21181,33.99,29.03,25117,126.74,364.66,1019.63
21185,0.18,3.54,132,15.44,16.69,5.36
21186,7.14,27.01,5277,117.93,167.92,214.22
21187,1.96,24.28,1446,105.99,119.68,58.7
21188,1.24,8.0,918,34.91,43.61,37.27
21189,1.1,8.22,814,35.88,43.59,33.04
21190,1.24,16.22,918,70.81,79.51,37.27
21191,2.09,12.55,1544,54.78,69.4,62.68
21192,3.03,23.1,2237,100.82,122.01,90.81
21193,0.15,8.79,111,38.37,39.42,4.51
21194,0.79,7.99,581,34.88,40.39,23.59
21195,1.38,10.1,1017,44.09,53.72,41.29
21196,0.24,6.43,179,28.06,29.75,7.27
21197,0.63,11.49,466,50.17,54.59,18.92
21198,1.74,13.87,1283,60.55,72.71,52.08
21199,1.77,13.8,1305,60.24,72.6,52.98
21200,1.93,25.22,1425,110.1,123.6,57.85
21201,3.73,21.7,2757,94.74,120.85,111.92
21202,1.16,25.39,857,110.84,118.95,34.79
21203,2.09,26.26,1541,114.63,129.23,62.56
21204,2.18,21.02,1609,91.76,107.0,65.32
21205,0.92,6.89,683,30.09,36.56,27.73
21206,2.94,16.44,2170,71.77,92.32,88.09
21207,4.9,41.46,3618,180.99,215.26,146.87
21208,1.46,12.65,1079,55.21,65.43,43.8
21209,2.0,18.55,1477,81.0,94.99,59.96
21210,20.63,28.13,15249,122.8,267.24,619.04
21211,3.28,40.55,2422,177.04,199.98,98.32
21212,130.66,73.45,96560,320.64,1235.28,3919.89
21213,55.12,73.01,40733,318.71,704.54,1653.57
21214,2.72,30.1,2007,131.4,150.41,81.47
21215,6.09,35.79,4504,156.22,198.89,182.84
21216,5.34,10.07,3949,43.96,81.37,160.31
21217,4.01,5.89,2961,25.72,53.77,120.2
21218,7.18,11.15,5305,48.65,98.9,215.36
21219,1.4,4.84,1038,21.14,30.97,42.14
21220,0.93,4.13,684,18.01,24.49,27.77
21221,0.75,4.77,557,20.83,26.1,22.61
21222,0.85,4.4,629,19.2,25.16,25.53
21223,0.67,28.83,496,125.84,130.54,20.14
21224,3.0,6.87,2219,29.99,51.01,90.08
21226,0.29,6.72,216,29.35,31.4,8.77
21228,0.13,3.39,97,14.81,15.73,3.94
21231,26.75,19.56,19767,85.39,272.62,802.45
21232,52.75,27.03,38981,117.98,487.22,1582.45
21238,12.98,16.66,9589,72.72,163.55,389.27
21239,10.09,16.53,7457,72.16,142.79,302.72
21240,10.34,20.31,7643,88.65,161.05,310.27
21241,3.0,13.45,2216,58.74,79.73,89.96
21242,9.64,19.53,7123,85.24,152.71,289.16
21243,7.66,21.35,5660,93.22,146.84,229.77
21244,6.98,21.51,5161,93.9,142.79,209.51
21245,3.5,15.16,2589,66.18,90.7,105.1
21246,1.02,3.46,751,15.11,22.22,30.49
21247,0.57,5.08,423,22.16,26.17,17.17
21248,1.42,12.89,1050,56.25,66.2,42.63
21249,2.28,11.46,1686,50.02,65.99,68.44
21250,0.55,16.06,404,70.09,73.92,16.4
21251,0.81,10.45,599,45.61,51.28,24.32
21252,0.23,11.12,168,48.53,50.12,6.82
21253,0.46,4.16,343,18.14,21.39,13.92
21255,0.64,7.9,476,34.51,39.02,19.32
21256,0.44,8.53,326,37.25,40.34,13.23
21257,2.16,6.52,1596,28.47,43.58,64.79
21258,2.29,4.66,1692,20.33,36.36,68.69
21259,3.27,8.73,2413,38.1,60.96,97.96
21260,4.86,25.29,3591,110.39,144.41,145.78
21261,0.4,5.4,292,23.56,26.32,11.85
21262,0.87,5.56,640,24.27,30.33,25.98
21263,0.41,9.61,306,41.97,44.87,12.42
21264,0.53,5.71,394,24.92,28.65,15.99
21265,0.44,13.22,323,57.69,60.75,13.11
21266,0.03,2.19,23,9.54,9.76,0.93
21267,0.03,1.51,24,6.57,6.8,0.97
21268,0.54,14.72,399,64.24,68.02,16.2
21269,0.16,0.8,117,3.51,4.62,4.75
21270,0.11,0.75,78,3.27,4.01,3.17
21272,3.23,13.81,2384,60.29,82.87,96.78
21274,0.24,1.29,177,5.61,7.29,7.19
21275,0.34,4.44,251,19.4,21.78,10.19
21276,0.92,32.04,677,139.85,146.27,27.48
21277,0.08,0.38,58,1.65,2.2,2.35
21278,3.75,153.27,2770,669.09,695.33,112.45
21279,4.78,224.87,3530,981.67,1015.1,143.3
21280,4.51,211.28,3333,922.32,953.89,135.3
21281,4.99,256.6,3689,1120.18,1155.12,149.76
21282,0.5,6.39,369,27.9,31.4,14.98
21283,0.73,7.78,537,33.95,39.04,21.8
21284,2.11,14.56,1561,63.55,78.33,63.37
21285,1.37,11.72,1012,51.16,60.75,41.08
21286,1.37,11.53,1009,50.35,59.91,40.96
21287,5.59,93.81,4134,409.51,448.67,167.82
21288,1.34,6.13,993,26.76,36.17,40.31
21289,1.96,20.87,1449,91.13,104.85,58.82
21291,3.43,15.43,2534,67.35,91.35,102.87
21292,3.35,42.25,2477,184.46,207.92,100.55
21293,0.46,4.61,343,20.13,23.38,13.92
21294,3.17,24.74,2346,108.01,130.23,95.24
21298,0.07,2.27,52,9.9,10.39,2.11
21299,0.22,8.23,166,35.91,37.49,6.74
21300,0.07,3.8,53,16.59,17.09,2.15
21303,0.13,3.68,96,16.07,16.98,3.9
21304,0.12,7.2,86,31.43,32.24,3.49
21306,0.93,14.89,685,64.99,71.48,27.81
21307,1.02,29.49,753,128.72,135.85,30.57
21308,0.18,50.95,132,222.43,223.68,5.36
21309,0.07,17.48,49,76.33,76.79,1.99
21311,0.99,10.92,733,47.67,54.62,29.76
21312,0.41,20.93,300,91.37,94.21,12.18
21313,9.32,24.77,6889,108.11,173.37,279.66
21314,15.78,33.69,11658,147.09,257.52,473.26
21316,0.94,26.89,695,117.38,123.97,28.21
21317,0.49,13.6,360,59.36,62.77,14.61
21318,1.32,13.08,974,57.11,66.33,39.54
21319,0.69,12.02,510,52.48,57.31,20.7
21320,0.54,11.87,398,51.81,55.58,16.16
21321,0.17,10.46,122,45.65,46.81,4.95
21322,0.41,31.54,301,137.67,140.53,12.22
21323,1.01,41.05,744,179.21,186.26,30.2
21324,1.4,23.23,1031,101.41,111.17,41.85
21326,24.84,40.58,18356,177.15,351.02,745.17
21327,2.66,4.69,1967,20.49,39.12,79.85
21328,3.43,4.76,2535,20.8,44.81,102.91
21329,2.88,4.53,2126,19.79,39.93,86.31
21330,1.97,29.64,1456,129.4,143.19,59.11
21331,0.15,8.66,110,37.8,38.85,4.47
21332,0.37,7.13,270,31.14,33.7,10.96
21333,1.46,4.33,1082,18.91,29.16,43.92
21335,0.06,0.96,42,4.2,4.6,1.71
21336,2.47,181.58,1824,792.68,809.96,74.05
21337,0.04,3.28,33,14.31,14.63,1.34
21338,0.27,42.87,199,187.16,189.04,8.08
21339,0.04,2.56,30,11.18,11.47,1.22
21340,2.42,8.32,1785,36.34,53.25,72.46
21341,0.1,4.22,72,18.43,19.12,2.92
21343,0.03,5.51,20,24.04,24.23,0.81
21344,0.22,10.25,166,44.76,46.33,6.74
21348,1.14,11.6,845,50.64,58.65,34.3
21349,0.77,4.35,567,18.98,24.35,23.02
21350,0.31,5.98,227,26.13,28.28,9.22
21351,1.53,7.09,1132,30.96,41.68,45.95
21352,1.24,6.8,917,29.7,38.39,37.23
21353,0.03,1.54,19,6.71,6.89,0.77
21354,3.43,27.82,2534,121.45,145.45,102.87
21355,4.77,27.09,3527,118.27,151.68,143.18
21356,2.2,5.49,1624,23.97,39.35,65.93
21357,1.89,9.59,1399,41.84,55.1,56.79
21358,1.55,5.43,1147,23.71,34.57,46.56
21359,0.29,4.03,211,17.59,19.59,8.57
21360,0.6,18.07,444,78.9,83.11,18.02
21361,0.79,2.78,587,12.15,17.71,23.83
21363,1.38,2.34,1020,10.22,19.88,41.41
21364,0.64,13.6,476,59.38,63.89,19.32
21365,0.64,7.46,476,32.58,37.08,19.32
21366,0.33,10.5,247,45.84,48.18,10.03
21367,0.29,7.02,215,30.66,32.69,8.73
21368,0.27,7.89,203,34.44,36.37,8.24
21369,0.18,6.23,135,27.18,28.46,5.48
21370,0.08,4.77,56,20.8,21.33,2.27
21371,0.55,8.27,404,36.12,39.94,16.4
21372,0.21,4.74,158,20.68,22.18,6.41
21373,0.86,9.34,636,40.75,46.78,25.82
21374,0.64,9.29,474,40.57,45.06,19.24
21375,0.19,2.43,139,10.61,11.92,5.64
21376,0.25,7.08,188,30.89,32.67,7.63
21377,0.71,15.28,527,66.68,71.68,21.39
21378,0.76,15.63,561,68.25,73.56,22.77
21379,0.89,17.16,656,74.92,81.13,26.63
21380,6.84,25.08,5057,109.49,157.39,205.29
21381,6.97,36.53,5149,159.48,208.25,209.03
21382,1.69,14.07,1247,61.44,73.25,50.62
21383,3.02,9.59,2233,41.87,63.02,90.65
21384,2.6,14.62,1923,63.84,82.05,78.06
21385,14.88,31.39,10998,137.03,241.21,446.47
21386,1.62,10.83,1196,47.27,58.6,48.55
21387,0.03,7.85,25,34.26,34.5,1.01
21388,0.43,7.01,315,30.61,33.59,12.79
21389,3.12,8.12,2304,35.44,57.27,93.53
21390,14.92,32.34,11025,141.2,245.63,447.56
21391,1.95,9.18,1440,40.07,53.71,58.46
21392,10.21,714.16,7548,3117.64,3189.13,306.41
21393,7.11,508.09,5253,2218.07,2267.83,213.25
21394,5.42,26.74,4005,116.74,154.68,162.58
21395,4.03,27.06,2980,118.14,146.37,120.97
21396,1.28,18.12,948,79.08,88.06,38.48
21397,2.94,19.14,2171,83.54,104.1,88.13
21398,3.11,24.43,2299,106.64,128.41,93.33
21399,3.24,23.7,2392,103.45,126.11,97.1
21400,1.46,10.68,1078,46.62,56.84,43.76
21401,1.95,12.0,1444,52.4,66.07,58.62
21402,2.3,13.49,1698,58.88,74.96,68.93
21403,3.15,18.97,2326,82.83,104.86,94.42
21407,1.78,3.87,1317,16.89,29.37,53.46
21408,0.97,7.82,719,34.12,40.93,29.19
21410,0.43,2.87,315,12.53,15.52,12.79
21411,2.88,6.29,2131,27.45,47.63,86.51
21412,0.37,3.81,277,16.64,19.26,11.24
21413,4.29,383.26,3174,1673.11,1703.17,128.85
21414,2.22,246.01,1637,1073.97,1089.48,66.45
21415,0.49,4.7,361,20.51,23.93,14.65
21416,1.02,143.73,753,627.46,634.59,30.57
21417,0.68,8.67,505,37.84,42.63,20.5
21418,0.26,2.95,195,12.86,14.71,7.92
21419,1.7,274.58,1259,1198.66,1210.59,51.11
21420,0.17,5.85,122,25.53,26.68,4.95
21421,2.45,31.06,1807,135.61,152.73,73.36
21422,4.33,48.77,3203,212.89,243.23,130.03
21424,1.29,14.98,955,65.41,74.45,38.77
21425,0.68,17.56,505,76.64,81.43,20.5
21426,1.39,28.08,1029,122.6,132.35,41.77
21427,0.7,12.0,517,52.37,57.27,20.99
21428,3.98,20.17,2939,88.06,115.9,119.31
21429,8.92,14.22,6593,62.06,124.51,267.65
21430,6.43,15.14,4751,66.1,111.11,192.87
21431,2.01,12.09,1488,52.76,66.86,60.41
21432,1.28,6.02,943,26.3,35.23,38.28
21437,0.92,20.98,678,91.6,98.03,27.52
21438,0.51,34.59,378,151.01,154.59,15.35
21439,3.1,28.51,2289,124.45,146.14,92.92
21440,0.65,5.55,481,24.22,28.77,19.53
21441,1.27,13.61,941,59.42,68.33,38.2
21442,1.32,13.5,978,58.95,68.21,39.7
21443,0.35,39.68,258,173.23,175.67,10.47
21444,0.39,34.39,291,150.11,152.87,11.81
21445,2.08,36.48,1539,159.25,173.83,62.48
21446,1.73,7.37,1277,32.19,44.29,51.84
21447,3.79,24.04,2799,104.95,131.47,113.63
21448,1.31,4.59,970,20.04,29.22,39.38
21450,0.02,4.93,13,21.53,21.66,0.53
21452,2.64,6.83,1952,29.81,48.3,79.24
21454,1.27,5.63,939,24.57,33.46,38.12
21455,1.22,6.7,901,29.26,37.8,36.58
21456,1.0,36.49,738,159.28,166.27,29.96
21457,0.93,36.58,686,159.71,166.21,27.85
21458,1.04,31.74,768,138.56,145.83,31.18
21459,0.36,10.73,263,46.84,49.33,10.68
21460,0.15,3.63,113,15.83,16.9,4.59
21461,0.11,3.74,83,16.33,17.12,3.37
21462,0.57,2.63,424,11.47,15.48,17.21
21463,1.86,6.78,1376,29.58,42.61,55.86
21464,0.76,2.52,560,10.99,16.29,22.73
21465,1.08,14.04,796,61.3,68.84,32.31
21466,1.27,4.39,937,19.17,28.04,38.04
21467,1.4,9.47,1031,41.36,51.12,41.85
21468,0.91,16.23,672,70.85,77.22,27.28
21469,1.59,12.49,1173,54.52,65.63,47.62
21470,1.52,4.92,1121,21.49,32.11,45.51
21471,1.92,8.04,1419,35.09,48.53,57.6
21472,1.44,4.86,1066,21.21,31.31,43.27
21473,0.21,1.06,157,4.61,6.09,6.37
21474,0.28,1.37,210,5.99,7.98,8.53
21476,0.19,1.12,144,4.88,6.25,5.85
21477,0.37,22.25,273,97.11,99.7,11.08
21478,0.28,3.08,207,13.46,15.42,8.4
21479,9.3,16.76,6872,73.15,138.24,278.97
21480,0.39,7.73,286,33.73,36.43,11.61
21481,11.58,20.35,8557,88.82,169.87,347.37
21482,1.01,7.12,744,31.08,38.13,30.2
21484,6.52,7.68,4815,33.51,79.11,195.47
21485,10.73,15.25,7927,66.58,141.67,321.8
21486,1.56,8.04,1154,35.12,46.05,46.85
21488,3.31,15.11,2448,65.98,89.17,99.38
21489,0.04,1.24,28,5.41,5.68,1.14
21490,0.86,24.85,639,108.49,114.54,25.94
21491,3.92,17.67,2897,77.15,104.59,117.6
21493,0.37,10.44,272,45.57,48.15,11.04
21494,5.32,14.12,3932,61.65,98.9,159.62
21495,16.94,30.62,12515,133.65,252.2,508.05
21497,23.85,70.17,17625,306.32,473.27,715.49
21498,36.81,39.75,27201,173.54,431.19,1104.24
21499,20.91,32.59,15452,142.28,288.65,627.28
21500,21.85,31.08,16150,135.67,288.65,655.62
21503,2.44,22.47,1801,98.11,115.17,73.11
21504,6.79,16.49,5021,71.97,119.53,203.83
21506,15.29,33.59,11302,146.65,253.71,458.81
21507,11.26,15.92,8322,69.51,148.34,337.83
21508,9.2,12.59,6802,54.94,119.37,276.13
21509,11.93,15.01,8817,65.54,149.05,357.93
21511,0.05,5.66,40,24.69,25.07,1.62
21518,1.53,10.25,1131,44.75,55.46,45.91
21519,10.12,12.33,7482,53.84,124.71,303.73
21520,1.35,8.28,995,36.15,45.57,40.39
21523,9.54,22.25,7050,97.15,163.93,286.2
21524,7.23,13.33,5342,58.21,108.81,216.86
21527,4.64,10.82,3429,47.25,79.73,139.2
21528,1.23,13.23,910,57.77,66.39,36.94
21529,0.69,3.45,513,15.07,19.93,20.83
21530,1.31,7.09,966,30.96,40.11,39.22
21531,5.61,10.75,4146,46.91,86.19,168.31
21532,1.88,116.08,1389,506.75,519.91,56.39
21533,4.63,5.84,3421,25.47,57.88,138.88
21534,1.3,2.78,959,12.13,21.22,38.93
21535,9.22,12.47,6811,54.43,118.95,276.5
21536,0.3,2.34,223,10.23,12.34,9.05
21537,1.43,5.49,1054,23.98,33.96,42.79
21538,1.78,163.01,1314,711.64,724.09,53.34
21539,3.77,8.63,2784,37.68,64.05,113.02
21540,1.79,116.16,1325,507.12,519.67,53.79
21541,2.58,15.81,1907,69.03,87.1,77.42
21542,2.55,15.93,1882,69.54,87.37,76.4
21543,0.38,40.26,284,175.74,178.43,11.53
21544,8.3,31.54,6131,137.69,195.77,248.89
21545,0.94,30.68,698,133.95,140.56,28.34
21547,0.99,23.66,728,103.29,110.19,29.55
21548,0.94,24.61,691,107.43,113.98,28.05
21549,0.74,37.98,547,165.79,170.97,22.21
21550,0.41,14.17,301,61.84,64.69,12.22
21551,0.23,21.71,169,94.77,96.37,6.86
21552,0.22,12.25,166,53.47,55.04,6.74
21553,0.12,4.16,92,18.15,19.02,3.73
21554,0.23,24.68,168,107.74,109.33,6.82
21555,0.58,6.56,431,28.62,32.71,17.5
21556,2.2,25.51,1628,111.37,126.79,66.09
21557,1.29,7.18,956,31.36,40.42,38.81
21558,5.77,11.01,4261,48.06,88.42,172.98
21559,11.29,15.64,8341,68.29,147.3,338.61
21561,4.04,10.58,2988,46.18,74.49,121.3
21562,0.92,14.51,678,63.35,69.77,27.52
21563,3.79,20.41,2802,89.11,115.65,113.75
21564,2.66,19.91,1968,86.91,105.56,79.89
21576,1.01,2.93,743,12.79,19.83,30.16
21577,3.51,12.87,2593,56.17,80.73,105.26
21578,3.01,7.25,2224,31.67,52.74,90.28
21579,1.41,21.49,1044,93.82,103.7,42.38
21580,0.75,3.02,551,13.2,18.42,22.37
21581,1.61,16.79,1188,73.29,84.54,48.23
21582,0.16,7.67,117,33.49,34.6,4.75
21584,5.24,27.02,3876,117.97,154.69,157.35
21586,3.6,21.76,2664,95.01,120.25,108.15
21587,2.99,8.13,2211,35.5,56.45,89.76
21588,4.6,29.15,3398,127.27,159.45,137.94
21589,1.51,23.75,1119,103.68,114.28,45.43
21590,4.68,24.46,3456,106.78,139.52,140.3
21591,5.58,24.01,4124,104.8,143.86,167.42
21592,8.11,33.5,5991,146.24,202.99,243.21
21593,1.88,58.38,1392,254.87,268.05,56.51
21595,0.01,0.0,11,0.0,0.1,0.45
21609,2.05,14.81,1516,64.66,79.02,61.54
21610,0.74,8.4,549,36.66,41.86,22.29
21611,1.02,7.4,754,32.33,39.47,30.61
21612,0.94,9.51,698,41.51,48.12,28.34
21613,0.86,5.24,636,22.86,28.89,25.82
21614,2.2,20.7,1628,90.35,105.77,66.09
21615,1.61,12.0,1187,52.38,63.63,48.19
21616,1.58,8.25,1164,36.0,47.03,47.25
21617,1.16,6.06,854,26.47,34.56,34.67
21618,0.95,6.76,704,29.53,36.2,28.58
21619,1.54,9.85,1139,43.01,53.8,46.24
21620,1.5,5.17,1105,22.57,33.04,44.86
21621,9.4,16.03,6945,69.99,135.77,281.94
21622,5.07,26.79,3745,116.97,152.44,152.03
21623,9.74,61.74,7200,269.52,337.72,292.29
21624,2.42,31.95,1787,139.47,156.4,72.54
21625,1.37,7.55,1016,32.94,42.57,41.24
21626,2.05,6.51,1515,28.41,42.76,61.5
21627,0.27,2.62,201,11.42,13.32,8.16
21628,0.23,2.84,167,12.41,14.0,6.78
21629,0.24,1.16,181,5.08,6.8,7.35
21630,0.23,1.47,167,6.41,7.99,6.78
21631,0.3,5.43,221,23.69,25.78,8.97
21632,0.18,3.17,134,13.82,15.09,5.44
21633,0.24,4.06,176,17.73,19.4,7.14
21634,2.4,38.64,1773,168.7,185.49,71.98
21635,0.55,21.37,403,93.29,97.1,16.36
21636,1.4,13.75,1032,60.0,69.78,41.89
21637,1.84,31.5,1358,137.51,150.37,55.13
21638,1.42,7.4,1048,32.32,42.25,42.54
21639,0.35,12.57,259,54.86,57.31,10.51
21640,3.07,14.3,2269,62.41,83.9,92.11
21641,2.27,47.69,1674,208.2,224.06,67.96
21642,5.99,26.59,4425,116.08,157.99,179.63
21643,2.08,9.91,1536,43.24,57.79,62.35
21644,1.5,7.56,1106,33.01,43.49,44.9
21645,1.35,8.69,999,37.93,47.4,40.55
21647,1.19,6.06,880,26.47,34.81,35.72
21648,4.06,19.22,2997,83.91,112.3,121.66
21649,0.57,30.6,421,133.59,137.58,17.09
21650,4.41,26.41,3262,115.31,146.21,132.42
21651,1.94,19.35,1436,84.48,98.08,58.29
21652,1.22,8.46,903,36.93,45.49,36.66
21653,1.69,20.48,1251,89.39,101.24,50.78
21654,1.63,20.88,1201,91.15,102.52,48.76
21655,1.9,19.79,1402,86.37,99.65,56.91
21656,1.35,9.39,995,40.99,50.42,40.39
21657,0.37,2.09,272,9.14,11.72,11.04
21658,3.06,5.79,2263,25.26,46.7,91.87
21659,0.16,1.97,121,8.61,9.75,4.91
21661,0.32,2.36,240,10.29,12.56,9.74
21662,0.37,4.72,274,20.58,23.18,11.12
21663,0.1,2.24,76,9.78,10.5,3.09
21664,0.36,6.24,268,27.22,29.76,10.88
21665,1.19,17.11,879,74.71,83.04,35.68
21666,2.39,55.37,1767,241.71,258.45,71.73
21667,0.48,1.9,354,8.31,11.66,14.37
21668,14.16,19.38,10464,84.59,183.71,424.79
21669,14.56,19.8,10763,86.41,188.36,436.93
21670,12.17,18.03,8997,78.69,163.92,365.24
21671,12.98,20.79,9590,90.74,181.58,389.31
21672,15.17,21.73,11210,94.88,201.07,455.07
21673,13.91,22.86,10276,99.8,197.14,417.16
21674,0.06,4.27,44,18.66,19.07,1.79
21675,2.47,5.88,1829,25.66,42.98,74.25
21676,1.64,11.32,1212,49.43,60.91,49.2
21677,2.94,6.59,2176,28.77,49.39,88.34
21678,0.79,13.67,582,59.66,65.17,23.63
21679,6.71,46.4,4955,202.54,249.48,201.15
21680,3.98,27.0,2939,117.86,145.69,119.31
21681,0.32,4.55,235,19.88,22.11,9.54
21682,0.78,5.98,579,26.11,31.6,23.5
21683,1.3,11.12,962,48.53,57.65,39.05
21684,2.36,48.61,1747,212.21,228.76,70.92
21686,0.09,1.86,66,8.11,8.73,2.68
21687,0.65,8.27,481,36.1,40.65,19.53
21688,1.31,6.85,967,29.92,39.08,39.26
21689,0.47,12.46,344,54.38,57.64,13.96
21690,0.39,3.22,285,14.04,16.74,11.57
21691,0.34,2.29,254,9.98,12.39,10.31
21692,0.7,5.67,519,24.74,29.66,21.07
21693,1.28,6.03,949,26.32,35.31,38.53
21694,0.78,15.16,580,66.17,71.66,23.55
21695,0.88,6.14,654,26.8,32.99,26.55
21696,1.08,4.57,798,19.96,27.52,32.4
21697,0.5,83.67,372,365.27,368.8,15.1
21698,0.73,7.13,539,31.13,36.23,21.88
21699,0.15,31.75,108,138.6,139.62,4.38
21700,8.76,19.22,6470,83.9,145.19,262.65
21702,3.57,712.01,2636,3108.27,3133.24,107.01
21703,20.02,74.46,14797,325.05,465.21,600.69
21704,23.42,114.1,17304,498.09,662.0,702.46
21705,3.47,18.1,2563,79.03,103.31,104.05
21706,1.84,12.74,1360,55.64,68.52,55.21
21707,1.37,23.49,1010,102.56,112.12,41.0
21708,0.83,7.73,614,33.74,39.56,24.93
21709,0.95,27.68,700,120.84,127.47,28.42
21710,0.99,17.27,731,75.4,82.32,29.68
21711,0.52,9.6,385,41.89,45.54,15.63
21713,3.77,12.18,2783,53.16,79.52,112.98
21714,5.85,20.7,4324,90.35,131.31,175.53
21715,4.82,16.77,3564,73.21,106.97,144.68
21716,5.07,16.31,3750,71.22,106.74,152.23
21717,2.11,11.29,1562,49.3,64.09,63.41
21718,5.48,22.61,4047,98.69,137.03,164.29
21719,1.27,7.38,942,32.21,41.14,38.24
21720,1.46,12.55,1082,54.8,65.05,43.92
21721,1.54,9.18,1140,40.06,50.86,46.28
21722,0.49,9.58,363,41.81,45.25,14.74
21723,1.22,8.6,899,37.53,46.04,36.5
21724,1.4,6.67,1038,29.12,38.96,42.14
21725,1.57,9.61,1159,41.93,52.91,47.05
21726,1.51,10.17,1114,44.38,54.93,45.22
21728,0.41,31.28,300,136.54,139.38,12.18
21729,0.17,5.9,124,25.75,26.93,5.03
21730,1.73,3.76,1278,16.41,28.52,51.88
21731,40.21,51.49,29715,224.77,506.24,1206.29
21732,1.26,53.52,933,233.62,242.46,37.88
21733,24.36,29.11,17999,127.08,297.58,730.68
21734,0.13,2.95,98,12.86,13.78,3.98
21735,1.2,8.79,887,38.39,46.79,36.01
21736,0.28,6.63,205,28.94,30.88,8.32
21737,0.54,8.19,400,35.74,39.53,16.24
21738,0.61,3.78,451,16.49,20.76,18.31
21739,0.69,2.57,511,11.21,16.05,20.74
21740,0.28,2.83,204,12.34,14.27,8.28
21741,1.0,4.68,739,20.41,27.41,30.0
21742,0.6,1.87,442,8.17,12.36,17.94
21743,1.96,13.24,1447,57.82,71.53,58.74
21744,1.26,3.45,931,15.08,23.9,37.79
21745,3.7,16.34,2737,71.34,97.26,111.11
21746,8.08,20.25,5970,88.41,144.96,242.35
21747,2.77,36.2,2050,158.02,177.44,83.22
21749,7.66,86.11,5661,375.91,429.53,229.81
21750,0.42,6.85,313,29.9,32.87,12.71
21752,0.11,2.31,78,10.1,10.83,3.17
21754,10.62,3.8,7847,16.58,90.9,318.55
21755,7.81,3.58,5774,15.63,70.32,234.4
21756,2.26,2.54,1671,11.07,26.9,67.83
21757,0.11,1.19,80,5.18,5.94,3.25
21758,0.19,1.33,138,5.82,7.12,5.6
21759,0.04,3.61,30,15.78,16.06,1.22
21760,0.02,0.38,15,1.64,1.78,0.61
21761,0.09,4.46,67,19.45,20.09,2.72
21763,0.06,2.12,43,9.28,9.68,1.75
21764,0.02,0.93,17,4.08,4.24,0.69
21765,0.52,3.67,381,16.01,19.62,15.47
21768,0.69,15.74,510,68.73,73.56,20.7
21769,0.18,5.56,134,24.29,25.56,5.44
21770,4.05,31.54,2996,137.67,166.05,121.62
21773,2.25,13.45,1665,58.73,74.5,67.59
21774,2.37,16.94,1748,73.94,90.49,70.96
21775,1.19,4.47,883,19.53,27.89,35.85
21777,1.55,6.22,1147,27.16,38.02,46.56
21779,0.41,7.33,301,32.01,34.86,12.22
21780,0.27,4.12,203,17.97,19.89,8.24
21781,0.91,2.36,671,10.3,16.65,27.24
21784,0.41,1.34,302,5.83,8.7,12.26
21785,2.73,45.44,2016,198.36,217.46,81.84
21786,10.56,46.88,7801,204.63,278.53,316.68
21787,20.56,114.08,15192,498.01,641.91,616.73
21788,4.61,24.96,3404,108.97,141.21,138.19
21789,3.99,19.36,2950,84.53,112.48,119.76
21790,37.81,29.82,27942,130.17,394.84,1134.32
21791,25.15,34.75,18585,151.69,327.74,754.47
21792,0.67,3.88,498,16.92,21.64,20.22
21793,0.48,4.79,353,20.92,24.27,14.33
21794,0.97,5.1,716,22.26,29.05,29.07
21795,0.6,36.41,441,158.94,163.11,17.9
21796,0.44,27.81,324,121.41,124.48,13.15
21801,5.13,14.13,3789,61.67,97.56,153.82
21802,6.41,16.55,4738,72.25,117.13,192.34
21803,6.57,16.7,4853,72.92,118.88,197.01
21804,0.84,4.27,620,18.66,24.53,25.17
21805,3.01,23.98,2221,104.7,125.74,90.16
21806,3.68,20.64,2717,90.11,115.85,110.3
21807,4.65,19.31,3433,84.3,116.82,139.36
21808,1.37,9.21,1016,40.19,49.82,41.24
21809,4.13,24.55,3050,107.17,136.06,123.82
21810,9.63,29.86,7114,130.34,197.72,288.8
21811,8.74,21.61,6461,94.34,155.55,262.29
21812,1.14,4.25,841,18.54,26.51,34.14
21813,1.15,4.74,848,20.7,28.74,34.42
21814,0.94,5.77,691,25.19,31.74,28.05
21815,1.01,6.14,750,26.81,33.91,30.45
21816,0.58,6.69,426,29.19,33.22,17.29
21817,2.4,12.3,1772,53.69,70.47,71.94
21818,6.0,17.89,4434,78.1,120.1,180.0
21819,5.33,19.51,3938,85.18,122.48,159.86
21820,1.13,6.5,836,28.37,36.29,33.94
21821,1.0,6.16,736,26.89,33.86,29.88
21822,1.53,7.78,1132,33.98,44.7,45.95
21823,3.37,13.19,2487,57.56,81.12,100.96
21824,3.79,13.23,2803,57.75,84.3,113.79
21825,1.0,12.7,737,55.46,62.44,29.92
21826,2.48,14.04,1833,61.28,78.64,74.41
21827,1.14,9.35,843,40.82,48.8,34.22
21828,1.51,15.43,1118,67.36,77.95,45.39
21829,20.66,38.97,15269,170.13,314.76,619.85
21830,10.99,37.16,8119,162.24,239.14,329.59
21832,4.65,17.04,3439,74.39,106.96,139.61
21833,8.88,23.99,6563,104.71,166.88,266.43
21836,0.34,1.89,253,8.25,10.64,10.27
21837,0.33,2.28,245,9.97,12.29,9.95
21839,0.28,3.83,204,16.73,18.66,8.28
21841,0.6,4.12,441,17.98,22.16,17.9
21842,0.75,21.84,551,95.33,100.54,22.37
21843,8.51,11.43,6290,49.92,109.5,255.35
21844,7.37,19.14,5443,83.55,135.11,220.96
21845,3.44,17.32,2540,75.6,99.66,103.11
21846,2.23,14.16,1649,61.83,77.45,66.94
21847,0.47,14.69,348,64.14,67.44,14.13
21849,0.89,9.88,660,43.11,49.36,26.79
21850,0.62,9.16,460,39.98,44.34,18.67
21851,0.87,12.12,645,52.92,59.03,26.18
21864,2.66,9.58,1965,41.81,60.43,79.77
21865,1.23,3.3,908,14.42,23.02,36.86
21866,3.01,6.76,2227,29.51,50.6,90.41
21867,1.6,6.77,1182,29.57,40.77,47.98
21868,12.52,23.66,9255,103.29,190.95,375.71
21869,1.71,22.74,1267,99.28,111.28,51.43
21870,8.66,15.08,6398,65.83,126.43,259.73
21871,15.83,54.14,11698,236.37,347.17,474.88
21872,6.94,59.84,5125,261.25,309.79,208.05
21873,2.81,44.54,2079,194.45,214.14,84.4
21874,8.78,36.93,6489,161.24,222.7,263.42
21875,9.28,66.83,6860,291.76,356.74,278.48
21876,7.75,33.34,5728,145.55,199.81,232.53
21877,19.2,66.19,14187,288.95,423.33,575.93
21878,7.57,41.02,5596,179.09,232.1,227.17
21879,2.14,14.99,1579,65.43,80.39,64.1
21880,3.41,10.6,2519,46.28,70.14,102.26
21881,1.82,29.48,1345,128.71,141.45,54.6
21882,1.44,17.96,1064,78.4,88.48,43.19
21883,3.27,12.26,2414,53.52,76.39,98.0
21884,1.97,25.46,1455,111.15,124.93,59.07
21888,4.85,9.58,3586,41.84,75.81,145.58
21889,17.9,24.56,13231,107.19,232.52,537.12
21890,4.8,23.57,3549,102.91,136.53,144.07
21891,16.62,48.71,12282,212.66,329.0,498.59
21892,10.79,24.15,7972,105.45,180.96,323.63
21893,0.23,26.37,172,115.13,116.76,6.98
21894,1.83,8.58,1352,37.46,50.27,54.88
21895,0.75,25.8,557,112.65,117.93,22.61
21896,3.26,32.2,2412,140.57,163.41,97.92
21897,1.18,32.33,872,141.12,149.38,35.4
21898,1.12,34.83,829,152.06,159.91,33.65
21899,9.21,34.9,6804,152.37,216.82,276.21
21900,11.46,30.65,8472,133.8,214.05,343.92
21901,8.53,25.21,6300,110.07,169.75,255.75
21902,7.38,38.98,5457,170.16,221.85,221.53
21903,4.7,28.75,3476,125.5,158.42,141.11
21904,1.03,13.61,764,59.41,66.65,31.01
21905,2.2,21.73,1624,94.85,110.23,65.93
21906,2.46,23.03,1819,100.54,117.77,73.84
21907,7.12,8.37,5264,36.54,86.4,213.69
21908,13.35,31.08,9865,135.67,229.11,400.47
21910,1.44,38.0,1067,165.87,175.98,43.32
21911,3.48,22.4,2569,97.78,122.12,104.29
21912,5.14,12.14,3800,53.01,89.01,154.26
21913,1.57,11.5,1157,50.19,61.15,46.97
21914,18.01,23.92,13311,104.41,230.49,540.37
21915,51.68,145.23,38191,633.98,995.74,1550.38
21916,15.09,37.78,11154,164.93,270.58,452.8
21917,10.94,36.5,8082,159.35,235.91,328.09
21918,19.96,56.39,14747,246.19,385.87,598.66
21922,1.96,5.02,1452,21.92,35.68,58.94
21923,0.46,3.2,339,13.97,17.19,13.76
21924,0.43,2.96,315,12.92,15.9,12.79
21925,1.65,6.93,1217,30.26,41.78,49.4
21926,1.37,6.68,1011,29.15,38.72,41.04
21927,1.74,6.26,1284,27.31,39.47,52.12
21928,33.53,35.53,24780,155.12,389.84,1005.95
21929,35.12,35.31,25954,154.15,400.0,1053.61
21930,18.48,19.88,13657,86.76,216.13,554.41
21931,39.92,23.7,29503,103.48,382.94,1197.69
21932,5.26,15.04,3889,65.68,102.51,157.88
21933,5.62,16.07,4151,70.15,109.47,168.51
21934,6.29,11.31,4648,49.36,93.38,188.69
21935,9.76,14.43,7209,63.0,131.29,292.65
21936,10.6,16.98,7833,74.12,148.32,317.98
21937,5.58,15.28,4123,66.7,105.75,167.37
21942,2.29,40.94,1689,178.73,194.73,68.57
21943,0.8,5.82,593,25.39,31.0,24.07
21944,2.43,43.43,1798,189.58,206.61,72.99
21945,2.58,38.31,1903,167.26,185.28,77.25
21946,0.85,31.49,625,137.49,143.41,25.37
21947,2.32,9.98,1711,43.55,59.75,69.46
21948,3.13,57.98,2310,253.1,274.98,93.78
21949,3.57,58.4,2636,254.97,279.93,107.01
21950,0.29,42.01,211,183.39,185.39,8.57
21955,5.34,23.72,3943,103.57,140.92,160.07
21967,21.54,248.3,15917,1083.95,1234.72,646.16
21972,1.43,7.63,1056,33.31,43.32,42.87
21973,2.27,16.09,1676,70.25,86.13,68.04
21974,9.55,18.02,7059,78.68,145.54,286.56
21975,42.73,62.89,31575,274.56,573.64,1281.8
21976,20.05,31.63,14818,138.08,278.44,601.54
21977,76.85,89.5,56794,390.73,928.7,2305.58
21980,42.69,408.94,31551,1785.22,2084.08,1280.83
21981,35.82,448.89,26472,1959.63,2210.38,1074.64
21982,44.42,409.68,32827,1788.44,2099.39,1332.63
21983,8.49,32.11,6275,140.18,199.62,254.74
21984,34.52,506.53,25509,2211.25,2452.88,1035.55
21985,34.79,172.13,25708,751.41,994.93,1043.63
21986,18.32,138.18,13536,603.21,731.43,549.5
21987,8.71,48.67,6438,212.45,273.43,261.35
21988,10.63,59.7,7855,260.63,335.04,318.88
21989,11.62,46.92,8584,204.84,286.15,348.47
21990,3.38,9.85,2500,43.01,66.69,101.49
21991,1.51,9.47,1118,41.35,51.94,45.39
21992,4.65,8.66,3437,37.79,70.34,139.53
21993,3.93,8.35,2907,36.46,63.99,118.01
22021,1.95,8.02,1439,35.0,48.63,58.42
22023,6.92,11.52,5112,50.3,98.72,207.52
22024,7.41,16.16,5478,70.55,122.44,222.38
22025,5.43,21.07,4011,91.97,129.96,162.83
22026,5.5,9.87,4066,43.1,81.61,165.06
22027,15.51,19.95,11459,87.1,195.64,465.18
22028,8.67,14.28,6408,62.34,123.04,260.14
22029,24.22,26.34,17895,114.97,284.48,726.45
22030,17.67,45.84,13059,200.13,323.83,530.14
22031,1.54,5.41,1137,23.64,34.41,46.16
22032,1.33,5.44,980,23.73,33.01,39.78
22033,2.19,8.51,1615,37.16,52.46,65.56
22034,2.24,16.36,1656,71.42,87.1,67.23
22035,5.56,12.55,4109,54.8,93.72,166.81
22036,2.26,10.14,1673,44.28,60.13,67.92
22037,9.73,10.05,7192,43.86,111.99,291.96
22038,1.56,3.73,1150,16.27,27.16,46.68
22039,1.15,14.28,850,62.36,70.41,34.51
22040,3.81,38.93,2815,169.94,196.6,114.28
22041,10.64,24.7,7861,107.85,182.31,319.12
22042,2.49,10.62,1841,46.36,63.79,74.74
22043,3.02,16.6,2234,72.48,93.64,90.69
22044,2.71,17.41,2000,75.99,94.93,81.19
22045,19.85,33.06,14667,144.34,283.27,595.41
22046,8.63,25.2,6375,110.02,170.41,258.8
22047,11.23,36.45,8300,159.11,237.73,336.94
22048,3.84,18.2,2840,79.46,106.36,115.29
22049,4.91,19.02,3625,83.04,117.38,147.16
22050,4.5,23.14,3325,101.01,132.5,134.98
22051,4.36,16.66,3225,72.74,103.29,130.92
22052,4.87,17.19,3600,75.03,109.13,146.14
22053,6.16,413.45,4553,1804.9,1848.03,184.83
22054,0.49,4.56,363,19.89,23.33,14.74
22055,6.69,11.94,4945,52.12,98.96,200.74
22056,0.83,48.74,611,212.76,218.55,24.8
22057,4.17,30.99,3081,135.29,164.48,125.07
22058,0.71,5.01,528,21.85,26.86,21.43
22059,6.88,26.36,5084,115.08,163.24,206.39
22060,1.0,9.9,737,43.23,50.21,29.92
22061,2.96,10.18,2189,44.44,65.17,88.86
22062,1.04,10.31,769,45.0,52.28,31.22
22063,3.15,14.68,2327,64.07,86.12,94.47
22064,9.08,19.36,6711,84.53,148.1,272.44
22065,11.89,63.25,8786,276.13,359.35,356.67
22066,4.68,19.4,3458,84.69,117.44,140.38
22067,2.58,15.5,1905,67.66,85.71,77.33
22068,1.54,6.77,1139,29.56,40.35,46.24
22069,1.33,5.25,986,22.93,32.27,40.03
22070,2.51,14.86,1853,64.85,82.41,75.22
22071,2.1,17.2,1552,75.1,89.8,63.0
22072,3.35,9.11,2478,39.77,63.24,100.6
22073,2.94,5.09,2176,22.21,42.82,88.34
22074,2.93,13.36,2165,58.34,78.85,87.89
22075,4.58,19.44,3384,84.87,116.93,137.37
22076,3.22,9.66,2380,42.17,64.71,96.62
22077,23.77,16.1,17569,70.28,236.7,713.22
22078,5.47,20.05,4044,87.53,125.83,164.17
22079,6.87,12.85,5080,56.1,104.21,206.22
22080,5.4,11.74,3987,51.27,89.04,161.85
22081,2.14,4.78,1584,20.85,35.85,64.3
22082,10.2,12.31,7535,53.72,125.09,305.89
22083,18.96,25.2,14008,110.02,242.7,568.66
22084,12.01,22.98,8879,100.3,184.4,360.45
22085,3.45,40.72,2546,177.76,201.87,103.36
22086,49.5,51.57,36581,225.12,571.63,1485.02
22087,11.55,14.44,8532,63.04,143.86,346.36
22088,5.97,11.51,4409,50.26,92.02,178.99
22089,4.76,12.91,3516,56.36,89.67,142.73
22090,22.74,21.51,16808,93.9,253.11,682.33
22091,4.33,24.06,3202,105.01,135.34,129.99
22092,1.3,10.52,964,45.93,55.06,39.13
22093,3.22,23.64,2376,103.19,125.69,96.45
22094,4.87,35.03,3598,152.91,186.99,146.06
22095,4.57,32.12,3379,140.23,172.24,137.17
22096,2.27,35.26,1680,153.92,169.84,68.2
22097,2.84,27.2,2100,118.73,138.62,85.25
22098,3.92,25.35,2900,110.66,138.13,117.73
22099,2.91,22.17,2152,96.77,117.16,87.36
22100,1.38,18.05,1021,78.82,88.49,41.45
22101,2.62,43.67,1934,190.64,208.96,78.51
22102,2.5,127.37,1851,556.04,573.57,75.14
22103,2.39,76.49,1764,333.91,350.62,71.61
22104,1.61,49.36,1191,215.47,226.75,48.35
22105,0.94,44.09,693,192.45,199.02,28.13
22106,0.7,18.63,515,81.31,86.19,20.91
22107,1.73,4.2,1280,18.34,30.46,51.96
22108,0.43,2.75,320,11.99,15.02,12.99
22109,4.65,10.07,3436,43.97,76.52,139.49
22110,3.72,11.06,2748,48.28,74.31,111.56
22111,13.83,14.64,10218,63.92,160.71,414.8
22112,15.64,10.25,11556,44.73,154.19,469.12
22113,8.2,10.13,6059,44.23,101.63,245.97
22114,16.86,13.94,12462,60.85,178.89,505.9
22115,3.94,16.38,2913,71.49,99.08,118.25
22116,1.13,8.52,835,37.21,45.12,33.9
22117,2.39,39.77,1769,173.63,190.39,71.81
22118,1.11,10.71,823,46.73,54.53,33.41
22119,1.27,2.76,938,12.04,20.92,38.08
22120,1.39,2.78,1030,12.15,21.91,41.81
22121,2.08,8.91,1538,38.88,53.44,62.44
22122,1.48,13.08,1097,57.12,67.51,44.53
22123,0.89,5.13,661,22.39,28.65,26.83
22124,0.41,3.25,303,14.2,17.07,12.3
22125,0.89,4.29,658,18.72,24.96,26.71
22127,4.73,55.32,3498,241.51,274.64,142.0
22128,5.43,33.23,4013,145.06,183.07,162.91
22129,4.41,38.41,3258,167.69,198.55,132.26
22130,13.49,74.07,9972,323.37,417.83,404.82
22131,7.19,23.76,5317,103.71,154.07,215.85
22132,4.55,15.3,3361,66.77,98.61,136.44
22133,3.39,14.9,2508,65.03,88.78,101.81
22134,3.21,28.59,2374,124.8,147.29,96.37
22135,2.25,16.56,1662,72.31,88.05,67.47
22136,2.71,14.43,2000,62.99,81.94,81.19
22137,0.82,64.66,607,282.27,288.02,24.64
22138,12.7,13.7,9383,59.81,148.69,380.91
22139,14.45,9.33,10675,40.71,141.83,433.36
22141,5.13,12.31,3794,53.72,89.66,154.02
22142,5.98,14.62,4419,63.81,105.67,179.39
22143,0.61,17.6,448,76.82,81.07,18.19
22144,7.28,12.42,5382,54.2,105.18,218.48
22145,1.81,9.9,1340,43.21,55.9,54.4
22146,1.92,25.02,1417,109.23,122.65,57.52
22147,17.83,39.31,13175,171.59,296.39,534.84
22148,4.39,19.66,3247,85.81,116.56,131.81
22149,17.49,29.39,12922,128.31,250.71,524.57
22150,10.78,23.69,7969,103.44,178.92,323.5
22151,37.75,76.67,27897,334.72,598.97,1132.49
22152,8.6,50.6,6357,220.91,281.13,258.06
22153,8.01,27.83,5918,121.5,177.55,240.24
22154,10.81,41.95,7986,183.15,258.8,324.19
22155,8.57,25.18,6332,109.94,169.92,257.05
22156,8.56,14.84,6327,64.79,124.72,256.85
22157,2.4,12.68,1775,55.36,72.17,72.06
22158,12.78,31.84,9443,138.98,228.42,383.34
22161,9.26,26.9,6842,117.45,182.26,277.75
22162,1.71,9.5,1261,41.45,53.4,51.19
22163,1.74,7.75,1288,33.81,46.01,52.29
22164,0.44,7.83,322,34.18,37.23,13.07
22165,1.34,12.23,991,53.4,62.78,40.23
22166,0.61,10.49,454,45.8,50.1,18.43
22167,0.94,5.91,697,25.81,32.41,28.29
22168,0.91,4.23,674,18.46,24.84,27.36
22169,3.15,4.96,2326,21.64,43.68,94.42
22170,3.28,6.69,2422,29.2,52.14,98.32
22171,4.33,16.49,3202,71.98,102.31,129.99
22172,0.51,1.95,378,8.5,12.08,15.35
22173,6.96,9.98,5142,43.58,92.28,208.74
22174,7.37,26.74,5449,116.74,168.36,221.2
22175,2.5,11.35,1850,49.54,67.06,75.1
22176,1.63,7.95,1201,34.7,46.08,48.76
22177,0.44,9.64,326,42.07,45.16,13.23
22178,55.14,52.8,40748,230.48,616.46,1654.18
22179,2.83,6.04,2094,26.35,46.19,85.01
22180,1.36,2.27,1008,9.93,19.48,40.92
22181,2.12,20.48,1567,89.41,104.26,63.61
22182,0.77,4.6,571,20.09,25.5,23.18
22183,0.83,3.49,613,15.23,21.04,24.88
22184,0.54,3.47,402,15.13,18.94,16.32
22185,5.37,10.21,3968,44.57,82.15,161.08
22186,2.76,7.78,2041,33.95,53.28,82.86
22187,2.92,7.58,2159,33.1,53.55,87.65
22188,16.89,100.34,12484,438.04,556.29,506.79
22189,24.85,70.5,18363,307.78,481.72,745.45
22190,1.93,11.52,1428,50.29,63.81,57.97
22191,2.71,14.44,2003,63.03,82.0,81.31
22192,1.96,2.99,1446,13.04,26.74,58.7
22193,2.62,5.93,1938,25.89,44.25,78.67
22194,0.51,3.31,377,14.45,18.02,15.3
22195,7.14,10.45,5279,45.64,95.64,214.3
22196,9.11,12.9,6734,56.32,120.11,273.37
22197,121.65,152.32,89898,664.95,1516.49,3649.45
22198,10.56,19.85,7807,86.66,160.61,316.93
22199,2.52,18.68,1863,81.54,99.19,75.63
22200,1.78,7.34,1317,32.05,44.52,53.46
22201,0.69,11.2,511,48.91,53.75,20.74
22202,1.48,9.05,1094,39.5,49.87,44.41
22203,1.92,13.58,1416,59.3,72.71,57.48
22204,0.73,11.01,538,48.05,53.15,21.84
22206,0.02,0.97,14,4.22,4.35,0.57
22207,4.31,18.12,3187,79.12,109.31,129.38
22208,3.25,6.86,2405,29.95,52.73,97.63
22209,1.94,6.16,1434,26.89,40.47,58.21
22210,2.19,8.95,1618,39.08,54.41,65.68
22211,2.08,6.0,1538,26.21,40.78,62.44
22212,5.57,10.35,4114,45.17,84.14,167.01
22214,0.74,9.29,549,40.54,45.74,22.29
22215,1.49,3.33,1098,14.54,24.94,44.57
22216,1.9,17.06,1406,74.47,87.78,57.08
22217,3.24,15.74,2394,68.71,91.38,97.19
22218,1.67,8.9,1235,38.84,50.53,50.14
22219,13.44,15.59,9934,68.06,162.15,403.27
22220,1.01,3.36,747,14.65,21.72,30.32
22221,1.23,24.41,907,106.58,115.17,36.82
22222,2.03,5.6,1499,24.45,38.65,60.85
22223,0.99,5.63,728,24.58,31.48,29.55
22224,3.25,7.12,2404,31.09,53.86,97.59
22227,8.32,11.23,6151,49.0,107.27,249.7
22228,2.34,6.63,1729,28.94,45.31,70.19
22229,1.36,5.89,1007,25.72,35.26,40.88
22230,2.24,20.32,1659,88.73,104.44,67.35
22231,2.93,10.52,2168,45.91,66.44,88.01
22232,1.5,8.74,1109,38.14,48.64,45.02
22233,1.29,6.69,953,29.21,38.24,38.69
22236,1.54,3.5,1141,15.3,26.11,46.32
22241,5.93,22.85,4379,99.76,141.24,177.77
22242,6.54,25.45,4835,111.1,156.9,196.28
22243,10.47,64.04,7738,279.57,352.87,314.13
22244,6.54,25.32,4830,110.55,156.3,196.08
22245,6.38,22.21,4717,96.96,141.64,191.49
22246,1.5,8.62,1112,37.65,48.18,45.14
22247,1.61,10.69,1190,46.68,57.95,48.31
22248,1.37,6.66,1016,29.08,38.71,41.24
22249,2.24,7.11,1654,31.04,46.71,67.14
22250,2.07,9.87,1529,43.08,57.56,62.07
22251,2.55,11.29,1888,49.3,67.19,76.64
22252,1.33,11.16,981,48.74,58.03,39.82
22253,1.31,27.7,969,120.93,130.11,39.34
22254,1.91,16.53,1411,72.18,85.55,57.28
22255,1.65,9.17,1218,40.01,51.55,49.45
22256,1.28,13.44,943,58.69,67.62,38.28
22257,0.57,19.35,420,84.49,88.47,17.05
22258,1.82,20.93,1345,91.39,104.13,54.6
22259,0.8,18.43,592,80.46,86.07,24.03
22260,2.13,19.78,1576,86.33,101.26,63.98
22261,2.87,29.12,2119,127.13,147.21,86.02
22262,2.78,7.79,2058,34.0,53.49,83.55
22263,1.14,28.45,842,124.2,132.18,34.18
22264,2.76,28.22,2036,123.18,142.47,82.65
22265,2.51,20.49,1853,89.45,107.0,75.22
22266,3.45,50.38,2546,219.94,244.06,103.36
22267,1.99,31.31,1473,136.69,150.64,59.8
22268,3.47,20.59,2562,89.88,114.15,104.01
22269,2.06,11.61,1524,50.67,65.11,61.87
22270,0.94,6.96,692,30.37,36.93,28.09
22271,6.72,12.99,4966,56.72,103.76,201.6
22272,1.89,8.74,1397,38.14,51.37,56.71
22273,10.03,46.62,7413,203.5,273.72,300.93
22274,5.19,10.99,3834,47.97,84.29,155.64
22275,1.38,6.26,1019,27.35,37.0,41.37
22276,2.65,7.89,1956,34.42,52.95,79.4
22277,1.95,12.66,1443,55.29,68.95,58.58
22278,1.44,4.66,1066,20.33,30.42,43.27
22279,1.96,12.08,1448,52.76,66.47,58.78
22280,1.2,10.17,884,44.38,52.76,35.89
22281,0.7,12.96,514,56.57,61.44,20.87
22282,0.76,10.82,565,47.25,52.6,22.94
22283,1.42,8.31,1050,36.26,46.2,42.63
22284,3.39,18.14,2508,79.18,102.94,101.81
22285,3.71,30.22,2739,131.93,157.88,111.19
22286,2.66,24.37,1964,106.39,124.99,79.73
22287,1.82,29.13,1347,127.17,139.93,54.68
22288,1.78,27.39,1316,119.56,132.03,53.42
22289,1.04,34.11,768,148.89,156.16,31.18
22290,0.93,32.86,688,143.46,149.98,27.93
22291,4.36,20.59,3223,89.89,120.42,130.84
22292,3.78,33.09,2794,144.44,170.91,113.42
22293,2.8,21.05,2066,91.89,111.46,83.87
22294,23.18,33.26,17127,145.19,307.42,695.28
22295,11.83,20.28,8740,88.53,171.32,354.8
22296,13.5,20.96,9974,91.51,185.99,404.9
22297,18.92,26.26,13981,114.63,247.06,567.56
22299,5.37,34.41,3967,150.24,187.81,161.04
22300,5.72,19.52,4229,85.2,125.26,171.68
22301,6.97,19.44,5152,84.86,133.66,209.15
22302,6.68,37.38,4933,163.19,209.92,200.26
22303,7.38,21.02,5452,91.75,143.39,221.33
22304,3.29,44.64,2428,194.86,217.86,98.57
22305,3.1,45.8,2293,199.94,221.66,93.09
22306,2.31,10.28,1710,44.86,61.06,69.42
22307,1.72,11.61,1272,50.7,62.74,51.64
22308,0.92,6.17,683,26.95,33.42,27.73
22309,1.82,11.68,1344,50.97,63.7,54.56
22310,2.44,18.15,1802,79.23,96.3,73.15
22311,2.91,20.72,2154,90.44,110.85,87.44
22312,1.79,6.73,1321,29.39,41.9,53.63
22313,1.38,22.24,1023,97.07,106.76,41.53
22314,1.57,6.07,1163,26.51,37.53,47.21
22315,2.98,12.29,2200,53.66,74.49,89.31
22316,1.72,28.95,1273,126.4,138.46,51.68
22317,0.8,2.83,592,12.37,17.97,24.03
22318,2.2,3.95,1626,17.25,32.66,66.01
22319,4.11,17.21,3035,75.13,103.88,123.21
22320,0.81,5.26,602,22.97,28.68,24.44
22321,3.53,11.16,2608,48.72,73.42,105.87
22322,2.21,6.99,1634,30.5,45.98,66.33
22323,0.86,10.28,637,44.89,50.92,25.86
22324,0.92,9.2,681,40.17,46.62,27.65
22325,0.95,3.76,704,16.41,23.08,28.58
22326,21.23,27.82,15690,121.44,270.05,636.94
22327,4.21,9.49,3109,41.41,70.86,126.21
22328,19.81,63.36,14636,276.59,415.23,594.15
22329,7.0,18.05,5174,78.79,127.8,210.04
22330,0.17,6.17,128,26.93,28.14,5.2
22331,5.05,14.79,3732,64.56,99.91,151.5
22332,5.65,43.95,4178,191.88,231.45,169.61
22333,13.76,42.78,10172,186.74,283.09,412.94
22334,3.04,22.77,2248,99.4,120.7,91.26
22335,11.85,41.74,8756,182.2,265.14,355.45
22336,6.41,40.61,4736,177.28,222.14,192.26
22337,3.4,45.14,2509,197.08,220.84,101.85
22338,8.33,34.63,6154,151.16,209.45,249.82
22339,4.81,36.56,3552,159.61,193.26,144.19
22340,2.47,8.86,1825,38.67,55.95,74.09
22341,4.71,63.05,3483,275.24,308.23,141.39
22342,2.5,10.12,1845,44.17,61.64,74.9
22343,4.48,31.81,3312,138.86,170.23,134.45
22344,2.16,23.05,1596,100.62,115.74,64.79
22345,2.01,23.18,1483,101.2,115.25,60.2
22346,1.78,26.71,1316,116.6,129.07,53.42
22347,3.68,76.08,2722,332.15,357.93,110.5
22348,17.01,33.38,12574,145.72,264.83,510.45
22349,3.5,39.47,2588,172.32,196.83,105.06
22350,3.87,49.41,2861,215.7,242.8,116.14
22351,0.02,6.08,15,26.55,26.7,0.61
22352,9.73,12.67,7191,55.33,123.45,291.92
22353,4.12,12.98,3045,56.65,85.5,123.61
22354,3.06,9.56,2258,41.71,63.1,91.66
22355,44.24,33.89,32692,147.96,457.63,1327.14
22356,27.38,24.27,20237,105.96,297.65,821.53
22357,2.83,32.43,2094,141.55,161.39,85.01
22358,3.65,7.37,2694,32.19,57.7,109.36
22359,1.76,48.26,1297,210.69,222.98,52.65
22360,3.43,12.94,2536,56.5,80.53,102.95
22361,2.51,10.41,1857,45.43,63.02,75.39
22362,1.04,7.67,768,33.5,40.78,31.18
22363,1.06,13.13,783,57.31,64.72,31.79
22364,2.8,37.74,2067,164.73,184.31,83.91
22365,3.19,22.78,2357,99.47,121.79,95.68
22366,3.47,18.97,2564,82.8,107.09,104.09
22367,11.06,11.05,8170,48.23,125.62,331.66
22371,2.54,3.63,1877,15.83,33.61,76.2
22372,0.84,2.32,618,10.15,16.0,25.09
22374,1.41,2.33,1042,10.17,20.04,42.3
22375,0.83,2.25,615,9.83,15.66,24.97
22376,0.74,1.81,548,7.89,13.08,22.25
22377,4.9,27.98,3623,122.16,156.48,147.08
22378,5.12,17.13,3783,74.77,110.61,153.57
22379,21.75,36.1,16075,157.6,309.87,652.57
22380,6.76,15.15,4998,66.14,113.48,202.9
22381,12.79,24.22,9449,105.73,195.23,383.59
22382,27.68,15.98,20458,69.74,263.53,830.5
22383,34.45,17.96,25461,78.41,319.59,1033.6
22384,28.47,16.55,21037,72.26,271.52,854.01
22385,23.31,34.34,17227,149.91,313.09,699.34
22386,53.91,41.86,39840,182.76,560.13,1617.32
22389,0.89,11.71,659,51.12,57.37,26.75
22390,1.11,18.02,821,78.68,86.45,33.33
22391,0.44,4.42,327,19.31,22.4,13.27
22393,1.14,11.06,841,48.3,56.27,34.14
22394,0.47,10.03,349,43.78,47.09,14.17
22395,0.32,5.62,237,24.55,26.8,9.62
22396,2.59,22.17,1917,96.8,114.95,77.82
22398,5.86,10.58,4334,46.19,87.25,175.94
22399,5.54,28.88,4092,126.06,164.82,166.12
22400,3.35,23.09,2473,100.81,124.23,100.39
22402,4.67,26.44,3450,115.41,148.09,140.05
22403,2.35,12.92,1736,56.4,72.85,70.47
22405,2.27,7.37,1674,32.18,48.03,67.96
22406,3.41,55.7,2523,243.14,267.04,102.42
22407,0.59,9.72,439,42.42,46.58,17.82
22408,0.9,8.66,664,37.79,44.08,26.96
22409,2.33,57.98,1720,253.1,269.4,69.82
22410,1.85,6.9,1366,30.1,43.04,55.45
22411,37.53,25.58,27732,111.67,374.36,1125.79
22412,3.27,11.14,2417,48.64,71.54,98.12
22413,9.54,49.19,7048,214.75,281.51,286.12
22414,1.61,28.97,1192,126.48,137.77,48.39
22415,0.44,1.63,326,7.12,10.21,13.23
22416,2.67,25.89,1973,113.01,131.7,80.09
22417,29.28,39.75,21641,173.51,378.5,878.53
22418,17.23,24.47,12732,106.84,227.44,516.86
22419,9.56,25.83,7067,112.75,179.69,286.89
22420,2.87,15.87,2118,69.28,89.34,85.98
22421,6.52,25.96,4816,113.34,158.96,195.51
22422,3.77,16.83,2787,73.49,99.89,113.14
22423,37.32,16.2,27577,70.7,331.92,1119.5
22424,2.11,4.38,1560,19.14,33.91,63.33
22425,1.17,3.35,867,14.62,22.84,35.2
22426,1.82,4.55,1348,19.88,32.65,54.72
22427,4.39,6.13,3247,26.78,57.54,131.81
22428,0.65,2.28,480,9.94,14.49,19.49
22429,3.17,10.67,2341,46.59,68.76,95.03
22430,1.91,11.09,1414,48.42,61.82,57.4
22431,4.61,8.95,3406,39.07,71.34,138.27
22432,4.82,12.17,3559,53.12,86.84,144.48
22433,3.81,12.51,2818,54.61,81.31,114.4
22434,3.5,19.22,2587,83.89,108.39,105.02
22435,6.81,12.67,5029,55.31,102.95,204.15
22436,5.81,18.3,4295,79.88,120.56,174.36
22437,8.88,40.76,6566,177.94,240.14,266.55
22438,2.03,17.22,1502,75.19,89.42,60.97
22439,5.38,11.66,3977,50.88,88.55,161.45
22440,11.74,117.31,8676,512.1,594.28,352.21
22441,3.69,6.91,2726,30.16,55.98,110.66
22442,1.19,23.35,877,101.91,110.22,35.6
22443,0.95,3.75,705,16.35,23.03,28.62
22444,14.1,34.72,10419,151.56,250.25,422.96
22445,1.79,5.75,1321,25.09,37.6,53.63
22446,0.85,2.67,625,11.64,17.56,25.37
22447,0.34,2.51,252,10.95,13.33,10.23
22448,1.02,21.43,757,93.55,100.72,30.73
22449,1.86,5.49,1373,23.97,36.97,55.74
22450,1.18,5.45,874,23.78,32.06,35.48
22451,1.89,9.88,1397,43.11,56.34,56.71
22452,1.86,8.03,1371,35.04,48.03,55.66
22453,1.17,8.71,868,38.03,46.25,35.24
22454,2.08,28.57,1540,124.73,139.32,62.52
22456,6.04,19.77,4462,86.32,128.59,181.14
22457,21.34,17.75,15771,77.48,226.87,640.23
22458,2.07,30.5,1532,133.14,147.65,62.19
22459,1.89,25.18,1394,109.92,123.12,56.59
22460,6.54,17.97,4834,78.46,124.25,196.24
22461,0.56,3.56,417,15.54,19.49,16.93
22464,10.84,12.48,8012,54.49,130.39,325.25
22465,6.34,11.91,4686,51.98,96.37,190.23
22466,7.96,40.97,5879,178.86,234.54,238.66
22467,16.64,20.93,12298,91.37,207.86,499.24
22468,2.41,6.95,1778,30.32,47.16,72.18
22469,39.29,44.71,29037,195.16,470.21,1178.77
22470,25.1,40.62,18551,177.32,353.04,753.09
22471,0.87,5.99,644,26.13,32.23,26.14
22472,1.51,13.51,1115,59.0,69.56,45.26
22473,1.13,8.32,833,36.34,44.23,33.82
22474,1.34,13.0,987,56.76,66.11,40.07
22475,1.06,7.74,781,33.78,41.18,31.71
22476,1.84,35.83,1358,156.41,169.27,55.13
22477,3.31,30.51,2443,133.21,156.35,99.17
22478,3.77,28.48,2784,124.34,150.71,113.02
22479,2.65,34.02,1956,148.51,167.04,79.4
22480,3.28,14.27,2425,62.29,85.26,98.44
22481,1.77,6.4,1305,27.94,40.3,52.98
22482,3.21,18.27,2372,79.75,102.22,96.29
22483,2.57,10.65,1901,46.49,64.5,77.17
22485,1.5,3.09,1109,13.48,23.99,45.02
22486,0.14,2.66,106,11.63,12.64,4.3
22487,2.23,1.73,1647,7.54,23.14,66.86
22488,9.41,11.95,6954,52.18,118.05,282.3
22489,24.46,43.55,18076,190.1,361.32,733.8
22491,10.22,42.99,7554,187.65,259.21,306.66
22492,61.79,127.23,45665,555.42,987.97,1853.79
22493,6.53,28.1,4822,122.67,168.34,195.75
22494,3.87,13.51,2860,58.99,86.08,116.1
22495,1.29,7.91,956,34.54,43.6,38.81
22496,1.0,4.77,736,20.81,27.78,29.88
22497,1.28,6.65,947,29.04,38.01,38.44
22498,1.54,7.81,1141,34.1,44.9,46.32
22499,4.87,7.04,3597,30.73,64.8,146.02
22500,0.8,2.75,593,12.02,17.64,24.07
22501,3.58,9.75,2643,42.54,67.58,107.29
22502,5.24,6.62,3869,28.89,65.54,157.06
22503,0.2,2.99,149,13.04,14.45,6.05
22504,0.51,4.54,374,19.83,23.37,15.18
22505,5.18,11.43,3826,49.92,86.16,155.32
22507,7.71,29.0,5694,126.61,180.55,231.15
22508,3.97,27.62,2933,120.59,148.37,119.07
22509,0.53,2.27,394,9.93,13.66,15.99
22510,0.44,5.23,325,22.84,25.92,13.19
22511,0.55,4.9,407,21.38,25.24,16.52
22512,0.53,14.08,389,61.45,65.14,15.79
22513,0.8,9.44,593,41.19,46.81,24.07
22514,1.48,11.75,1094,51.29,61.65,44.41
22515,1.43,12.32,1057,53.79,63.81,42.91
22516,1.16,13.42,854,58.58,66.67,34.67
22517,1.1,14.07,815,61.44,69.16,33.09
22518,1.92,11.86,1419,51.76,65.2,57.6
22519,1.96,11.88,1445,51.87,65.56,58.66
22520,3.11,7.07,2295,30.85,52.59,93.17
22521,3.12,7.09,2303,30.97,52.78,93.49
22522,3.04,12.22,2246,53.34,74.61,91.18
22523,2.97,8.47,2193,36.96,57.73,89.03
22524,2.63,7.42,1940,32.38,50.75,78.76
22525,2.67,7.21,1974,31.47,50.17,80.14
22526,0.74,6.66,546,29.09,34.26,22.17
22528,7.89,17.79,5831,77.65,132.89,236.71
22529,3.34,31.97,2470,139.58,162.98,100.27
22530,13.9,41.31,10274,180.34,277.66,417.08
22531,11.25,59.84,8314,261.24,339.99,337.51
22532,3.95,33.36,2919,145.65,173.3,118.5
22533,6.33,46.72,4680,203.95,248.28,189.99
22534,17.81,40.76,13159,177.93,302.57,534.19
22535,6.05,24.08,4469,105.14,147.47,181.42
22536,13.76,63.89,10169,278.89,375.21,412.81
22537,7.99,36.15,5902,157.83,213.74,239.59
22538,1.96,26.83,1446,117.12,130.82,58.7
22539,7.78,44.51,5747,194.33,248.77,233.3
22540,8.51,89.24,6286,389.58,449.12,255.18
22541,1.69,41.78,1247,182.4,194.21,50.62
22543,4.47,61.82,3300,269.89,301.15,133.96
22544,12.92,48.93,9545,213.6,304.02,387.48
22545,4.71,35.6,3484,155.39,188.39,141.43
22546,5.93,58.45,4384,255.17,296.7,177.97
22547,2.76,14.71,2041,64.23,83.56,82.86
22548,4.85,16.32,3585,71.26,105.22,145.53
22549,9.05,13.3,6688,58.05,121.4,271.5
22550,2.83,12.98,2091,56.67,76.48,84.88
22551,21.35,25.74,15779,112.35,261.82,640.55
22553,10.94,12.37,8084,53.99,130.57,328.17
22554,18.75,21.92,13854,95.71,226.93,562.41
22555,16.11,36.41,11905,158.97,271.73,483.29
22556,18.67,31.41,13797,137.12,267.81,560.09
22557,14.37,24.87,10620,108.57,209.16,431.12
22558,19.32,17.81,14281,77.76,213.04,579.74
22559,2.14,11.04,1585,48.19,63.2,64.34
22560,20.6,40.35,15226,176.17,320.39,618.11
22561,15.94,23.79,11778,103.86,215.42,478.13
22562,5.43,34.07,4013,148.72,186.73,162.91
22563,8.14,34.05,6012,148.65,205.6,244.06
22564,6.27,47.83,4630,208.78,252.64,187.96
22565,2.88,10.49,2129,45.77,65.94,86.43
22566,3.92,42.81,2896,186.87,214.3,117.56
22567,7.86,26.21,5810,114.41,169.44,235.86
22568,7.7,14.23,5692,62.14,116.06,231.07
22569,7.76,20.47,5731,89.38,143.67,232.65
22570,7.86,21.64,5805,94.48,149.47,235.66
22571,8.24,17.18,6091,75.02,132.71,247.27
22572,4.99,14.33,3686,62.55,97.46,149.63
22573,6.94,32.43,5127,141.59,190.15,208.13
22574,7.29,19.5,5386,85.11,136.13,218.65
22575,4.33,16.63,3199,72.61,102.91,129.86
22576,4.55,14.5,3364,63.31,95.18,136.56
22577,19.17,21.56,14165,94.12,228.3,575.03
22578,18.17,25.47,13429,111.18,238.38,545.16
22579,9.87,12.05,7291,52.62,121.69,295.98
22580,3.2,6.37,2362,27.79,50.17,95.89
22581,4.94,14.95,3653,65.27,99.87,148.29
22582,3.44,22.72,2544,99.18,123.28,103.27
22583,2.58,9.25,1903,40.37,58.39,77.25
22584,7.16,21.4,5291,93.44,143.55,214.79
22585,24.81,28.46,18333,124.24,297.9,744.24
22586,2.88,10.76,2126,46.97,67.11,86.31
22587,2.96,12.15,2188,53.03,73.76,88.82
22588,3.96,9.6,2929,41.9,69.64,118.9
22589,1.88,7.46,1389,32.56,45.72,56.39
22591,1.84,12.15,1359,53.03,65.9,55.17
22592,2.71,24.77,2001,108.13,127.08,81.23
22593,7.86,18.25,5812,79.67,134.72,235.94
22594,6.78,15.7,5011,68.52,115.99,203.42
22595,17.62,62.59,13024,273.21,396.58,528.71
22596,8.62,19.53,6371,85.26,145.61,258.63
22597,6.3,22.17,4657,96.79,140.91,189.05
22598,2.43,20.46,1799,89.31,106.35,73.03
22599,4.24,24.66,3135,107.65,137.34,127.27
22600,6.71,17.79,4961,77.67,124.66,201.39
22601,7.34,33.69,5425,147.07,198.45,220.23
22602,8.99,21.46,6643,93.7,156.63,269.68
22603,5.72,20.79,4225,90.74,130.76,171.52
22604,2.77,21.01,2045,91.71,111.09,83.02
22605,2.5,8.26,1846,36.08,53.57,74.94
22606,1.46,10.39,1077,45.36,55.56,43.72
22607,3.46,6.44,2556,28.12,52.33,103.76
22608,7.81,63.53,5772,277.34,332.02,234.32
22609,9.7,33.69,7165,147.07,214.94,290.87
22610,17.26,82.57,12757,360.44,481.28,517.88
22611,1.23,5.76,909,25.13,33.74,36.9
22612,1.35,40.77,1001,177.99,187.47,40.64
22613,4.15,21.83,3065,95.32,124.35,124.42
22614,7.96,15.83,5883,69.1,124.83,238.82
22615,5.23,35.95,3866,156.94,193.56,156.94
22616,54.35,138.61,40163,605.11,985.54,1630.43
22617,5.94,13.68,4389,59.7,101.28,178.17
22618,1.0,4.12,742,18.0,25.03,30.12
22619,5.64,11.94,4167,52.14,91.61,169.16
22620,11.31,20.49,8361,89.45,168.65,339.42
22621,11.87,13.23,8775,57.76,140.88,356.22
22622,4.39,12.42,3242,54.21,84.92,131.61
22623,3.19,6.52,2357,28.47,50.8,95.68
22624,4.41,3.81,3258,16.61,47.47,132.26
22625,3.71,4.34,2743,18.94,44.93,111.35
22626,1.17,3.71,867,16.19,24.4,35.2
22627,2.22,2.84,1642,12.38,27.93,66.66
22628,2.37,14.17,1752,61.84,78.43,71.12
22629,28.72,40.15,21223,175.29,376.32,861.56
22630,24.85,41.92,18363,182.98,356.92,745.45
22631,8.57,20.29,6334,88.57,148.57,257.13
22632,15.14,68.61,11190,299.52,405.51,454.26
22633,12.91,18.3,9544,79.87,170.27,387.44
22634,2.34,4.82,1726,21.03,37.38,70.07
22635,2.29,6.17,1693,26.91,42.95,68.73
22636,2.25,5.47,1664,23.86,39.62,67.55
22637,6.26,31.02,4624,135.43,179.23,187.71
22638,0.56,9.04,415,39.46,43.39,16.85
22639,2.27,6.95,1679,30.32,46.23,68.16
22640,0.49,5.11,361,22.33,25.75,14.65
22641,0.41,6.21,303,27.11,29.98,12.3
22642,1.35,7.99,1000,34.86,44.34,40.6
22643,0.64,5.88,474,25.68,30.17,19.24
22644,6.89,11.65,5095,50.87,99.13,206.83
22645,7.96,10.03,5883,43.79,99.52,238.82
22646,12.6,18.39,9309,80.28,168.46,377.9
22647,1.44,16.76,1067,73.17,83.28,43.32
22649,3.17,5.55,2340,24.21,46.37,94.99
22650,2.51,8.19,1852,35.77,53.32,75.18
22651,4.4,28.92,3253,126.23,157.05,132.06
22652,13.75,35.93,10163,156.87,253.14,412.57
22653,4.17,15.88,3078,69.33,98.49,124.95
22654,3.64,8.14,2689,35.54,61.02,109.16
22655,0.1,0.5,77,2.18,2.91,3.13
22656,0.06,0.42,45,1.82,2.25,1.83
22657,0.09,6.42,65,28.04,28.66,2.64
22659,22.83,40.66,16869,177.5,337.28,684.8
22660,1.21,17.4,891,75.96,84.4,36.17
22661,11.26,24.56,8319,107.23,186.03,337.71
22662,13.63,20.44,10069,89.22,184.59,408.76
22663,7.84,16.17,5793,70.58,125.45,235.17
22664,1.96,9.83,1446,42.93,56.62,58.7
22665,4.09,7.91,3025,34.52,63.18,122.8
22666,14.82,21.23,10951,92.68,196.41,444.56
22667,6.78,16.79,5013,73.32,120.8,203.5
22668,4.88,10.67,3604,46.57,80.71,146.31
22669,3.3,6.5,2439,28.39,51.49,99.01
22670,6.08,47.16,4492,205.88,248.43,182.35
22671,2.33,15.07,1720,65.77,82.07,69.82
22672,3.88,14.29,2870,62.37,89.55,116.51
22673,1.83,8.53,1350,37.23,50.02,54.8
22674,3.25,15.0,2399,65.47,88.2,97.39
22675,3.03,15.44,2238,67.39,88.59,90.85
22676,2.5,7.94,1847,34.64,52.14,74.98
22677,2.15,7.13,1589,31.13,46.19,64.51
22678,1.91,6.35,1411,27.72,41.09,57.28
22679,1.72,5.97,1272,26.05,38.1,51.64
22680,1.87,6.61,1383,28.84,41.94,56.14
22681,1.58,6.21,1171,27.09,38.19,47.54
22682,1.58,6.23,1168,27.19,38.26,47.42
22683,1.54,6.27,1135,27.38,38.13,46.08
22684,1.38,6.18,1019,26.98,36.64,41.37
22685,1.47,6.67,1087,29.1,39.4,44.13
22686,1.91,13.47,1410,58.8,72.16,57.24
22687,1.21,36.76,895,160.47,168.94,36.33
22688,1.22,60.08,899,262.3,270.81,36.5
22689,1.48,12.89,1094,56.27,66.64,44.41
22690,3.44,22.88,2543,99.9,123.99,103.23
22691,1.03,11.63,761,50.77,57.97,30.89
22692,2.9,13.63,2141,59.5,79.78,86.91
22693,24.22,204.59,17899,893.15,1062.7,726.62
22694,6.95,8.3,5136,36.22,84.87,208.5
22695,2.03,7.71,1501,33.67,47.89,60.93
22696,2.0,7.2,1480,31.44,45.45,60.08
22697,13.68,11.35,10112,49.53,145.31,410.5
22698,11.14,17.09,8232,74.62,152.59,334.18
22699,18.05,26.38,13339,115.15,241.51,541.5
22700,1.89,56.21,1394,245.4,258.6,56.59
22701,0.92,8.55,677,37.32,43.73,27.48
22702,2.16,89.44,1593,390.43,405.52,64.67
22703,0.7,3.34,515,14.6,19.48,20.91
22704,11.98,28.34,8853,123.71,207.57,359.39
22705,5.25,3.69,3883,16.09,52.87,157.63
22706,5.78,42.98,4272,187.65,228.11,173.42
22707,2.92,6.96,2157,30.37,50.8,87.56
22708,7.27,64.04,5375,279.57,330.48,218.2
22709,3.79,43.41,2799,189.5,216.01,113.63
22710,9.76,66.28,7209,289.36,357.65,292.65
22711,7.31,31.72,5402,138.49,189.66,219.3
22712,10.08,28.54,7447,124.6,195.14,302.31
22713,8.47,39.68,6257,173.22,232.49,254.01
22714,7.19,31.59,5315,137.92,188.26,215.76
22715,3.7,14.26,2731,62.23,88.1,110.87
22716,7.21,11.83,5330,51.65,102.14,216.37
22717,3.31,20.49,2444,89.45,112.6,99.22
22718,3.64,9.37,2691,40.92,66.41,109.24
22719,2.05,10.52,1516,45.91,60.27,61.54
22720,10.14,20.61,7493,89.98,160.96,304.18
22721,1.38,6.55,1022,28.61,38.29,41.49
22722,8.1,33.85,5984,147.79,204.47,242.92
22723,1.58,7.05,1169,30.77,41.84,47.46
22725,3.51,7.82,2591,34.12,58.67,105.18
22726,10.76,13.96,7954,60.94,136.28,322.9
22727,12.98,26.55,9595,115.91,206.79,389.51
22728,8.63,25.84,6374,112.81,173.18,258.76
22729,4.19,13.38,3098,58.42,87.77,125.76
22730,5.25,12.31,3877,53.73,90.45,157.39
22731,4.14,15.44,3061,67.41,96.41,124.26
22732,5.22,17.23,3856,75.21,111.73,156.54
22733,4.77,12.49,3526,54.51,87.9,143.14
22734,13.3,53.06,9828,231.65,324.74,398.97
22735,2.03,11.11,1499,48.51,62.71,60.85
22736,3.56,9.39,2633,40.99,65.93,106.89
22737,4.62,10.06,3412,43.91,76.23,138.51
22738,6.27,16.67,4636,72.79,116.7,188.2
22739,5.68,10.39,4199,45.34,85.12,170.46
22740,18.51,77.53,13676,338.44,467.98,555.18
22741,14.51,39.99,10721,174.58,276.13,435.22
22742,1.38,11.12,1017,48.55,58.18,41.29
22743,2.08,8.85,1539,38.63,53.21,62.48
22744,2.12,9.98,1565,43.55,58.37,63.53
22745,5.54,15.38,4097,67.16,105.96,166.32
22746,4.03,14.19,2979,61.96,90.18,120.93
22747,2.83,15.8,2088,68.95,88.73,84.76
22748,5.77,15.45,4263,67.45,107.83,173.06
22749,5.24,10.73,3876,46.85,83.57,157.35
22750,4.38,9.26,3237,40.44,71.1,131.41
22751,3.16,13.23,2332,57.75,79.84,94.67
22752,5.12,10.71,3781,46.75,82.57,153.49
22753,3.22,8.38,2382,36.57,59.13,96.7
22754,5.39,16.23,3986,70.86,108.61,161.81
22755,5.19,13.04,3833,56.91,93.21,155.6
22756,1.65,9.4,1217,41.05,52.58,49.4
22757,3.68,23.65,2721,103.25,129.02,110.46
22758,3.35,21.13,2476,92.23,115.68,100.51
22759,12.91,28.51,9541,124.45,214.82,387.32
22760,0.49,5.61,361,24.49,27.91,14.65
22761,0.07,0.93,54,4.06,4.57,2.19
22762,0.29,1.58,216,6.9,8.94,8.77
22763,0.92,33.75,677,147.35,153.77,27.48
22764,0.25,20.37,183,88.91,90.64,7.43
22765,0.46,19.25,338,84.02,87.23,13.72
22766,6.06,20.61,4475,89.98,132.37,181.66
22767,1.38,7.66,1022,33.43,43.11,41.49
22768,1.62,7.33,1197,31.99,43.33,48.59
22769,0.24,14.43,179,62.98,64.67,7.27
22770,0.15,1.05,114,4.6,5.68,4.63
22771,10.5,19.71,7762,86.03,159.55,315.1
22772,6.2,24.29,4580,106.05,149.43,185.93
22773,3.38,13.87,2495,60.56,84.2,101.29
22774,4.03,26.72,2981,116.67,144.9,121.01
22775,5.28,20.07,3903,87.6,124.57,158.44
22776,2.39,3.13,1763,13.64,30.34,71.57
22777,0.65,12.54,483,54.74,59.32,19.61
22778,1.41,7.68,1045,33.54,43.44,42.42
22779,2.74,24.97,2024,109.02,128.19,82.17
22780,2.5,26.55,1850,115.91,133.43,75.1
22781,1.2,3.49,890,15.24,23.67,36.13
22782,0.34,4.1,254,17.88,20.28,10.31
22783,0.66,31.51,489,137.56,142.19,19.85
22784,2.16,4.62,1598,20.17,35.31,64.87
22785,0.58,6.14,427,26.82,30.87,17.33
22786,0.35,1.92,255,8.37,10.78,10.35
22788,0.66,22.49,486,98.19,102.79,19.73
22789,1.73,5.62,1276,24.52,36.61,51.8
22791,13.46,28.26,9946,123.37,217.58,403.76
22792,4.91,17.21,3632,75.12,109.53,147.44
22794,0.54,1.28,402,5.6,9.41,16.32
22795,2.25,4.72,1666,20.6,36.38,67.63
22796,1.11,2.32,823,10.11,17.9,33.41
22797,0.34,2.62,250,11.45,13.82,10.15
22798,3.37,9.6,2491,41.91,65.51,101.12
22799,0.35,2.43,255,10.63,13.04,10.35
22800,1.64,8.18,1211,35.71,47.18,49.16
22801,1.85,6.42,1368,28.01,40.97,55.53
22802,0.16,1.41,121,6.17,7.31,4.91
22803,0.11,0.91,78,3.99,4.73,3.17
22804,7.3,23.08,5393,100.76,151.85,218.93
22805,3.15,13.74,2330,60.0,82.07,94.59
22806,0.6,10.44,442,45.59,49.78,17.94
22807,1.92,7.33,1421,32.0,45.46,57.69
22808,0.58,6.53,427,28.52,32.56,17.33
22809,3.6,9.54,2662,41.66,66.88,108.06
22810,3.13,9.25,2312,40.36,62.26,93.86
22811,1.41,18.07,1040,78.89,88.74,42.22
22812,6.84,17.5,5057,76.4,124.31,205.29
22813,5.47,18.86,4039,82.34,120.6,163.96
22814,3.77,14.53,2783,63.45,89.81,112.98
22815,4.78,10.05,3532,43.86,77.32,143.38
22816,10.04,16.11,7422,70.35,140.65,301.3
22817,4.63,10.83,3419,47.28,79.66,138.8
22818,9.03,12.76,6670,55.69,118.87,270.77
22819,4.57,12.16,3379,53.08,85.09,137.17
22820,1.85,18.88,1365,82.42,95.35,55.41
22821,2.32,7.58,1711,33.1,49.3,69.46
22822,0.82,6.22,608,27.17,32.93,24.68
22823,0.04,1.0,32,4.38,4.68,1.3
22824,0.09,0.75,63,3.28,3.87,2.56
22825,0.14,2.1,103,9.16,10.14,4.18
22826,0.08,0.97,58,4.25,4.8,2.35
22827,0.07,0.47,49,2.07,2.54,1.99
22828,0.02,0.52,18,2.28,2.45,0.73
22829,0.34,1.66,251,7.26,9.64,10.19
22830,0.42,28.53,309,124.53,127.46,12.54
22831,1.06,11.96,782,52.19,59.6,31.75
22832,0.26,1.97,191,8.6,10.41,7.75
22833,0.26,25.45,193,111.1,112.93,7.83
22834,10.39,25.05,7676,109.34,182.04,311.61
22835,7.53,10.95,5566,47.8,100.52,225.95
22837,5.43,20.44,4015,89.25,127.28,162.99
22838,1.27,9.38,940,40.94,49.85,38.16
22839,0.81,4.01,598,17.5,23.16,24.28
22840,1.83,8.15,1354,35.59,48.41,54.97
22841,1.06,3.6,784,15.72,23.14,31.83
22842,1.14,5.35,844,23.38,31.37,34.26
22843,0.82,5.68,603,24.79,30.51,24.48
22844,1.69,4.08,1252,17.81,29.67,50.83
22845,1.39,4.57,1026,19.97,29.69,41.65
22846,1.16,3.25,856,14.19,22.3,34.75
22847,1.61,3.21,1191,14.03,25.31,48.35
22848,0.54,3.13,399,13.65,17.43,16.2
22849,0.57,2.82,419,12.33,16.3,17.01
22851,7.06,17.12,5221,74.73,124.19,211.95
22852,0.76,4.78,565,20.88,26.23,22.94
22853,0.87,4.27,646,18.64,24.76,26.22
22854,1.59,7.84,1173,34.23,45.34,47.62
22855,6.79,12.13,5020,52.94,100.5,203.79
22856,1.19,67.74,883,295.7,304.06,35.85
22857,1.68,25.2,1244,110.03,121.81,50.5
22858,1.54,16.88,1138,73.7,84.48,46.2
22859,1.71,14.91,1266,65.09,77.08,51.39
22860,0.84,7.96,623,34.75,40.65,25.29
22861,0.41,8.64,305,37.73,40.62,12.38
22862,1.07,3.15,790,13.75,21.24,32.07
22863,1.56,9.5,1156,41.47,52.42,46.93
22864,0.51,199.4,378,870.5,874.08,15.35
22865,21.05,24.4,15557,106.53,253.89,631.54
22866,18.64,22.0,13772,96.06,226.51,559.08
22867,18.2,20.75,13453,90.61,218.04,546.13
22868,0.17,9.06,125,39.56,40.74,5.07
22869,0.23,6.51,167,28.43,30.02,6.78
22870,0.21,6.99,157,30.52,32.01,6.37
22871,0.17,8.74,127,38.17,39.38,5.16
22872,0.18,7.76,136,33.89,35.18,5.52
22873,0.16,8.49,121,37.05,38.2,4.91
22874,0.17,8.88,126,38.75,39.95,5.12
22875,0.17,8.58,124,37.45,38.63,5.03
22876,0.16,9.34,121,40.78,41.93,4.91
22877,0.17,8.98,128,39.2,40.41,5.2
22878,0.17,5.52,128,24.11,25.32,5.2
22879,0.11,6.13,82,26.77,27.54,3.33
22880,0.15,4.65,114,20.31,21.39,4.63
22881,0.15,4.87,112,21.28,22.34,4.55
22882,0.17,4.11,127,17.94,19.15,5.16
22883,0.15,5.05,110,22.04,23.08,4.47
22884,0.15,4.53,113,19.78,20.85,4.59
22885,0.15,4.97,113,21.69,22.76,4.59
22886,0.13,5.39,98,23.55,24.48,3.98
22887,0.12,5.39,92,23.55,24.42,3.73
22888,0.11,5.85,79,25.52,26.27,3.21
22889,0.27,14.88,201,64.94,66.85,8.16
22890,1.14,4.59,839,20.03,27.98,34.06
22891,0.94,3.56,692,15.52,22.08,28.09
22892,4.82,12.09,3562,52.8,86.54,144.6
22893,3.75,30.07,2774,131.27,157.55,112.61
22894,0.77,5.07,569,22.12,27.51,23.1
22895,3.92,14.16,2898,61.82,89.27,117.65
22896,2.84,10.43,2096,45.54,65.4,85.09
22897,2.67,8.7,1974,37.97,56.67,80.14
22898,4.42,10.02,3263,43.74,74.65,132.46
22899,3.84,11.77,2841,51.36,78.27,115.33
22900,8.63,27.9,6377,121.81,182.21,258.88
22902,2.43,13.43,1797,58.61,75.63,72.95
22903,1.01,29.62,747,129.32,136.39,30.32
22904,4.78,15.9,3532,69.43,102.88,143.38
22905,1.47,9.93,1090,43.33,53.66,44.25
22906,4.69,13.14,3469,57.38,90.24,140.83
22907,11.83,19.48,8745,85.03,167.87,355.01
22908,7.68,23.25,5674,101.48,155.22,230.34
22909,23.96,39.17,17706,170.99,338.71,718.78
22910,26.52,25.5,19597,111.32,296.95,795.55
22911,1.18,10.34,874,45.13,53.41,35.48
22912,0.46,6.69,338,29.19,32.39,13.72
22913,0.63,8.11,462,35.4,39.78,18.76
22914,0.81,6.92,600,30.22,35.91,24.36
22915,4.68,27.18,3461,118.64,151.42,140.5
22916,2.71,15.26,2006,66.61,85.62,81.43
22917,2.76,15.13,2042,66.03,85.38,82.9
22918,2.67,15.1,1975,65.91,84.61,80.18
22919,2.48,9.86,1833,43.04,60.41,74.41
22920,4.77,92.32,3526,403.03,436.43,143.14
22921,2.44,16.13,1806,70.42,87.53,73.32
22922,2.85,24.4,2109,106.53,126.51,85.62
22923,2.27,22.98,1674,100.31,116.17,67.96
22924,2.14,20.53,1581,89.6,104.58,64.18
22925,0.68,3.14,506,13.72,18.51,20.54
22926,1.03,4.23,762,18.47,25.69,30.93
22927,0.68,3.89,502,16.97,21.73,20.38
22928,0.41,3.54,301,15.44,18.29,12.22
22929,0.03,0.79,23,3.43,3.65,0.93
22930,1.62,12.8,1200,55.87,67.23,48.71
22931,1.22,17.03,902,74.33,82.87,36.62
22932,1.3,28.38,963,123.87,133.0,39.09
22933,1.29,21.1,952,92.12,101.14,38.65
22934,0.8,13.45,589,58.69,64.27,23.91
22935,1.04,21.13,771,92.26,99.57,31.3
22936,0.39,13.41,288,58.54,61.27,11.69
22937,1.39,6.36,1024,27.76,37.46,41.57
22938,5.07,15.84,3746,69.16,104.64,152.07
22939,0.96,7.17,708,31.32,38.02,28.74
22940,4.97,15.66,3672,68.37,103.15,149.07
22941,3.67,18.62,2710,81.31,106.98,110.01
22942,1.72,7.73,1273,33.76,45.82,51.68
22943,3.53,14.83,2607,64.76,89.46,105.83
22944,6.65,44.95,4913,196.24,242.78,199.45
22945,10.63,33.71,7857,147.15,221.58,318.96
22946,1.34,5.65,992,24.67,34.07,40.27
22947,1.39,6.74,1026,29.42,39.14,41.65
22948,3.04,14.06,2245,61.39,82.65,91.14
22949,2.74,36.49,2028,159.28,178.49,82.33
22950,11.28,55.48,8334,242.18,321.12,338.32
22951,15.2,38.18,11232,166.66,273.05,455.97
22952,45.72,63.81,33786,278.56,598.58,1371.56
22953,1.14,14.13,842,61.68,69.65,34.18
22954,0.33,5.37,243,23.42,25.72,9.86
22955,2.02,14.02,1490,61.19,75.3,60.49
22956,3.54,21.16,2617,92.39,117.18,106.24
22957,2.41,18.74,1778,81.81,98.65,72.18
22959,13.26,34.27,9801,149.61,242.45,397.88
22960,12.59,14.48,9302,63.23,151.34,377.62
22961,24.47,31.0,18086,135.32,306.64,734.21
22962,6.28,25.93,4638,113.2,157.13,188.28
22963,5.35,20.7,3955,90.38,127.84,160.55
22964,3.86,18.29,2853,79.84,106.86,115.82
22965,2.56,15.58,1890,68.0,85.9,76.73
22966,11.51,21.05,8506,91.9,172.47,345.3
22967,1.59,21.9,1173,95.6,106.71,47.62
22968,1.62,7.83,1199,34.16,45.52,48.67
22969,20.42,66.86,15087,291.86,434.76,612.46
22970,5.91,36.38,4367,158.83,200.2,177.28
22971,3.29,17.49,2431,76.35,99.37,98.69
22972,2.71,7.73,2001,33.74,52.7,81.23
22973,1.93,9.98,1428,43.56,57.08,57.97
22974,2.37,13.81,1748,60.3,76.85,70.96
22975,1.79,6.28,1322,27.44,39.96,53.67
22976,1.67,6.63,1235,28.94,40.64,50.14
22977,1.44,7.01,1061,30.59,40.64,43.07
22978,3.34,49.37,2465,215.51,238.86,100.07
22979,5.54,37.67,4097,164.43,203.24,166.32
22980,3.2,12.36,2366,53.97,76.38,96.05
22981,0.64,14.07,472,61.42,65.89,19.16
22982,1.56,6.85,1155,29.9,40.84,46.89
22983,9.36,17.18,6916,74.98,140.49,280.76
22984,4.61,19.46,3410,84.97,117.27,138.43
22985,6.46,70.46,4772,307.61,352.82,193.72
22986,7.91,29.22,5845,127.56,182.92,237.28
22987,0.34,6.93,252,30.27,32.66,10.23
22988,13.19,48.1,9748,209.96,302.3,395.72
22989,3.81,24.33,2815,106.21,132.87,114.28
22990,0.86,9.34,638,40.78,46.83,25.9
22991,5.26,43.42,3889,189.55,226.39,157.88
22992,7.09,40.93,5236,178.67,228.26,212.56
22993,17.15,20.62,12672,90.02,210.06,514.42
22994,2.97,16.76,2197,73.15,93.96,89.19
22995,3.23,16.16,2389,70.55,93.18,96.98
22996,6.51,28.45,4813,124.2,169.79,195.39
22997,3.51,12.73,2595,55.58,80.16,105.35
22998,16.9,62.19,12490,271.47,389.78,507.04
22999,4.01,21.57,2960,94.18,122.22,120.16
23000,4.29,15.86,3171,69.24,99.27,128.73
23002,2.9,17.75,2145,77.48,97.8,87.08
23003,0.73,26.35,542,115.05,120.18,22.0
23004,2.72,13.15,2011,57.39,76.44,81.64
23005,6.47,46.47,4783,202.88,248.19,194.17
23006,2.39,11.79,1764,51.46,68.16,71.61
23007,0.68,4.11,499,17.94,22.67,20.26
23008,0.59,4.57,435,19.97,24.09,17.66
23009,0.36,3.6,263,15.74,18.23,10.68
23010,0.43,4.52,316,19.74,22.74,12.83
23012,1.45,4.61,1074,20.13,30.3,43.6
23013,1.25,4.17,925,18.22,26.98,37.55
23014,1.16,4.46,858,19.47,27.59,34.83
23015,0.06,1.47,41,6.41,6.8,1.66
23016,0.1,3.11,74,13.56,14.26,3.0
23017,0.09,2.65,67,11.55,12.18,2.72
23018,0.07,3.09,51,13.5,13.98,2.07
23019,0.11,3.24,81,14.13,14.89,3.29
23020,0.24,2.73,180,11.9,13.61,7.31
23021,0.16,4.22,121,18.41,19.55,4.91
23022,0.57,22.14,422,96.65,100.65,17.13
23023,0.39,11.71,286,51.11,53.82,11.61
23024,0.35,21.22,255,92.62,95.04,10.35
23025,0.47,3.23,350,14.11,17.42,14.21
23026,0.75,12.03,557,52.53,57.81,22.61
23027,0.4,10.79,295,47.12,49.91,11.98
23028,1.86,16.76,1375,73.15,86.17,55.82
23029,1.83,11.1,1352,48.44,61.25,54.88
23031,1.75,11.23,1296,49.04,61.32,52.61
23032,3.17,16.71,2342,72.96,95.15,95.07
23033,0.97,15.93,720,69.55,76.37,29.23
23034,1.34,14.91,991,65.09,74.47,40.23
23035,2.99,15.41,2209,67.28,88.2,89.68
23036,0.25,6.75,185,29.48,31.23,7.51
23037,0.27,5.57,196,24.31,26.17,7.96
23038,0.06,5.42,44,23.68,24.1,1.79
23039,0.27,5.77,199,25.18,27.06,8.08
23040,0.34,17.95,253,78.36,80.76,10.27
23041,0.37,5.1,272,22.24,24.82,11.04
23042,0.14,3.88,103,16.93,17.91,4.18
23043,0.11,3.59,81,15.68,16.44,3.29
23044,0.14,4.05,104,17.7,18.68,4.22
23045,0.16,6.22,118,27.16,28.28,4.79
23046,0.47,39.61,349,172.93,176.23,14.17
23047,0.08,1.14,58,4.99,5.54,2.35
23048,0.79,19.56,581,85.4,90.9,23.59
23049,0.62,2.03,456,8.87,13.19,18.51
23050,0.67,2.14,497,9.34,14.05,20.18
23051,0.49,2.01,365,8.76,12.22,14.82
23052,0.88,2.03,654,8.87,15.06,26.55
23053,0.49,2.37,365,10.35,13.81,14.82
23054,0.4,1.55,297,6.76,9.57,12.06
23055,0.89,33.54,658,146.43,152.67,26.71
23056,1.31,55.83,966,243.71,252.86,39.22
23057,1.05,31.35,776,136.85,144.2,31.5
23058,0.66,7.52,490,32.82,37.46,19.89
23060,0.34,4.44,249,19.36,21.72,10.11
23061,1.4,6.97,1033,30.43,40.21,41.94
23064,0.3,22.61,221,98.72,100.82,8.97
23065,0.37,5.27,274,23.02,25.62,11.12
23066,0.35,5.58,259,24.37,26.82,10.51
23067,0.4,3.27,297,14.28,17.1,12.06
23068,1.1,7.7,813,33.6,41.3,33.0
23069,0.12,1.42,90,6.2,7.05,3.65
23070,0.22,2.48,160,10.82,12.34,6.5
23071,0.43,31.15,319,136.0,139.02,12.95
23072,0.45,32.07,334,139.99,143.15,13.56
23073,0.19,3.67,144,16.02,17.38,5.85
23074,0.34,6.74,250,29.42,31.79,10.15
23075,0.65,6.87,477,30.01,34.53,19.36
23076,10.96,28.75,8100,125.5,202.23,328.82
23077,14.09,41.14,10415,179.59,278.25,422.8
23078,9.24,27.43,6831,119.72,184.43,277.31
23079,0.34,2.51,253,10.94,13.33,10.27
23080,1.46,9.96,1079,43.47,53.69,43.8
23081,0.65,6.42,484,28.03,32.61,19.65
23082,3.16,11.89,2333,51.93,74.03,94.71
23083,2.62,12.08,1933,52.71,71.02,78.47
23084,41.66,125.6,30788,548.28,839.92,1249.85
23085,0.52,6.1,381,26.64,30.25,15.47
23086,1.66,48.57,1228,212.03,223.66,49.85
23087,1.17,18.18,868,79.37,87.59,35.24
23088,1.08,7.1,795,31.01,38.54,32.27
23089,3.19,27.5,2355,120.03,142.34,95.6
23090,3.03,21.2,2238,92.56,113.76,90.85
23091,0.8,3.12,591,13.61,19.21,23.99
23092,0.71,11.34,525,49.5,54.48,21.31
23093,1.27,12.68,941,55.37,64.29,38.2
23094,0.21,1.74,152,7.59,9.03,6.17
23096,1.42,10.9,1047,47.6,57.51,42.5
23099,0.19,1.7,137,7.4,8.7,5.56
23100,2.94,9.82,2169,42.85,63.39,88.05
23101,2.76,11.73,2037,51.2,70.49,82.69
23102,1.74,10.64,1288,46.46,58.66,52.29
23103,5.52,12.82,4080,55.97,94.62,165.63
23104,0.16,3.84,118,16.76,17.88,4.79
23106,0.39,3.94,291,17.22,19.98,11.81
23107,0.49,3.64,359,15.89,19.29,14.57
23108,3.01,22.54,2221,98.41,119.45,90.16
23109,3.25,13.94,2401,60.87,83.61,97.47
23110,0.95,3.26,702,14.24,20.89,28.5
23111,0.42,2.33,312,10.19,13.14,12.67
23112,0.74,2.12,547,9.26,14.44,22.21
23113,1.56,102.28,1154,446.51,457.44,46.85
23114,0.2,5.42,149,23.67,25.08,6.05
23115,0.21,5.5,155,24.03,25.5,6.29
23116,0.11,7.27,78,31.75,32.49,3.17
23117,0.13,1.45,93,6.34,7.22,3.78
23118,1.1,6.77,813,29.55,37.25,33.0
23119,3.09,30.45,2283,132.93,154.56,92.68
23120,2.32,38.48,1716,167.99,184.25,69.66
23121,3.39,51.07,2506,222.94,246.67,101.73
23122,3.05,54.7,2253,238.79,260.13,91.46
23123,1.27,21.54,936,94.02,102.89,38.0
23124,0.77,26.56,567,115.94,121.31,23.02
23125,0.62,48.25,459,210.63,214.97,18.63
23126,1.51,4.53,1114,19.79,30.34,45.22
23127,1.0,3.92,737,17.12,24.1,29.92
23128,0.61,3.85,453,16.82,21.11,18.39
23129,1.29,8.65,950,37.74,46.74,38.57
23130,1.3,7.55,962,32.95,42.06,39.05
23131,1.28,23.39,943,102.12,111.06,38.28
23132,1.4,18.5,1034,80.76,90.55,41.98
23133,1.06,15.02,782,65.57,72.98,31.75
23134,1.44,71.19,1065,310.78,320.87,43.23
23135,2.09,86.79,1541,378.89,393.49,62.56
23136,0.18,2.17,135,9.49,10.77,5.48
23137,0.11,4.94,83,21.58,22.36,3.37
23138,1.2,26.9,884,117.45,125.82,35.89
23139,0.56,45.68,415,199.43,203.36,16.85
23140,0.25,4.38,182,19.13,20.85,7.39
23141,0.11,3.08,79,13.44,14.18,3.21
23142,0.16,7.45,121,32.54,33.69,4.91
23143,0.04,1.2,30,5.26,5.54,1.22
23144,6.89,28.99,5089,126.55,174.75,206.59
23145,2.82,12.17,2084,53.14,72.88,84.6
23146,1.08,3.26,801,14.25,21.83,32.52
23147,2.53,5.1,1870,22.28,40.0,75.91
23148,2.9,6.52,2144,28.46,48.77,87.04
23149,0.13,2.69,99,11.73,12.66,4.02
23150,0.2,2.31,148,10.1,11.5,6.01
23151,0.08,2.65,62,11.56,12.15,2.52
23152,0.76,4.48,558,19.58,24.86,22.65
23153,0.36,2.76,263,12.04,14.53,10.68
23154,3.7,21.36,2732,93.26,119.14,110.91
23155,3.02,19.05,2233,83.14,104.3,90.65
23156,2.26,14.98,1672,65.41,81.24,67.88
23157,3.48,32.8,2570,143.21,167.55,104.33
23158,3.57,19.14,2635,83.56,108.52,106.97
23159,3.14,17.98,2321,78.5,100.49,94.22
23160,1.98,23.98,1462,104.71,118.55,59.35
23161,2.32,24.33,1715,106.2,122.45,69.62
23162,1.91,12.59,1412,54.94,68.32,57.32
23163,2.48,13.11,1832,57.25,74.6,74.37
23164,0.78,9.96,578,43.47,48.95,23.46
23165,4.22,17.55,3118,76.61,106.15,126.58
23166,105.59,4692.9,78033,20486.78,21225.93,3167.78
23167,7.91,95.25,5847,415.83,471.22,237.36
23168,4.45,13.88,3292,60.58,91.77,133.64
23169,2.11,5.51,1558,24.07,38.83,63.25
23170,9.29,41.32,6869,180.37,245.44,278.85
23171,8.45,53.46,6247,233.38,292.56,253.6
23172,5.24,16.17,3871,70.6,107.26,157.14
23173,3.75,32.51,2770,141.94,168.17,112.45
23174,4.14,44.34,3057,193.57,222.53,124.1
23175,4.28,43.94,3164,191.82,221.79,128.44
23176,2.93,31.1,2167,135.77,156.29,87.97
23177,3.43,39.59,2535,172.84,196.85,102.91
23178,0.45,8.57,330,37.39,40.52,13.4
23179,0.44,10.95,324,47.8,50.86,13.15
23180,0.17,1.95,122,8.51,9.66,4.95
23181,0.27,2.27,201,9.9,11.8,8.16
23182,5.11,12.17,3777,53.13,88.91,153.33
23183,0.31,2.05,226,8.95,11.09,9.17
23184,1.18,4.92,874,21.49,29.77,35.48
23185,0.44,8.11,323,35.4,38.46,13.11
23186,2.68,38.68,1982,168.85,187.62,80.46
23187,3.16,25.44,2338,111.04,133.18,94.91
23188,4.7,15.68,3473,68.43,101.33,140.99
23189,1.69,13.71,1249,59.84,71.67,50.7
23190,2.3,12.85,1702,56.12,72.24,69.09
23191,3.0,9.53,2218,41.62,62.63,90.04
23192,4.78,18.04,3533,78.75,112.22,143.42
23193,2.61,43.22,1930,188.68,206.96,78.35
23194,2.49,30.3,1839,132.28,149.7,74.65
23196,2.54,8.45,1876,36.87,54.64,76.16
23197,2.02,10.04,1492,43.84,57.97,60.57
23198,4.53,9.85,3346,43.02,74.71,135.83
23199,20.19,35.5,14920,154.96,296.28,605.68
23200,9.57,24.1,7071,105.22,172.2,287.05
23201,18.1,32.53,13379,142.01,268.74,543.13
23202,14.83,23.17,10962,101.16,205.0,445.01
23203,27.74,37.17,20503,162.25,356.46,832.33
23204,10.79,26.07,7976,113.8,189.35,323.79
23205,7.93,23.79,5859,103.85,159.35,237.85
23206,16.49,21.99,12183,96.01,211.41,494.57
23207,10.62,23.92,7851,104.43,178.8,318.71
23208,8.58,14.47,6342,63.18,123.25,257.46
23209,17.85,18.15,13189,79.23,204.16,535.41
23210,3.93,21.59,2902,94.23,121.72,117.81
23211,3.15,23.88,2331,104.26,126.34,94.63
23212,3.11,21.41,2300,93.45,115.24,93.37
23213,2.28,17.62,1683,76.93,92.87,68.32
23214,1.07,7.35,794,32.07,39.6,32.23
23215,4.83,53.4,3567,233.11,266.89,144.8
23216,0.71,21.85,525,95.37,100.34,21.31
23217,1.77,25.05,1309,109.35,121.75,53.14
23218,0.51,14.07,379,61.41,65.0,15.39
23219,0.58,7.17,430,31.31,35.38,17.46
23220,1.35,15.85,994,69.21,78.63,40.35
23221,2.08,14.58,1537,63.65,78.21,62.4
23222,1.08,17.21,799,75.14,82.71,32.44
23223,1.09,8.95,803,39.08,46.69,32.6
23224,1.0,18.25,738,79.69,86.68,29.96
23225,1.83,26.66,1356,116.38,129.22,55.05
23226,1.69,12.12,1247,52.9,64.71,50.62
23227,2.22,17.87,1642,78.01,93.57,66.66
23228,2.02,17.71,1492,77.31,91.44,60.57
23229,2.53,14.04,1869,61.29,78.99,75.87
23230,10.83,35.58,8001,155.32,231.11,324.8
23231,9.85,19.47,7277,84.99,153.92,295.41
23232,11.67,48.24,8626,210.59,292.3,350.18
23233,7.0,49.9,5175,217.84,266.86,210.08
23234,2.33,13.78,1725,60.15,76.49,70.03
23235,1.0,11.76,739,51.35,58.35,30.0
23236,3.4,15.67,2509,68.4,92.17,101.85
23237,1.43,9.95,1054,43.45,53.44,42.79
23238,2.52,12.24,1862,53.42,71.06,75.59
23239,1.15,8.07,853,35.21,43.29,34.63
23240,5.66,16.4,4186,71.61,111.26,169.93
23241,2.96,13.89,2184,60.66,81.35,88.66
23242,2.0,16.02,1476,69.94,83.92,59.92
23243,6.5,69.09,4805,301.59,347.11,195.06
23244,1.27,14.59,936,63.71,72.57,38.0
23245,8.6,25.07,6357,109.44,169.66,258.06
23247,2.99,15.89,2206,69.36,90.26,89.55
23249,1.16,11.58,854,50.57,58.66,34.67
23250,1.6,11.09,1179,48.41,59.57,47.86
23251,2.32,19.7,1713,86.0,102.22,69.54
23252,0.82,6.01,607,26.22,31.97,24.64
23253,0.35,5.48,258,23.91,26.35,10.47
23254,2.31,13.44,1710,58.66,74.86,69.42
23255,1.37,13.27,1015,57.94,67.56,41.2
23256,2.86,11.28,2115,49.23,69.26,85.86
23263,5.27,9.44,3893,41.21,78.08,158.04
23264,2.66,6.15,1966,26.84,45.47,79.81
23265,2.41,5.74,1784,25.06,41.95,72.42
23266,2.79,6.2,2064,27.05,46.6,83.79
23267,1.63,12.02,1202,52.48,63.87,48.8
23268,1.96,45.22,1448,197.4,211.11,58.78
23269,1.06,12.18,786,53.16,60.61,31.91
23270,1.6,18.83,1183,82.2,93.4,48.02
23271,2.35,18.6,1734,81.21,97.64,70.39
23272,0.49,6.51,364,28.42,31.87,14.78
23273,1.31,5.87,969,25.61,34.79,39.34
23274,1.6,12.05,1183,52.62,63.83,48.02
23275,5.07,26.06,3749,113.76,149.27,152.19
23280,2.74,27.56,2024,120.32,139.49,82.17
23281,1.73,30.06,1280,131.21,143.33,51.96
23282,1.1,9.69,812,42.3,49.99,32.96
23283,1.35,9.68,994,42.25,51.67,40.35
23284,7.43,27.33,5491,119.3,171.32,222.91
23285,6.5,151.08,4807,659.55,705.08,195.14
23286,6.83,134.83,5048,588.6,636.41,204.93
23287,2.56,16.53,1891,72.16,90.08,76.77
23288,6.26,153.3,4625,669.21,713.02,187.75
23289,2.19,18.26,1622,79.72,95.08,65.85
23290,3.3,25.31,2437,110.5,133.58,98.93
23291,2.21,18.11,1635,79.04,94.53,66.37
23292,2.95,20.01,2182,87.34,108.01,88.58
23293,11.48,34.56,8486,150.86,231.25,344.49
23294,5.98,31.13,4420,135.89,177.76,179.43
23295,8.31,32.63,6140,142.44,200.6,249.26
23296,6.74,31.71,4981,138.42,185.6,202.21
23297,5.82,61.84,4303,269.94,310.7,174.68
23298,11.47,15.74,8473,68.73,148.98,343.96
23299,1.37,11.84,1015,51.71,61.32,41.2
23300,9.24,30.33,6827,132.41,197.08,277.14
23301,11.94,17.76,8825,77.53,161.12,358.25
23302,2.09,21.04,1544,91.86,106.48,62.68
23303,0.09,7.6,65,33.18,33.8,2.64
23304,0.1,4.73,71,20.64,21.32,2.88
23305,0.11,7.13,82,31.13,31.91,3.33
23306,3.8,19.56,2808,85.41,112.01,113.99
23307,16.32,43.76,12063,191.01,305.28,489.7
23308,8.32,37.53,6151,163.85,222.12,249.7
23309,11.27,53.84,8332,235.03,313.95,338.24
23310,16.31,61.81,12050,269.85,383.99,489.17
23311,3.23,6.02,2390,26.29,48.93,97.02
23312,1.93,12.15,1424,53.06,66.55,57.81
23313,4.06,13.64,2997,59.54,87.93,121.66
23314,0.55,9.16,409,39.99,43.86,16.6
23315,0.29,3.17,213,13.85,15.87,8.65
23316,0.34,2.34,251,10.21,12.59,10.19
23317,0.24,1.94,174,8.48,10.13,7.06
23318,5.16,19.3,3811,84.27,120.37,154.71
23319,5.06,17.55,3739,76.61,112.03,151.79
23320,3.61,8.84,2668,38.61,63.88,108.31
23321,6.41,12.04,4737,52.56,97.43,192.3
23322,4.17,9.1,3085,39.71,68.93,125.24
23323,1.99,5.4,1473,23.55,37.51,59.8
23324,0.54,10.11,399,44.13,47.91,16.2
23325,0.63,12.79,462,55.85,60.23,18.76
23326,4.66,61.84,3443,269.96,302.57,139.77
23327,2.35,53.74,1734,234.59,251.01,70.39
23328,3.85,14.09,2845,61.49,88.44,115.49
23329,2.41,7.92,1778,34.57,51.41,72.18
23330,2.44,9.63,1804,42.04,59.13,73.23
23331,2.16,18.93,1596,82.65,97.77,64.79
23332,2.81,7.38,2076,32.23,51.89,84.28
23333,2.86,8.45,2110,36.89,56.88,85.66
23334,3.07,21.68,2271,94.63,116.14,92.19
23335,0.51,6.93,378,30.24,33.83,15.35
23336,0.31,2.47,226,10.76,12.91,9.17
23337,0.24,2.1,180,9.18,10.88,7.31
23338,0.58,6.85,431,29.88,33.97,17.5
23339,0.24,2.15,175,9.39,11.04,7.1
23340,3.4,47.54,2512,207.56,231.35,101.98
23341,0.42,3.77,308,16.45,19.37,12.5
23342,0.51,3.09,375,13.48,17.04,15.22
23343,8.23,25.9,6081,113.07,170.67,246.86
23344,13.95,31.56,10306,137.76,235.38,418.38
23345,3.32,48.54,2455,211.91,235.16,99.66
23346,3.56,48.37,2632,211.14,236.07,106.85
23347,1.16,22.64,860,98.84,106.98,34.91
23348,1.01,5.86,750,25.57,32.68,30.45
23349,4.37,12.74,3231,55.62,86.23,131.16
23350,3.68,11.87,2721,51.8,77.58,110.46
23351,4.79,11.8,3539,51.53,85.05,143.67
23352,2.44,8.81,1803,38.44,55.52,73.19
23353,5.43,17.78,4016,77.63,115.67,163.03
23354,5.06,15.38,3743,67.15,102.6,151.95
23355,7.9,17.01,5841,74.24,129.57,237.12
23356,3.23,12.86,2386,56.15,78.75,96.86
23357,0.61,5.64,453,24.63,28.92,18.39
23358,0.81,7.19,595,31.37,37.0,24.15
23359,1.34,11.54,993,50.37,59.78,40.31
23360,1.61,15.97,1187,69.72,80.97,48.19
23365,2.52,22.4,1859,97.77,115.38,75.47
23366,3.05,29.81,2253,130.14,151.48,91.46
23367,4.45,25.88,3285,113.0,144.11,133.36
23368,3.22,26.5,2382,115.67,138.23,96.7
23369,1.5,20.81,1105,90.84,101.3,44.86
23370,2.1,18.97,1555,82.82,97.55,63.13
23371,2.32,19.56,1712,85.37,101.59,69.5
23372,1.88,20.66,1391,90.2,103.38,56.47
23373,2.18,27.57,1608,120.37,135.6,65.28
23374,3.32,33.34,2456,145.55,168.82,99.7
23375,1.83,19.91,1352,86.92,99.73,54.88
23376,4.13,39.02,3051,170.32,199.22,123.86
23377,1.83,10.0,1354,43.65,56.47,54.97
23378,5.42,51.35,4003,224.18,262.1,162.5
23379,1.65,49.27,1220,215.07,226.62,49.53
23380,3.17,41.73,2344,182.16,204.36,95.16
23381,2.04,47.1,1509,205.61,219.9,61.26
23382,2.54,21.98,1875,95.94,113.7,76.12
23388,1.12,12.35,825,53.91,61.72,33.49
23389,1.52,11.5,1122,50.22,60.85,45.55
23390,1.02,11.8,751,51.52,58.63,30.49
23391,0.53,8.23,390,35.94,39.63,15.83
23392,0.9,13.27,667,57.93,64.25,27.08
23393,1.09,2.87,807,12.51,20.15,32.76
23394,0.59,2.63,438,11.47,15.61,17.78
23395,1.03,4.26,761,18.59,25.8,30.89
23396,0.9,3.94,662,17.19,23.46,26.87
23397,0.66,3.33,489,14.52,19.15,19.85
23398,0.83,9.35,610,40.81,46.59,24.76
23399,2.6,8.07,1922,35.25,53.46,78.02
23400,0.62,15.07,461,65.8,70.17,18.71
23401,0.62,18.33,459,80.0,84.35,18.63
23402,0.4,6.24,297,27.23,30.05,12.06
23403,0.85,14.42,626,62.93,68.86,25.41
23404,1.37,16.15,1011,70.48,80.06,41.04
23405,0.34,3.33,254,14.54,16.94,10.31
23406,0.62,15.72,457,68.63,72.96,18.55
23407,0.36,1.67,267,7.27,9.8,10.84
23408,0.42,2.42,310,10.56,13.49,12.58
23409,0.29,2.8,215,12.24,14.27,8.73
23410,0.05,1.24,36,5.4,5.74,1.46
23411,0.31,6.94,227,30.28,32.43,9.22
23412,0.48,12.87,358,56.19,59.58,14.53
23413,0.24,2.85,177,12.44,14.11,7.19
23414,0.19,2.08,141,9.08,10.41,5.72
23415,0.44,6.51,328,28.4,31.51,13.32
23416,0.18,5.99,132,26.15,27.4,5.36
23417,0.2,5.68,146,24.79,26.17,5.93
23418,0.76,9.7,558,42.34,47.63,22.65
23419,0.64,6.86,474,29.93,34.42,19.24
23420,0.22,4.88,165,21.3,22.87,6.7
23421,0.22,4.87,162,21.28,22.81,6.58
23422,0.29,4.82,213,21.03,23.05,8.65
23423,0.3,2.72,219,11.87,13.94,8.89
23424,0.63,3.54,466,15.44,19.86,18.92
23425,0.37,3.75,275,16.38,18.99,11.16
23426,1.73,12.72,1277,55.51,67.61,51.84
23427,0.32,5.49,238,23.99,26.24,9.66
23428,0.1,1.95,77,8.5,9.23,3.13
23429,0.06,1.07,47,4.65,5.09,1.91
23430,0.05,1.24,36,5.4,5.74,1.46
23431,1.97,64.7,1454,282.44,296.21,59.03
23432,1.73,18.71,1278,81.67,93.78,51.88
23433,1.7,9.14,1258,39.88,51.8,51.07
23434,2.85,15.79,2105,68.92,88.85,85.45
23435,1.12,20.08,827,87.66,95.49,33.57
23436,2.68,40.79,1979,178.08,196.82,80.34
23437,2.62,34.89,1939,152.32,170.69,78.71
23438,2.47,37.69,1823,164.54,181.8,74.01
23439,5.45,18.43,4027,80.48,118.62,163.48
23440,0.22,62.33,164,272.09,273.64,6.66
23441,0.03,4.62,22,20.16,20.37,0.89
23442,0.06,3.85,42,16.82,17.22,1.71
23444,0.11,0.0,79,0.0,0.75,3.21
23445,3.64,31.87,2688,139.13,164.59,109.12
23446,0.21,79.58,157,347.39,348.88,6.37
23447,0.21,69.86,158,304.97,306.47,6.41
23448,0.03,6.35,25,27.72,27.96,1.01
23451,0.38,4.57,278,19.97,22.6,11.29
23452,0.7,4.18,518,18.24,23.15,21.03
23453,0.44,4.59,324,20.02,23.09,13.15
23454,0.24,3.54,179,15.44,17.14,7.27
23455,0.28,7.84,207,34.24,36.2,8.4
23456,0.21,4.58,158,20.0,21.5,6.41
23457,0.15,4.36,113,19.04,20.11,4.59
23458,0.07,0.47,51,2.03,2.52,2.07
23459,0.04,0.45,33,1.98,2.29,1.34
23460,0.15,4.64,108,20.24,21.26,4.38
23461,1.16,59.75,857,260.84,268.96,34.79
23462,0.11,1.31,80,5.71,6.46,3.25
23463,0.02,0.52,13,2.26,2.38,0.53
23464,0.02,1.49,18,6.5,6.67,0.73
23465,0.04,0.98,29,4.28,4.56,1.18
23466,0.07,1.53,55,6.68,7.21,2.23
23467,0.04,2.17,32,9.45,9.76,1.3
23468,0.03,0.9,19,3.95,4.13,0.77
23469,0.45,8.41,332,36.7,39.85,13.48
23470,0.31,4.21,232,18.39,20.59,9.42
23471,0.09,2.16,66,9.45,10.07,2.68
23472,0.08,1.29,59,5.62,6.18,2.4
23473,0.92,25.97,679,113.36,119.79,27.56
23474,0.42,6.91,312,30.16,33.12,12.67
23475,0.39,5.58,286,24.38,27.09,11.61
23476,0.28,4.55,205,19.86,21.81,8.32
23477,0.12,5.56,92,24.27,25.14,3.73
23478,0.39,51.36,285,224.21,226.91,11.57
23479,0.15,2.69,114,11.76,12.84,4.63
23480,2.44,17.38,1800,75.88,92.93,73.07
23481,0.31,7.49,228,32.68,34.84,9.26
23482,0.57,23.05,418,100.63,104.58,16.97
23483,1.81,22.02,1340,96.12,108.81,54.4
23484,0.25,5.49,185,23.96,25.71,7.51
23485,0.35,13.04,262,56.93,59.41,10.64
23486,0.37,17.31,275,75.55,78.16,11.16
23487,0.11,1.5,80,6.54,7.3,3.25
23489,1.24,5.29,913,23.11,31.76,37.06
23490,0.74,5.38,548,23.49,28.68,22.25
23491,0.31,2.41,228,10.53,12.69,9.26
23492,0.1,2.46,76,10.75,11.47,3.09
23493,5.37,17.96,3970,78.41,116.02,161.16
23494,1.1,5.85,813,25.55,33.26,33.0
23495,0.3,6.19,225,27.02,29.15,9.13
23496,0.15,3.86,112,16.86,17.92,4.55
23497,3.47,44.13,2561,192.64,216.9,103.96
23498,2.22,60.94,1644,266.03,281.61,66.74
23499,1.78,12.05,1315,52.61,65.07,53.38
23500,2.21,16.69,1631,72.88,88.32,66.21
23501,2.47,26.78,1823,116.9,134.17,74.01
23502,0.97,10.87,714,47.45,54.21,28.99
23503,4.93,12.74,3646,55.61,90.14,148.01
23504,2.62,13.81,1934,60.29,78.61,78.51
23505,1.63,19.54,1207,85.32,96.76,49.0
23506,3.72,54.89,2747,239.64,265.66,111.52
23507,3.9,87.43,2884,381.7,409.01,117.08
23508,3.56,59.84,2631,261.25,286.17,106.81
23509,1.44,60.29,1065,263.21,273.3,43.23
23510,3.41,77.68,2522,339.11,363.0,102.38
23511,0.78,14.35,573,62.65,68.08,23.26
23512,0.68,25.93,501,113.2,117.95,20.34
23513,0.77,23.61,566,103.09,108.45,22.98
23514,0.65,16.52,478,72.13,76.66,19.4
23515,0.78,23.35,579,101.96,107.44,23.5
23516,0.4,14.55,297,63.52,66.34,12.06
23517,0.45,11.94,334,52.11,55.28,13.56
23518,0.49,19.36,362,84.5,87.93,14.7
23519,0.3,19.44,224,84.88,87.0,9.09
23520,0.23,12.31,168,53.76,55.35,6.82
23521,0.56,35.99,413,157.1,161.01,16.77
23522,0.48,29.46,354,128.61,131.96,14.37
23523,0.49,19.44,360,84.87,88.28,14.61
23524,0.65,21.43,481,93.55,98.1,19.53
23525,0.79,27.53,583,120.18,125.7,23.67
23526,1.37,21.57,1012,94.16,103.74,41.08
23527,0.57,20.09,421,87.7,91.69,17.09
23528,0.65,25.4,479,110.89,115.43,19.45
23529,0.86,46.22,637,201.79,207.83,25.86
23530,1.44,25.44,1062,111.04,121.1,43.11
23531,1.32,24.64,979,107.55,116.83,39.74
23532,0.28,21.25,210,92.76,94.75,8.53
23533,0.29,13.84,215,60.41,62.45,8.73
23534,1.88,15.79,1388,68.93,82.07,56.35
23535,1.8,15.97,1329,69.71,82.3,53.95
23536,0.85,24.09,626,105.15,111.08,25.41
23537,0.15,4.47,111,19.53,20.58,4.51
23538,0.45,37.22,332,162.48,165.62,13.48
23539,0.33,14.28,247,62.35,64.69,10.03
23540,0.2,31.59,150,137.9,139.33,6.09
23541,1.18,17.41,872,76.02,84.28,35.4
23542,0.68,16.95,506,73.98,78.77,20.54
23543,1.67,69.75,1237,304.5,316.22,50.22
23544,0.22,25.02,164,109.24,110.79,6.66
23545,3.36,21.0,2480,91.67,115.16,100.68
23546,4.43,6.91,3275,30.18,61.2,132.95
23547,2.13,3.18,1575,13.86,28.78,63.94
23548,1.45,0.0,1075,0.0,10.18,43.64
23549,1.77,4.48,1305,19.57,31.93,52.98
23550,2.51,22.72,1855,99.17,116.74,75.3
23551,2.49,13.98,1843,61.02,78.48,74.82
23552,2.52,56.85,1864,248.2,265.85,75.67
23553,0.77,38.48,569,167.99,173.38,23.1
23554,0.57,38.84,424,169.55,173.56,17.21
23555,0.57,40.63,424,177.38,181.39,17.21
23556,0.59,39.9,439,174.17,178.32,17.82
23557,0.47,52.76,350,230.3,233.62,14.21
23558,0.57,40.3,418,175.94,179.89,16.97
23559,0.88,10.57,652,46.15,52.32,26.47
23560,0.23,11.26,173,49.14,50.78,7.02
23561,0.23,14.79,170,64.57,66.18,6.9
23562,0.34,8.86,253,38.66,41.06,10.27
23564,0.87,17.42,644,76.03,82.13,26.14
23565,0.55,7.81,410,34.09,37.97,16.64
23566,1.19,22.14,883,96.67,105.04,35.85
23567,0.29,5.99,211,26.13,28.13,8.57
23568,0.85,28.51,630,124.47,130.44,25.58
23569,1.3,8.31,961,36.26,45.36,39.01
23570,3.76,30.74,2782,134.2,160.55,112.94
23571,3.87,31.02,2859,135.4,162.48,116.06
23574,0.02,0.0,14,0.0,0.13,0.57
23575,0.24,8.17,179,35.65,37.34,7.27
23576,0.27,7.75,198,33.85,35.72,8.04
23578,0.08,3.05,60,13.31,13.88,2.44
23579,0.23,8.07,171,35.23,36.85,6.94
23580,0.16,3.34,117,14.57,15.68,4.75
23581,6.81,29.25,5035,127.71,175.4,204.4
23582,6.52,94.09,4815,410.76,456.37,195.47
23583,4.59,21.72,3395,94.8,126.96,137.82
23597,0.34,15.89,251,69.39,71.76,10.19
23598,0.58,15.99,428,69.8,73.85,17.37
23603,0.03,0.51,20,2.24,2.43,0.81
23611,0.05,2.37,40,10.33,10.71,1.62
23613,0.01,0.98,11,4.29,4.4,0.45
23614,0.04,2.2,26,9.62,9.86,1.06
23626,0.06,3.57,43,15.6,16.0,1.75
23629,0.03,2.55,24,11.12,11.35,0.97
23632,0.02,0.97,15,4.24,4.38,0.61
23637,0.01,0.67,11,2.91,3.01,0.45
23660,0.41,5.14,306,22.45,25.35,12.42
23661,0.3,4.94,219,21.58,23.65,8.89
23681,2.13,23.71,1577,103.52,118.45,64.02
23691,1.59,28.73,1175,125.43,136.56,47.7
23692,0.07,0.0,50,0.0,0.47,2.03
23694,0.51,11.32,376,49.4,52.96,15.26
23695,1.04,12.89,765,56.27,63.52,31.06
23697,0.62,13.23,456,57.76,62.08,18.51
35001B,0.02,1.94,17,8.47,8.63,0.69
35001G,1.03,14.57,760,63.6,70.8,30.85
35001W,1.32,13.84,973,60.41,69.62,39.5
35004B,2.03,8.7,1500,37.99,52.19,60.89
35004C,4.44,18.46,3284,80.59,111.7,133.32
35004G,0.49,6.53,363,28.49,31.93,14.74
35004P,0.16,3.12,120,13.62,14.76,4.87
35004S,0.2,6.97,145,30.42,31.8,5.89
35004c,0.04,0.28,27,1.21,1.46,1.1
35015,2.8,45.29,2072,197.73,217.35,84.11
35051B,0.02,1.41,14,6.17,6.31,0.57
35071,0.07,8.67,50,37.84,38.32,2.03
35085E,0.05,2.06,39,9.0,9.37,1.58
35095A,2.45,39.29,1813,171.51,188.68,73.6
35095B,2.66,38.3,1964,167.2,185.8,79.73
35096A,1.05,74.77,777,326.42,333.78,31.54
35096B,0.4,26.68,295,116.45,119.25,11.98
35160,2.95,73.87,2180,322.46,343.11,88.5
35233,0.02,0.42,12,1.84,1.95,0.49
35240,0.07,0.59,49,2.6,3.06,1.99
35241,0.42,3.18,312,13.87,16.82,12.67
35265,0.03,0.77,22,3.37,3.58,0.89
35271S,0.59,30.6,439,133.58,137.74,17.82
35400,1.95,4.87,1443,21.26,34.93,58.58
35443,0.02,1.07,16,4.69,4.84,0.65
35471A,0.57,7.63,421,33.33,37.32,17.09
35471D,3.08,8.51,2278,37.15,58.73,92.48
35537,0.02,2.08,13,9.09,9.21,0.53
35591T,0.03,1.08,20,4.71,4.9,0.81
35594,0.23,4.14,171,18.09,19.71,6.94
35596,0.04,8.54,29,37.28,37.55,1.18
35597A,0.01,2.17,11,9.46,9.57,0.45
35597B,0.11,20.61,79,89.96,90.71,3.21
35597D,0.08,9.82,58,42.88,43.43,2.35
35598B,1.3,34.13,961,148.98,158.08,39.01
35598D,2.39,39.19,1764,171.08,187.79,71.61
35599B,0.37,9.95,276,43.45,46.06,11.2
35599D,0.55,6.63,409,28.95,32.83,16.6
35600D,0.19,12.93,141,56.44,57.77,5.72
35603B,0.07,32.53,50,142.0,142.47,2.03
35603C,0.11,3.04,83,13.26,14.05,3.37
35607A,0.75,21.15,556,92.35,97.61,22.57
35607B,0.42,22.04,312,96.21,99.17,12.67
35609A,0.6,13.97,447,60.96,65.2,18.15
35610A,0.19,16.7,144,72.88,74.25,5.85
35610B,0.24,16.25,179,70.96,72.65,7.27
35610C,0.13,16.46,94,71.87,72.76,3.82
35611B,0.08,21.89,62,95.54,96.13,2.52
35633B,0.18,12.28,130,53.59,54.82,5.28
35637A,0.75,34.11,552,148.92,154.15,22.41
35637C,0.14,10.61,100,46.31,47.26,4.06
35638A,0.05,12.99,39,56.7,57.07,1.58
35638B,0.16,18.54,118,80.92,82.04,4.79
35644,0.03,1.3,25,5.68,5.92,1.01
35645,0.08,1.15,61,5.02,5.59,2.48
35646,0.88,7.98,647,34.84,40.97,26.27
35647,0.76,17.36,563,75.78,81.11,22.86
35648,1.43,10.2,1057,44.52,54.53,42.91
35649,2.47,234.9,1826,1025.47,1042.77,74.13
35651,0.62,5.8,460,25.33,29.69,18.67
35652,0.02,9.9,18,43.22,43.39,0.73
35653,0.43,2.49,320,10.89,13.92,12.99
35654,0.02,1.67,12,7.3,7.42,0.49
35751C,0.04,4.95,31,21.61,21.9,1.26
35793,0.15,7.91,108,34.54,35.56,4.38
35809A,1.54,8.7,1139,37.96,48.75,46.24
35809B,0.14,3.14,104,13.72,14.71,4.22
35809a,0.01,0.0,11,0.0,0.1,0.45
35810A,1.63,8.04,1206,35.1,46.52,48.96
35810B,0.44,4.92,326,21.49,24.58,13.23
35811A,0.59,8.14,434,35.53,39.64,17.62
35815B,0.13,25.74,95,112.35,113.25,3.86
35815P,0.23,21.32,168,93.08,94.68,6.82
35816B,0.19,77.66,139,339.0,340.32,5.64
35816P,0.4,47.92,297,209.21,212.03,12.06
35817B,0.19,80.83,143,352.86,354.21,5.81
35817P,0.57,69.2,420,302.08,306.06,17.05
35818B,0.55,46.82,408,204.4,208.27,16.56
35818P,0.76,32.08,563,140.03,145.36,22.86
35819B,0.52,13.58,387,59.28,62.94,15.71
35819P,0.13,11.72,95,51.15,52.05,3.86
35821B,0.2,24.25,150,105.86,107.28,6.09
35824B,0.71,134.54,528,587.34,592.34,21.43
35824C,0.32,32.96,235,143.9,146.13,9.54
35824P,0.44,156.0,324,681.02,684.09,13.15
35832,2.35,8.9,1739,38.85,55.33,70.6
35833G,0.18,3.9,136,17.03,18.32,5.52
35833P,0.26,3.15,190,13.73,15.53,7.71
35838A,0.24,16.5,181,72.03,73.74,7.35
35838B,0.14,4.56,100,19.93,20.87,4.06
35840,0.06,3.45,45,15.05,15.48,1.83
35909A,0.03,2.74,20,11.96,12.14,0.81
35909B,0.02,1.8,16,7.86,8.01,0.65
35910A,0.07,2.25,53,9.84,10.34,2.15
35910B,0.04,2.56,29,11.18,11.45,1.18
35911A,0.53,4.88,389,21.32,25.0,15.79
35911B,0.22,9.81,159,42.81,44.31,6.45
35912B,0.39,17.37,290,75.81,78.56,11.77
35913B,0.14,3.93,104,17.15,18.14,4.22
35914,0.33,4.36,246,19.03,21.36,9.99
35915B,0.76,34.1,565,148.86,154.21,22.94
35915C,0.9,31.65,662,138.16,144.43,26.87
35916A,0.18,3.21,135,14.03,15.31,5.48
35916B,0.18,3.26,133,14.23,15.49,5.4
35916C,0.22,5.2,159,22.7,24.2,6.45
35920,1.45,195.01,1070,851.33,861.47,43.44
35921,0.25,3.89,183,17.0,18.74,7.43
35922,0.13,3.35,97,14.64,15.56,3.94
35923,2.09,38.52,1546,168.15,182.79,62.76
35924,2.94,25.01,2171,109.19,129.75,88.13
35931,0.21,12.19,156,53.21,54.68,6.33
35932,0.05,3.2,37,13.97,14.32,1.5
35933,0.43,12.03,319,52.51,55.53,12.95
35936,0.05,2.83,36,12.35,12.69,1.46
35937,0.25,8.74,188,38.13,39.92,7.63
35951,1.83,23.18,1352,101.17,113.98,54.88
35953,5.32,18.65,3930,81.41,118.64,159.54
35954,3.23,24.86,2387,108.52,131.13,96.9
35955,0.18,40.86,135,178.37,179.65,5.48
35957,5.12,38.26,3787,167.01,202.88,153.73
35958,1.55,24.67,1145,107.69,118.53,46.48
35961,15.65,63.99,11563,279.35,388.87,469.4
35962,0.8,7.96,593,34.76,40.38,24.07
35963,0.14,9.08,104,39.63,40.61,4.22
35964,1.61,15.4,1192,67.21,78.5,48.39
35965,0.87,5.49,645,23.98,30.09,26.18
35966,0.35,9.69,255,42.29,44.7,10.35
35967,1.31,8.72,966,38.06,47.21,39.22
35968,1.06,10.49,785,45.79,53.22,31.87
35969,0.71,12.51,525,54.6,59.57,21.31
35970,11.43,20.03,8447,87.42,167.43,342.91
35971,2.71,26.06,2003,113.77,132.74,81.31
35972,0.6,7.3,440,31.87,36.04,17.86
35973,0.07,2.46,51,10.72,11.2,2.07
35979,0.13,3.18,94,13.87,14.76,3.82
35980C,0.52,11.85,384,51.74,55.37,15.59
35981C,0.8,9.51,590,41.53,47.12,23.95
35991,0.55,9.61,403,41.97,45.79,16.36
37327,2.36,19.71,1746,86.03,102.57,70.88
37330,0.7,18.04,517,78.75,83.65,20.99
37333,0.2,6.13,148,26.75,28.15,6.01
37340,18.51,484.3,13680,2114.19,2243.77,555.35
37342,2.2,15.64,1629,68.28,83.71,66.13
37343,1.53,17.64,1129,77.0,87.7,45.83
37345,0.43,91.73,321,400.43,403.47,13.03
37348,0.02,1.73,14,7.56,7.69,0.57
37351,7.31,1616.1,5404,7055.08,7106.27,219.38
37352,6.28,1627.41,4643,7104.44,7148.42,188.48
37370,10.15,33.9,7504,148.01,219.09,304.63
37379A,0.06,2.39,41,10.45,10.84,1.66
37379B,1.52,637.39,1122,2782.54,2793.17,45.55
37399,0.19,31.58,143,137.87,139.22,5.81
37410,34.79,3459.49,25707,15102.36,15345.87,1043.59
37413,0.95,15.99,703,69.81,76.46,28.54
37422,0.59,26.47,434,115.56,119.67,17.62
37423,8.35,494.74,6168,2159.78,2218.21,250.39
37424,7.11,288.48,5251,1259.34,1309.08,213.17
37441,0.96,28.06,706,122.51,129.2,28.66
37444A,3.68,261.07,2716,1139.7,1165.43,110.26
37444B,2.72,253.34,2012,1105.94,1125.0,81.68
37444C,2.24,139.82,1659,610.39,626.1,67.35
37446,5.16,15.15,3813,66.13,102.24,154.79
37447,3.97,8.68,2934,37.9,65.69,119.11
37448,6.28,9.97,4640,43.52,87.47,188.36
37449,3.27,10.84,2418,47.34,70.25,98.16
37450,3.35,7.2,2475,31.43,54.87,100.47
37461,1.01,19.85,743,86.63,93.67,30.16
37462B,0.23,10.76,170,46.98,48.59,6.9
37462E,0.15,6.23,110,27.19,28.23,4.47
37464,0.43,6.43,317,28.06,31.06,12.87
37467,0.37,6.23,275,27.18,29.78,11.16
37468,0.09,4.48,66,19.58,20.2,2.68
37471,1.9,286.5,1405,1250.7,1264.01,57.04
37474,0.09,1.07,65,4.69,5.31,2.64
37475,0.16,1.38,117,6.03,7.14,4.75
37476,0.29,3.7,212,16.14,18.15,8.61
37477B,0.02,0.53,16,2.33,2.49,0.65
37479B,1.7,106.78,1256,466.13,478.03,50.99
37479P,0.25,4.06,184,17.74,19.48,7.47
37482B,1.69,215.39,1251,940.3,952.15,50.78
37482P,0.92,16.6,680,72.48,78.92,27.6
37483,0.19,33.36,144,145.62,146.99,5.85
37485,0.07,5.63,49,24.56,25.03,1.99
37487B,0.09,36.77,68,160.52,161.16,2.76
37488A,0.04,8.9,31,38.85,39.14,1.26
37489A,0.06,1.22,48,5.34,5.79,1.95
37489B,0.05,1.38,39,6.04,6.41,1.58
37489C,0.04,1.54,29,6.73,7.01,1.18
37489D,0.06,1.32,47,5.76,6.21,1.91
37491A,0.03,0.5,19,2.17,2.35,0.77
37491B,0.02,1.04,14,4.52,4.65,0.57
37491C,0.08,11.67,59,50.96,51.52,2.4
37491D,0.04,2.0,26,8.73,8.98,1.06
37492A,0.15,16.67,108,72.78,73.81,4.38
37492B,0.66,25.88,489,112.98,117.61,19.85
37492C,0.33,20.79,242,90.78,93.07,9.82
37492D,0.49,33.37,361,145.69,149.11,14.65
37494A,0.32,8.09,238,35.31,37.57,9.66
37495,2.14,6.27,1581,27.36,42.33,64.18
37500,1.2,7.82,887,34.15,42.55,36.01
37501,0.66,2.69,490,11.76,16.4,19.89
37502,1.18,8.97,872,39.17,47.43,35.4
37503,3.34,10.37,2469,45.26,68.65,100.23
37506,0.05,0.59,34,2.59,2.92,1.38
37508,0.12,1.41,92,6.16,7.03,3.73
37509,0.04,1.07,31,4.69,4.98,1.26
40001,3.37,35.62,2492,155.49,179.09,101.16
40003,1.56,30.87,1151,134.76,145.66,46.73
40005B,0.05,1.29,35,5.64,5.97,1.42
40016,21.24,135.26,15694,590.49,739.15,637.1
40018E,0.52,9.36,386,40.86,44.51,15.67
40018F,1.48,31.47,1093,137.37,147.73,44.37
40046A,0.48,8.59,355,37.51,40.88,14.41
44089A,0.05,2.18,40,9.51,9.89,1.62
44089C,0.09,2.53,68,11.06,11.7,2.76
44091A,0.03,2.19,20,9.57,9.76,0.81
44091C,0.08,5.6,61,24.46,25.03,2.48
44092B,0.02,1.97,15,8.62,8.76,0.61
44092C,0.03,1.62,25,7.08,7.31,1.01
44217M,0.1,20.78,72,90.73,91.42,2.92
44228,0.06,6.93,48,30.24,30.7,1.95
44230,0.47,11.13,347,48.58,51.87,14.09
44234,1.69,57.53,1246,251.13,262.93,50.58
44235,1.12,88.64,824,386.94,394.74,33.45
44236,0.09,6.13,64,26.76,27.37,2.6
44241C,0.09,15.99,70,69.8,70.46,2.84
44242A,0.02,7.07,14,30.87,31.0,0.57
44242B,0.15,12.71,109,55.5,56.53,4.42
45008C,0.11,3.36,83,14.66,15.45,3.37
45013,0.06,7.62,48,33.25,33.7,1.95
45016,0.14,6.1,101,26.64,27.59,4.1
46000M,3.43,6.91,2537,30.15,54.18,102.99
46000P,0.29,3.54,215,15.46,17.5,8.73
46000R,0.34,4.57,249,19.95,22.31,10.11
46000S,4.72,10.78,3486,47.06,80.08,141.52
46000U,0.34,4.97,251,21.68,24.06,10.19
46115B,0.4,13.3,292,58.06,60.82,11.85
46118,0.51,7.0,374,30.55,34.1,15.18
46126A,0.43,11.91,317,52.0,55.01,12.87
46137D,0.06,13.0,45,56.74,57.16,1.83
46138B,0.1,2.61,71,11.39,12.06,2.88
46307,0.07,0.93,53,4.05,4.55,2.15
46775A,0.11,1.79,83,7.83,8.62,3.37
46775D,0.21,0.99,154,4.32,5.78,6.25
46775E,0.14,1.19,101,5.2,6.16,4.1
46776A,0.55,10.97,408,47.87,51.73,16.56
46776B,0.58,9.74,432,42.52,46.61,17.54
46776C,0.35,6.03,260,26.31,28.77,10.55
46776D,0.21,1.63,153,7.11,8.56,6.21
46776E,0.28,6.74,207,29.43,31.39,8.4
46776F,0.66,9.61,487,41.93,46.54,19.77
47013A,0.19,5.79,141,25.29,26.63,5.72
47013C,0.2,4.39,147,19.14,20.54,5.97
47016,0.04,9.96,31,43.48,43.77,1.26
47021G,0.97,25.35,716,110.68,117.46,29.07
47310M,1.01,7.9,747,34.47,41.54,30.32
47341A,0.04,4.74,29,20.7,20.97,1.18
47341B,0.06,3.9,48,17.01,17.47,1.95
47343A,0.28,10.75,209,46.95,48.93,8.48
47344B,0.07,4.72,54,20.6,21.11,2.19
47347B,0.32,44.38,240,193.75,196.02,9.74
47348A,0.14,6.1,104,26.64,27.62,4.22
47351B,0.13,11.96,98,52.22,53.15,3.98
47367B,0.33,3.59,246,15.67,18.0,9.99
47369A,0.07,1.41,52,6.14,6.63,2.11
47369B,0.08,1.25,58,5.46,6.01,2.35
47420,0.5,13.52,373,59.01,62.55,15.14
47421,2.03,27.72,1497,121.0,135.18,60.77
47422,1.65,25.82,1218,112.73,124.26,49.45
47469,1.66,75.74,1225,330.66,342.26,49.73
47471,0.59,16.43,435,71.72,75.84,17.66
47480,2.35,25.09,1737,109.53,125.99,70.51
47481,0.44,21.09,328,92.05,95.16,13.32
47502,0.87,23.67,640,103.35,109.41,25.98
47503A,3.89,15.89,2878,69.36,96.62,116.83
47503E,9.26,1337.99,6842,5840.99,5905.8,277.75
47503F,3.48,721.1,2571,3147.95,3172.3,104.37
47503G,0.38,8.47,284,36.98,39.67,11.53
47503H,0.22,3.8,164,16.58,18.14,6.66
47503J,0.47,6.05,347,26.4,29.69,14.09
47503K,4.3,428.47,3179,1870.49,1900.6,129.05
47504E,5.94,602.13,4387,2628.6,2670.16,178.09
47504F,0.71,123.66,528,539.83,544.83,21.43
47504G,0.36,5.4,267,23.59,26.12,10.84
47504H,1.4,14.85,1031,64.81,74.57,41.85
47504K,3.62,15.16,2673,66.18,91.5,108.51
47505,1.0,5.44,738,23.74,30.73,29.96
47518F,1.22,35.61,903,155.46,164.02,36.66
47552A,0.02,0.29,13,1.26,1.38,0.53
47556B,7.04,86.72,5202,378.59,427.86,211.18
47559B,7.08,10.39,5232,45.36,94.92,212.4
47559b,0.23,3.39,171,14.8,16.42,6.94
47562,0.14,1.47,104,6.41,7.4,4.22
47563A,0.47,3.71,347,16.19,19.48,14.09
47566,38.4,19.57,28378,85.43,354.23,1152.02
47566B,7.9,20.44,5838,89.25,144.55,237.0
47566b,0.29,1.27,217,5.54,7.59,8.81
47567B,2.98,13.2,2199,57.63,78.46,89.27
47568,3.23,11.14,2389,48.64,71.27,96.98
47570,0.3,5.67,220,24.75,26.83,8.93
47570B,1.32,9.63,979,42.02,51.3,39.74
47574A,0.78,17.39,578,75.93,81.4,23.46
47574B,0.07,1.13,50,4.94,5.41,2.03
47578A,0.44,4.16,324,18.17,21.24,13.15
47579,0.25,3.14,186,13.72,15.48,7.55
47580,2.3,11.41,1697,49.79,65.87,68.89
47581B,0.06,0.51,47,2.22,2.66,1.91
47583A,0.1,26.54,71,115.84,116.52,2.88
47583B,0.04,7.15,27,31.21,31.46,1.1
47585A,1.47,29.94,1086,130.71,140.99,44.09
47586A,0.28,9.76,204,42.6,44.53,8.28
47587A,3.66,324.13,2706,1415.0,1440.63,109.85
47589,0.25,2.85,185,12.44,14.2,7.51
47590A,6.53,20.76,4829,90.65,136.39,196.04
47590B,7.82,18.85,5778,82.28,137.01,234.56
47590b,0.02,0.48,13,2.11,2.23,0.53
47591A,0.22,2.73,163,11.93,13.48,6.62
47591B,1.51,8.42,1114,36.75,47.3,45.22
47591C,1.42,11.35,1051,49.55,59.51,42.67
47591D,12.88,14.02,9520,61.22,151.39,386.47
47591d,0.39,6.12,290,26.71,29.46,11.77
47592A,0.45,4.43,331,19.33,22.46,13.44
47592B,0.09,1.65,67,7.2,7.84,2.72
47593A,0.41,4.27,303,18.62,21.49,12.3
47593B,3.2,15.59,2367,68.07,90.49,96.09
47594A,0.47,2.91,346,12.71,15.99,14.05
47594B,0.55,3.18,410,13.9,17.78,16.64
47597,0.44,1.92,322,8.4,11.45,13.07
47598,0.19,3.51,138,15.3,16.61,5.6
47599A,8.18,42.03,6046,183.48,240.75,245.44
47599B,4.83,27.63,3568,120.61,154.41,144.84
48103,0.05,5.82,35,25.39,25.72,1.42
48111,5.83,27.57,4309,120.37,161.19,174.93
48116,4.68,30.57,3461,133.45,166.23,140.5
48129,4.26,23.97,3150,104.62,134.46,127.88
48138,13.77,20.05,10175,87.51,183.89,413.06
48173C,5.55,33.33,4104,145.51,184.38,166.6
48173c,0.11,1.62,78,7.08,7.82,3.17
48175,0.05,26.16,39,114.21,114.58,1.58
48179,0.05,5.96,34,26.01,26.33,1.38
48184,6.46,20.41,4777,89.11,134.35,193.92
48185,9.29,38.39,6862,167.59,232.59,278.57
48187,10.05,24.05,7425,105.0,175.34,301.42
48188,6.62,31.01,4892,135.39,181.73,198.59
48189,1.79,25.43,1323,111.0,123.53,53.71
48194,10.62,25.53,7847,111.46,185.78,318.55
48195,0.37,12.69,271,55.41,57.97,11.0
48197,1.22,16.22,898,70.82,79.32,36.45
51008,3.88,54.12,2865,236.27,263.4,116.31
51012C,0.23,6.72,171,29.33,30.95,6.94
51014A,9.13,32.61,6748,142.35,206.27,273.94
51014C,5.94,26.98,4390,117.77,159.35,178.21
51014L,4.73,23.57,3493,102.87,135.96,141.8
51020A,1.77,53.91,1305,235.34,247.7,52.98
51020B,1.47,36.32,1087,158.54,168.83,44.13
62018,12.95,171.44,9570,748.42,839.07,388.5
62043B,0.07,8.15,54,35.6,36.11,2.19
62074B,0.05,2.69,38,11.75,12.11,1.54
62086A,0.15,5.8,113,25.34,26.41,4.59
62094B,0.41,9.45,306,41.26,44.16,12.42
62095B,0.4,25.8,292,112.63,115.4,11.85
62096A,0.53,6.28,395,27.4,31.15,16.04
62096B,0.35,3.98,257,17.38,19.81,10.43
62097B,0.01,1.5,11,6.55,6.65,0.45
70006,6.06,58.37,4482,254.82,297.28,181.95
70007,1.86,12.37,1373,54.0,67.01,55.74
71028B,0.67,50.28,494,219.52,224.19,20.05
71038,0.99,4.73,729,20.63,27.54,29.59
71050,0.07,3.42,51,14.93,15.41,2.07
71053,6.76,10.32,4993,45.03,92.33,202.69
71101E,1.05,15.62,779,68.17,75.55,31.62
71143,0.48,4.27,356,18.66,22.03,14.45
71215,0.24,12.87,178,56.17,57.86,7.23
71270,0.51,6.32,378,27.57,31.15,15.35
71279,0.41,3.29,304,14.36,17.24,12.34
71403,0.24,3.05,179,13.31,15.01,7.27
71406C,0.3,5.21,223,22.74,24.85,9.05
71459,45.44,63.07,33577,275.31,593.36,1363.07
71477,21.28,58.14,15727,253.8,402.77,638.44
71495A,0.3,24.57,225,107.28,109.41,9.13
71495B,0.41,25.62,306,111.85,114.75,12.42
71496A,0.35,24.04,260,104.95,107.42,10.55
71496B,0.02,2.07,15,9.05,9.19,0.61
71510,0.24,17.47,177,76.26,77.93,7.19
72008,5.17,28.61,3820,124.89,161.08,155.07
72023F,0.87,35.2,640,153.67,159.73,25.98
72024U,0.3,8.9,220,38.85,40.93,8.93
72038P,1.42,79.06,1050,345.12,355.07,42.63
72045D,0.73,203.03,539,886.34,891.45,21.88
72051S,0.42,10.45,307,45.63,48.54,12.46
72083A,0.03,3.78,24,16.5,16.73,0.97
72122,0.8,5.8,588,25.32,30.89,23.87
72127,0.54,8.34,396,36.41,40.17,16.08
72128,0.99,18.41,730,80.38,87.29,29.63
72129,0.1,3.99,75,17.43,18.14,3.04
72130,1.1,22.72,814,99.2,106.91,33.04
72131,1.03,23.47,763,102.46,109.69,30.97
72132,0.76,37.36,562,163.1,168.42,22.81
72133,0.16,3.99,116,17.42,18.52,4.71
72134,0.46,19.79,340,86.39,89.61,13.8
72140E,0.3,17.72,219,77.34,79.42,8.89
72140F,0.24,17.53,175,76.54,78.19,7.1
72225C,2.61,90.54,1926,395.25,413.49,78.19
72225D,1.3,164.18,962,716.71,725.82,39.05
72232,8.66,129.49,6402,565.3,625.94,259.89
72267,0.37,9.31,273,40.63,43.21,11.08
72349B,2.74,13.49,2025,58.87,78.06,82.21
72349b,0.29,1.34,218,5.85,7.91,8.85
72351A,5.09,19.0,3762,82.95,118.58,152.72
72351B,7.88,26.02,5821,113.57,168.71,236.31
72351a,0.05,0.84,40,3.69,4.06,1.62
72369A,0.09,3.6,67,15.73,16.36,2.72
72484,2.46,64.35,1818,280.93,298.15,73.8
72487,1.12,122.48,827,534.7,542.54,33.57
72529W,0.63,22.19,464,96.86,101.26,18.84
72586,3.12,46.34,2309,202.31,224.18,93.73
72598,1.72,13.77,1270,60.12,72.15,51.56
72606A,0.31,21.88,226,95.52,97.66,9.17
72708,0.06,7.69,44,33.59,34.01,1.79
72709,0.12,3.58,92,15.64,16.51,3.73
72715,0.12,2.39,88,10.42,11.25,3.57
72724,0.05,3.58,36,15.63,15.97,1.46
72728,0.87,19.14,643,83.56,89.65,26.1
72739B,0.53,28.66,394,125.11,128.84,15.99
72739C,0.44,28.1,326,122.67,125.76,13.23
72740A,0.09,7.32,65,31.94,32.56,2.64
72741,27.3,46.58,20178,203.36,394.49,819.13
72750A,0.52,37.92,383,165.55,169.18,15.55
72750B,0.67,21.92,496,95.71,100.4,20.14
72750C,0.31,21.29,232,92.96,95.15,9.42
72750D,0.15,8.59,110,37.5,38.54,4.47
72753A,0.43,43.25,315,188.8,191.78,12.79
72753B,0.6,51.51,445,224.85,229.06,18.06
72753C,0.06,5.38,43,23.5,23.9,1.75
72753D,0.19,21.17,144,92.4,93.76,5.85
72754A,0.4,72.33,292,315.78,318.54,11.85
72754B,0.23,16.04,170,70.03,71.64,6.9
72755C,0.8,59.79,592,261.01,266.62,24.03
72755D,0.72,56.06,533,244.74,249.79,21.64
72756,5.44,96.52,4021,421.35,459.44,163.23
72760B,2.35,6.82,1739,29.75,46.23,70.6
72771B,0.17,19.62,129,85.66,86.88,5.24
72771C,0.07,8.15,54,35.57,36.08,2.19
72772,0.62,88.48,457,386.26,390.59,18.55
72779,0.07,2.89,49,12.6,13.06,1.99
72780,0.7,14.63,514,63.89,68.76,20.87
72781,0.16,11.93,121,52.06,53.21,4.91
72783,0.06,4.32,43,18.88,19.28,1.75
72789,0.17,2.83,122,12.35,13.51,4.95
72793,0.07,7.01,55,30.61,31.13,2.23
72796A,0.01,0.75,11,3.29,3.39,0.45
72796B,0.04,1.26,27,5.48,5.74,1.1
72798C,0.04,1.52,29,6.61,6.89,1.18
72799A,0.83,75.48,612,329.52,335.32,24.84
72799B,0.44,58.86,322,256.93,259.98,13.07
72799C,0.64,34.49,471,150.57,155.03,19.12
72799D,0.11,5.77,78,25.2,25.94,3.17
72799E,1.71,20.3,1265,88.64,100.62,51.35
72799F,1.54,45.81,1136,199.99,210.75,46.12
72800A,0.92,50.04,677,218.47,224.88,27.48
72800B,1.36,35.94,1002,156.9,166.39,40.68
72800C,0.9,28.41,662,124.02,130.29,26.87
72800D,0.88,26.72,651,116.65,122.81,26.43
72800E,1.97,6.77,1459,29.57,43.39,59.23
72800F,1.12,54.95,825,239.9,247.71,33.49
72801C,0.97,33.41,720,145.83,152.65,29.23
72801D,0.77,30.89,566,134.83,140.19,22.98
72801E,1.04,116.63,769,509.15,516.43,31.22
72801F,0.32,5.42,234,23.67,25.89,9.5
72801G,1.81,75.57,1337,329.9,342.56,54.28
72801c,0.08,1.26,62,5.48,6.07,2.52
72801d,0.14,1.22,103,5.32,6.29,4.18
72802A,1.28,6.56,946,28.64,37.6,38.4
72802B,2.15,23.61,1590,103.07,118.13,64.55
72802C,3.01,30.28,2228,132.19,153.3,90.45
72803A,0.99,40.24,733,175.68,182.63,29.76
72803B,0.13,2.57,94,11.21,12.1,3.82
72807A,1.32,7.49,972,32.72,41.92,39.46
72807B,1.48,9.36,1093,40.88,51.23,44.37
72807C,2.73,15.13,2019,66.07,85.19,81.96
72807b,0.04,0.68,26,2.99,3.23,1.06
72807c,0.08,1.08,60,4.72,5.28,2.44
72811,0.6,33.98,445,148.33,152.55,18.06
72812,0.14,2.84,105,12.38,13.38,4.26
72814,0.36,6.92,269,30.23,32.78,10.92
72815,0.38,3.71,283,16.19,18.87,11.49
72816,1.97,30.29,1456,132.22,146.01,59.11
72817,2.15,9.0,1590,39.3,54.36,64.55
72818,3.34,41.98,2465,183.26,206.61,100.07
72819,0.96,14.21,710,62.03,68.75,28.82
72821,0.08,4.17,61,18.18,18.76,2.48
75011,0.24,18.24,181,79.62,81.33,7.35
75013B,0.53,10.44,395,45.56,49.3,16.04
75049L,18.94,76.16,13993,332.47,465.01,568.05
75131,1.65,53.1,1220,231.8,243.36,49.53
75149N,0.37,6.89,272,30.1,32.67,11.04
75172,0.13,10.27,97,44.85,45.77,3.94
75178,0.68,45.34,499,197.93,202.65,20.26
77079,0.09,4.98,64,21.73,22.34,2.6
77081,0.33,13.27,242,57.92,60.21,9.82
77101A,1.47,33.37,1088,145.69,155.99,44.17
78026,0.02,7.07,12,30.87,30.98,0.49
78033,0.1,4.48,76,19.56,20.28,3.09
78034B,0.02,0.69,16,3.0,3.15,0.65
78124,1.0,53.91,737,235.34,242.32,29.92
79000,16.62,49.77,12282,217.26,333.6,498.59
79026B,0.09,1.97,70,8.58,9.25,2.84
79029,4.0,22.63,2958,98.81,126.83,120.08
79030A,0.23,4.24,171,18.5,20.12,6.94
79030D,1.38,44.63,1022,194.82,204.5,41.49
79030G,2.39,20.74,1766,90.53,107.26,71.69
79051A,1.29,16.46,954,71.86,80.9,38.73
79062D,0.07,8.25,52,36.0,36.49,2.11
79063C,0.32,26.47,235,115.57,117.79,9.54
79063D,0.26,28.94,190,126.34,128.14,7.71
79066K,1.94,8.87,1434,38.71,52.29,58.21
79066k,0.04,1.37,27,5.99,6.25,1.1
79067,2.25,7.05,1662,30.76,46.51,67.47
79071B,0.21,2.71,154,11.82,13.28,6.25
79072,0.39,2.46,285,10.75,13.45,11.57
79140,0.02,6.36,15,27.78,27.92,0.61
79144B,0.49,4.71,360,20.55,23.96,14.61
79144C,0.42,4.41,313,19.25,22.22,12.71
79149B,0.04,2.46,32,10.75,11.05,1.3
79151B,0.02,5.2,12,22.68,22.8,0.49
79160,1.31,12.05,966,52.62,61.77,39.22
79161A,0.07,2.56,51,11.18,11.67,2.07
79163,2.5,38.49,1845,168.02,185.5,74.9
79164,4.99,130.23,3689,568.53,603.47,149.76
79172D,0.03,4.55,24,19.85,20.07,0.97
79190A,1.09,7.87,808,34.34,42.0,32.8
79190B,2.03,35.77,1503,156.15,170.38,61.01
79190D,0.89,5.79,657,25.27,31.49,26.67
79191B,0.66,17.16,485,74.9,79.49,19.69
79191C,2.2,22.34,1624,97.54,112.92,65.93
79191D,0.19,2.93,138,12.79,14.09,5.6
79192A,0.15,4.48,114,19.56,20.64,4.63
79302M,0.88,8.81,654,38.47,44.66,26.55
79303B,0.15,27.93,109,121.95,122.98,4.42
79303D,0.11,9.28,78,40.51,41.25,3.17
79308B,0.19,0.0,144,0.0,1.36,5.85
79315W,0.27,25.15,199,109.81,111.7,8.08
79320,1.22,8.34,904,36.39,44.96,36.7
79321,22.79,33.86,16840,147.83,307.34,683.63
79323B,0.33,5.76,243,25.13,27.43,9.86
79323G,0.42,6.82,314,29.76,32.73,12.75
79323GR,0.72,10.02,532,43.72,48.76,21.6
79323LP,1.94,11.75,1433,51.3,64.87,58.17
79323P,3.09,12.3,2281,53.69,75.3,92.6
79323S,0.45,19.15,334,83.61,86.77,13.56
79323W,4.06,12.01,3004,52.43,80.88,121.95
79328,0.8,39.83,594,173.9,179.52,24.11
79329,0.14,25.49,100,111.29,112.24,4.06
79331,0.08,3.64,60,15.89,16.46,2.44
79336,1.14,71.25,840,311.04,318.99,34.1
79337,1.62,86.9,1200,379.36,390.72,48.71
79338,0.75,66.23,553,289.12,294.36,22.45
79341,0.98,33.62,725,146.78,153.65,29.43
79342B,0.16,6.2,119,27.09,28.21,4.83
79403,0.29,5.82,217,25.4,27.45,8.81
79406,0.35,16.25,259,70.92,73.38,10.51
79413,0.04,3.46,30,15.12,15.41,1.22
79532,0.13,5.02,97,21.91,22.83,3.94
79534,0.16,3.93,116,17.15,18.25,4.71
81950B,0.29,9.21,217,40.19,42.25,8.81
81950V,0.04,3.08,33,13.44,13.75,1.34
81952B,0.34,21.88,254,95.51,97.91,10.31
81952V,0.63,15.89,466,69.35,73.77,18.92
81953B,0.02,1.49,14,6.5,6.63,0.57
81953P,0.04,7.23,33,31.57,31.88,1.34
81985A,0.03,2.29,23,9.99,10.21,0.93
82001S,4.0,17.92,2956,78.24,106.24,120.0
82001s,0.17,4.34,125,18.92,20.11,5.07
82011A,0.08,1.62,59,7.07,7.63,2.4
82011B,0.13,2.12,94,9.25,10.14,3.82
82011C,0.18,2.21,133,9.66,10.92,5.4
82069,0.02,0.93,17,4.08,4.24,0.69
82076,0.39,22.39,290,97.73,100.48,11.77
82081,0.24,8.71,174,38.03,39.68,7.06
82093,0.19,7.43,139,32.44,33.76,5.64
82095,0.14,3.43,102,14.96,15.93,4.14
82482,23.27,17.0,17198,74.21,237.12,698.16
82483,6.91,5.76,5103,25.16,73.5,207.16
82484,14.96,40.12,11054,175.15,279.85,448.74
82486,6.63,3.64,4899,15.87,62.27,198.88
82494L,21.17,10.03,15645,43.79,191.98,635.12
82494l,0.57,6.93,424,30.27,34.29,17.21
82545A,0.04,1.66,31,7.26,7.55,1.26
82551,7.7,18.99,5690,82.88,136.78,230.99
82552,9.53,23.43,7046,102.27,169.01,286.04
82553,0.15,5.13,114,22.41,23.49,4.63
82567,1.67,2.59,1231,11.29,22.96,49.97
82578,7.64,20.76,5645,90.61,144.08,229.16
82580,18.13,27.15,13400,118.54,245.47,543.98
82581,11.51,22.45,8507,97.99,178.57,345.35
82582,10.33,16.82,7637,73.43,145.77,310.03
82583,17.71,28.17,13090,122.98,246.97,531.39
82585,0.22,6.98,165,30.49,32.05,6.7
82587,0.18,3.21,133,14.02,15.28,5.4
82597,1.67,7.56,1236,32.99,44.69,50.18
82599,3.5,6.9,2585,30.13,54.62,104.94
82600,17.47,23.02,12908,100.48,222.75,524.01
82605,0.37,2.44,270,10.64,13.2,10.96
82607A,0.91,6.27,670,27.38,33.73,27.2
82607C,0.16,2.51,115,10.97,12.06,4.67
82607E,0.14,2.8,101,12.24,13.2,4.1
82613A,0.72,5.44,533,23.74,28.79,21.64
82613B,1.22,5.75,905,25.09,33.66,36.74
82613C,1.05,5.94,776,25.93,33.28,31.5
82613D,1.62,5.58,1198,24.35,35.7,48.63
82613b,0.02,0.65,14,2.82,2.96,0.57
82613c,0.02,0.29,13,1.26,1.38,0.53
82615,0.84,14.0,619,61.1,66.96,25.13
82616A,0.43,10.39,316,45.37,48.36,12.83
82616B,0.83,8.86,614,38.69,44.5,24.93
82616C,0.87,11.25,640,49.11,55.17,25.98
84006,2.66,11.79,1964,51.49,70.09,79.73
84007,0.22,4.37,159,19.06,20.56,6.45
84012,2.49,16.89,1841,73.71,91.15,74.74
84016,1.36,38.67,1004,168.83,178.34,40.76
84029C,0.28,6.7,204,29.24,31.18,8.28
84029D,0.07,5.97,51,26.08,26.56,2.07
84029E,16.01,27.12,11830,118.39,230.45,480.24
84029G,9.94,11.1,7343,48.45,118.01,298.09
84030C,0.03,4.32,21,18.88,19.08,0.85
84030E,3.05,7.2,2252,31.42,52.75,91.42
84030c,0.04,2.18,32,9.53,9.84,1.3
84030e,0.17,1.89,128,8.25,9.47,5.2
84031A,1.56,6.1,1153,26.61,37.53,46.81
84031B,1.17,5.52,868,24.1,32.32,35.24
84032A,4.64,11.39,3427,49.71,82.17,139.12
84032B,4.64,14.0,3430,61.12,93.61,139.24
84033,0.53,7.82,393,34.12,37.84,15.95
84050,14.25,34.39,10529,150.13,249.86,427.43
84051,1.03,21.49,761,93.81,101.02,30.89
84077,149.04,312.98,110138,1366.32,2409.58,4471.1
84078A,1.53,7.87,1129,34.34,45.04,45.83
84081,0.14,8.28,100,36.17,37.11,4.06
84086B,0.03,0.69,24,3.01,3.23,0.97
84086C,0.41,4.22,305,18.41,21.3,12.38
84192,0.33,7.63,245,33.29,35.61,9.95
84199,0.76,10.59,558,46.23,51.52,22.65
84201B,0.05,4.26,39,18.59,18.95,1.58
84206A,0.11,6.24,79,27.26,28.01,3.21
84212,33.56,208.12,24801,908.55,1143.48,1006.81
84218,0.36,6.17,263,26.93,29.42,10.68
84219,0.19,9.6,140,41.92,43.24,5.68
84226,0.1,7.85,77,34.27,35.0,3.13
84227,0.15,11.49,112,50.14,51.2,4.55
84228,0.48,18.65,356,81.41,84.78,14.45
84231,0.31,4.04,230,17.62,19.8,9.34
84247C,0.1,5.24,73,22.86,23.55,2.96
84247E,0.52,6.36,386,27.76,31.42,15.67
84247G,2.04,10.63,1511,46.42,60.73,61.34
84247H,0.06,2.79,42,12.18,12.57,1.71
84247K,0.1,4.6,77,20.08,20.81,3.13
84247L,1.59,6.8,1173,29.67,40.78,47.62
84247N,0.16,2.91,115,12.72,13.81,4.67
84249A,0.34,7.37,252,32.17,34.56,10.23
84249D,1.13,9.71,835,42.37,50.28,33.9
84250M,0.04,3.02,28,13.2,13.46,1.14
84251B,0.43,4.91,321,21.44,24.48,13.03
84251C,0.35,4.44,259,19.4,21.85,10.51
84251F,0.46,5.79,341,25.3,28.53,13.84
84251G,0.64,4.92,474,21.48,25.97,19.24
84251J,0.1,6.62,74,28.91,29.61,3.0
84255B,0.09,4.15,66,18.14,18.76,2.68
84270,31.14,99.77,23013,435.53,653.52,934.22
84279B,1.1,9.87,811,43.08,50.76,32.92
84279P,1.57,11.77,1157,51.39,62.35,46.97
84288B,0.08,2.49,62,10.85,11.44,2.52
84292,0.06,2.38,44,10.4,10.81,1.79
84306,0.06,1.09,48,4.76,5.22,1.95
84313A,0.05,1.29,38,5.64,6.0,1.54
84313B,0.31,4.01,229,17.53,19.7,9.3
84313C,0.74,24.39,548,106.47,111.66,22.25
84327A,1.3,16.52,961,72.1,81.2,39.01
84340,0.03,1.51,21,6.61,6.81,0.85
84341B,2.42,22.83,1791,99.67,116.63,72.71
84347,44.01,351.93,32525,1536.33,1844.41,1320.37
84352,0.29,1.33,216,5.8,7.85,8.77
84356,1.02,10.87,751,47.46,54.58,30.49
84358,0.17,9.33,122,40.73,41.88,4.95
84360,0.29,7.7,217,33.61,35.67,8.81
84367,0.1,5.09,74,22.23,22.93,3.0
84371,0.04,8.41,30,36.73,37.02,1.22
84375,10.7,17.39,7909,75.9,150.81,321.07
84378,15.95,26.44,11784,115.43,227.05,478.38
84380,14.26,18.14,10540,79.19,179.03,427.88
84388,0.1,2.91,73,12.72,13.41,2.96
84396,0.75,20.89,552,91.21,96.43,22.41
84402B,0.09,11.76,63,51.34,51.94,2.56
84402D,0.5,31.43,373,137.22,140.76,15.14
84405A,0.17,3.87,129,16.88,18.1,5.24
84406B,9.99,15.9,7384,69.41,139.35,299.76
84414B,0.11,10.51,78,45.89,46.63,3.17
84415A,0.04,2.35,27,10.24,10.49,1.1
84415B,0.04,1.83,26,8.0,8.24,1.06
84422,1.06,76.5,783,333.96,341.38,31.79
84424A,0.03,2.06,23,8.98,9.2,0.93
84425A,0.02,0.71,18,3.09,3.26,0.73
84427B,0.02,4.34,17,18.93,19.09,0.69
84429A,0.15,2.41,112,10.5,11.56,4.55
84437A,0.14,4.09,106,17.87,18.87,4.3
84447,0.09,3.94,70,17.2,17.86,2.84
84450A,0.07,5.55,52,24.23,24.72,2.11
84450B,0.19,4.6,139,20.07,21.39,5.64
84452,0.27,4.52,198,19.75,21.63,8.04
84454,0.13,4.34,93,18.95,19.84,3.78
84455,0.12,4.05,86,17.67,18.49,3.49
84456,0.05,2.73,37,11.9,12.25,1.5
84457,0.4,4.58,293,19.99,22.76,11.89
84458,0.17,4.73,124,20.65,21.83,5.03
84459A,1.72,16.54,1272,72.2,84.24,51.64
84459B,2.0,16.04,1480,70.03,84.05,60.08
84461,0.13,2.54,99,11.1,12.03,4.02
84462,0.14,15.47,100,67.54,68.49,4.06
84464,0.11,13.96,83,60.96,61.75,3.37
84465,0.04,0.88,33,3.82,4.13,1.34
84466,1.7,51.1,1259,223.1,235.02,51.11
84467,1.1,15.22,816,66.45,74.18,33.13
84469,0.9,21.47,664,93.75,100.04,26.96
84472,0.12,8.74,87,38.17,38.99,3.53
84482,0.1,1.54,76,6.72,7.44,3.09
84493,1.55,309.1,1142,1349.39,1360.21,46.36
84497,0.14,1.99,100,8.68,9.63,4.06
84499,0.44,15.42,326,67.32,70.41,13.23
84507B,1.83,41.95,1349,183.13,195.91,54.76
84507C,0.59,15.05,435,65.72,69.84,17.66
84508A,5.16,83.95,3811,366.46,402.56,154.71
84508B,0.24,1.77,178,7.73,9.42,7.23
84508C,0.15,1.95,109,8.5,9.54,4.42
84509A,2.08,5.01,1535,21.87,36.41,62.31
84509B,0.89,3.71,657,16.18,22.41,26.67
84509C,0.38,4.0,279,17.44,20.09,11.33
84509E,0.22,11.59,161,50.58,52.1,6.54
84509F,3.76,392.41,2781,1713.05,1739.39,112.9
84509G,1.09,10.77,806,47.0,54.64,32.72
84509a,0.15,1.13,113,4.94,6.01,4.59
84509c,0.1,0.77,73,3.37,4.06,2.96
84510A,3.3,7.47,2439,32.59,55.7,99.01
84510B,1.61,15.67,1187,68.42,79.66,48.19
84510C,0.37,3.24,277,14.13,16.75,11.24
84510E,0.2,18.64,148,81.38,82.79,6.01
84510F,1.49,157.73,1101,688.56,698.99,44.7
84510a,0.1,0.56,76,2.44,3.16,3.09
84510c,0.08,0.96,59,4.19,4.75,2.4
84510e,0.02,1.97,14,8.58,8.72,0.57
84519A,1.63,10.92,1208,47.66,59.1,49.04
84519B,1.18,7.4,871,32.32,40.57,35.36
84520B,10.1,25.99,7465,113.44,184.15,303.04
84520D,0.95,11.3,701,49.35,55.99,28.46
84520b,0.15,11.42,110,49.86,50.9,4.47
84522,0.25,19.29,187,84.22,85.99,7.59
84526,0.73,76.77,538,335.13,340.23,21.84
84527,0.11,5.06,79,22.11,22.85,3.21
84529A,0.07,2.27,50,9.89,10.37,2.03
84529B,0.02,1.82,13,7.93,8.05,0.53
84529C,0.11,1.58,78,6.89,7.62,3.17
84531A,0.27,4.23,197,18.49,20.35,8.0
84531B,0.27,4.69,201,20.49,22.39,8.16
84532B,0.07,1.03,54,4.5,5.02,2.19
84533B,0.08,1.59,59,6.93,7.49,2.4
84534B,1.18,5.16,871,22.52,30.77,35.36
84535A,0.82,39.36,607,171.85,177.6,24.64
84535B,3.67,14.92,2712,65.12,90.81,110.09
84536A,7.03,11.03,5198,48.13,97.37,211.01
84536B,4.79,20.69,3541,90.31,123.85,143.75
84536a,0.03,2.94,25,12.82,13.06,1.01
84536b,0.02,2.19,13,9.56,9.69,0.53
84537B,0.16,7.85,117,34.28,35.39,4.75
84539,0.09,4.93,68,21.51,22.16,2.76
84546,0.03,4.58,21,20.01,20.2,0.85
84548,0.06,3.63,48,15.85,16.31,1.95
84549,0.1,5.95,75,25.98,26.69,3.04
84550,0.02,2.35,15,10.24,10.38,0.61
84551,0.05,4.55,39,19.86,20.23,1.58
84555A,0.06,3.51,47,15.32,15.77,1.91
84558A,1.79,20.14,1324,87.91,100.45,53.75
84558a,0.03,0.44,23,1.91,2.12,0.93
84559A,1.84,8.31,1359,36.26,49.13,55.17
84559B,1.67,8.52,1234,37.21,48.9,50.09
84559D,0.2,4.4,149,19.23,20.64,6.05
84559a,0.08,1.11,59,4.83,5.39,2.4
84559b,0.04,0.6,33,2.64,2.95,1.34
84562A,0.23,2.74,171,11.96,13.58,6.94
84563A,0.19,1.98,142,8.64,9.99,5.76
84563B,0.18,1.98,133,8.66,9.92,5.4
84564,0.03,1.64,21,7.16,7.36,0.85
84568,52.2,308.71,38574,1347.65,1713.04,1565.93
84569A,0.78,4.85,576,21.19,26.64,23.38
84569B,0.63,5.24,463,22.87,27.25,18.8
84569C,0.56,4.79,415,20.89,24.83,16.85
84569D,1.43,6.17,1059,26.92,36.95,42.99
84575A,0.03,2.48,24,10.82,11.05,0.97
84576,0.13,3.4,96,14.84,15.74,3.9
84578,0.3,1.38,223,6.02,8.13,9.05
84580,1.47,1.71,1086,7.49,17.77,44.09
84581,0.69,1.63,513,7.13,11.99,20.83
84582,0.02,0.45,15,1.97,2.12,0.61
84584,0.38,3.32,282,14.49,17.16,11.45
84586L,0.02,0.87,15,3.78,3.92,0.61
84592,0.24,2.8,175,12.23,13.89,7.1
84593,0.04,2.98,26,13.0,13.24,1.06
84595B,0.31,25.77,230,112.5,114.68,9.34
84595E,0.5,17.51,367,76.44,79.91,14.9
84596B,8.53,14.26,6301,62.26,121.94,255.79
84596E,1.54,9.86,1136,43.04,53.8,46.12
84596F,6.42,11.78,4743,51.43,96.36,192.54
84596G,3.02,10.63,2233,46.42,67.58,90.65
84596I,0.1,16.47,72,71.9,72.58,2.92
84596J,1.1,12.45,814,54.37,62.08,33.04
84596K,0.58,10.41,428,45.43,49.48,17.37
84596L,2.09,11.2,1543,48.88,63.5,62.64
84596b,0.02,0.48,13,2.11,2.23,0.53
84596e,0.05,1.3,35,5.66,5.99,1.42
84596f,0.03,0.74,19,3.25,3.43,0.77
84597B,0.28,6.93,205,30.25,32.19,8.32
84597C,0.49,7.48,365,32.67,36.13,14.82
84598,28.14,283.86,20799,1239.18,1436.19,844.34
84599,0.02,1.38,15,6.02,6.16,0.61
84600,0.15,2.46,108,10.72,11.75,4.38
84601A,0.35,38.48,260,167.97,170.43,10.55
84609,0.19,3.74,144,16.31,17.67,5.85
84612B,0.03,2.0,20,8.73,8.92,0.81
84613A,0.03,0.92,22,4.01,4.22,0.89
84613C,0.09,9.47,63,41.33,41.93,2.56
84614A,0.03,0.47,19,2.04,2.22,0.77
84615,0.32,14.04,240,61.3,63.57,9.74
84616,0.1,3.02,72,13.18,13.86,2.92
84617,0.01,0.79,11,3.43,3.54,0.45
84619,0.1,2.1,72,9.16,9.84,2.92
84620,0.17,1.4,123,6.12,7.29,4.99
84621,0.04,1.16,29,5.08,5.35,1.18
84622,0.03,1.67,23,7.28,7.49,0.93
84623,0.08,4.21,56,18.36,18.89,2.27
84625A,1.17,10.64,861,46.47,54.63,34.95
84625B,0.24,9.77,180,42.64,44.34,7.31
84625C,1.09,11.44,804,49.92,57.54,32.64
84625D,0.88,12.34,651,53.89,60.05,26.43
84627,0.07,3.09,51,13.5,13.98,2.07
84629,0.03,1.34,24,5.87,6.1,0.97
84631,0.39,20.48,289,89.39,92.13,11.73
84632,0.02,0.92,15,4.04,4.18,0.61
84637,0.79,23.07,586,100.7,106.25,23.79
84638,0.54,19.92,400,86.97,90.76,16.24
84653,0.02,0.39,14,1.7,1.83,0.57
84656,0.03,0.85,22,3.73,3.94,0.89
84657,0.33,19.51,247,85.15,87.49,10.03
84658,0.31,3.42,231,14.94,17.12,9.38
84659A,0.83,4.03,611,17.61,23.4,24.8
84660A,1.16,32.73,860,142.87,151.01,34.91
84660B,1.01,23.17,747,101.17,108.24,30.32
84660C,0.98,17.42,726,76.04,82.91,29.47
84660c,0.05,0.4,34,1.73,2.05,1.38
84661A,0.3,8.81,222,38.46,40.56,9.01
84661B,0.33,7.61,244,33.22,35.53,9.91
84661C,0.2,10.5,150,45.85,47.28,6.09
84663A,0.51,13.33,377,58.21,61.78,15.3
84664,0.26,2.15,193,9.38,11.2,7.83
84665,0.31,4.2,230,18.32,20.5,9.34
84666,0.31,6.94,226,30.29,32.43,9.17
84670,7.07,43.17,5223,188.48,237.95,212.03
84671B,0.15,3.13,111,13.66,14.71,4.51
84673A,0.68,13.75,502,60.03,64.78,20.38
84673B,0.69,6.16,510,26.91,31.74,20.7
84674,0.63,6.25,468,27.28,31.71,19.0
84675,0.28,6.21,206,27.12,29.07,8.36
84676,1.15,17.74,848,77.44,85.48,34.42
84678,0.84,9.97,623,43.53,49.43,25.29
84679,0.02,1.0,14,4.37,4.5,0.57
84680,0.13,11.18,94,48.79,49.68,3.82
84682,0.4,11.3,295,49.35,52.14,11.98
84683,0.76,17.99,564,78.51,83.86,22.9
84684,0.82,28.76,609,125.57,131.34,24.72
84685,0.59,5.76,439,25.15,29.3,17.82
84686,0.53,13.55,389,59.17,62.85,15.79
84687,0.43,9.81,315,42.81,45.79,12.79
84688,0.57,11.87,422,51.82,55.81,17.13
84689,0.42,15.82,312,69.08,72.03,12.67
84690,0.04,1.25,28,5.44,5.7,1.14
84691,3.73,27.95,2754,122.03,148.12,111.8
84692,26.34,33.57,19467,146.56,330.96,790.27
84705A,0.02,0.99,15,4.33,4.47,0.61
84705B,0.11,29.21,84,127.5,128.29,3.41
84705C,0.22,41.14,162,179.6,181.13,6.58
84705D,0.03,1.3,22,5.68,5.89,0.89
84706A,0.19,29.47,137,128.64,129.93,5.56
84706B,0.03,0.97,20,4.24,4.43,0.81
84706C,0.11,14.31,84,62.45,63.25,3.41
84706D,0.3,13.84,221,60.41,62.5,8.97
84706F,0.05,1.13,34,4.94,5.26,1.38
84707A,0.18,1.97,130,8.59,9.83,5.28
84707B,0.11,1.62,81,7.09,7.86,3.29
84708B,0.19,2.3,142,10.04,11.39,5.76
84709A,0.03,0.72,25,3.16,3.4,1.01
84709B,0.24,2.65,179,11.55,13.25,7.27
84711A,0.06,0.93,44,4.04,4.46,1.79
84711B,0.05,0.6,39,2.6,2.97,1.58
84712B,0.14,1.06,101,4.64,5.6,4.1
84715,0.33,3.39,241,14.78,17.06,9.78
84720,0.05,10.5,35,45.85,46.19,1.42
84721,0.03,12.73,20,55.56,55.75,0.81
84723,0.07,6.49,54,28.32,28.83,2.19
84725,0.18,9.7,135,42.35,43.63,5.48
84726,0.32,49.25,233,215.01,217.22,9.46
84732B,0.04,7.55,28,32.98,33.24,1.14
84732D,0.02,3.21,15,14.01,14.15,0.61
84741C,0.25,3.02,186,13.17,14.93,7.55
84744,0.23,5.19,169,22.64,24.24,6.86
84745A,0.1,2.98,74,13.01,13.71,3.0
84745B,0.12,2.81,85,12.26,13.06,3.45
84746,0.03,0.71,24,3.11,3.34,0.97
84748,1.59,42.7,1174,186.41,197.53,47.66
84750A,0.74,10.76,544,46.96,52.12,22.08
84750B,0.82,12.06,609,52.66,58.43,24.72
84751B,0.05,1.18,40,5.15,5.53,1.62
84753A,0.13,4.04,97,17.63,18.55,3.94
84754,2.99,16.62,2213,72.55,93.52,89.84
84755,55.26,68.31,40839,298.21,685.05,1657.88
84760S,0.32,5.23,240,22.83,25.1,9.74
84761,0.38,4.08,279,17.81,20.45,11.33
84762A,0.08,2.16,59,9.44,10.0,2.4
84762B,0.15,3.06,113,13.34,14.41,4.59
84762C,0.14,2.72,105,11.87,12.87,4.26
84763,2.22,15.04,1638,65.68,81.19,66.5
84766,0.27,7.35,201,32.1,34.01,8.16
84767,0.26,75.69,195,330.44,332.29,7.92
84770,0.18,7.67,135,33.47,34.75,5.48
84773,0.26,3.12,193,13.64,15.46,7.83
84782A,0.16,4.58,119,19.99,21.12,4.83
84782C,0.1,3.39,74,14.81,15.52,3.0
84789,0.61,5.15,448,22.47,26.71,18.19
84791,0.46,3.07,337,13.4,16.59,13.68
84792,3.15,9.48,2327,41.37,63.41,94.47
84795A,0.28,3.81,209,16.61,18.59,8.48
84795B,0.41,3.53,306,15.4,18.29,12.42
84795C,0.44,2.96,325,12.93,16.01,13.19
84795D,0.26,2.26,189,9.86,11.65,7.67
84795b,0.03,0.33,19,1.45,1.63,0.77
84796A,0.38,4.79,284,20.92,23.61,11.53
84796B,0.81,5.46,600,23.84,29.52,24.36
84796a,0.04,1.27,28,5.56,5.82,1.14
84797A,0.65,15.9,481,69.42,73.98,19.53
84797B,0.44,14.9,323,65.03,68.09,13.11
84797a,0.02,0.24,18,1.06,1.23,0.73
84797b,0.03,0.32,21,1.38,1.58,0.85
84798A,0.26,43.86,195,191.48,193.32,7.92
84798B,0.44,48.02,326,209.64,212.72,13.23
84798C,0.02,1.15,16,5.04,5.19,0.65
84799,0.92,19.0,679,82.95,89.39,27.56
84800L,0.88,19.43,650,84.82,90.98,26.39
84800M,0.34,8.47,250,36.96,39.32,10.15
84800S,0.53,32.33,394,141.15,144.88,15.99
84801A,0.37,27.36,272,119.43,122.0,11.04
84801B,0.29,15.5,214,67.68,69.7,8.69
84802A,0.28,7.45,209,32.52,34.5,8.48
84802B,0.59,43.72,435,190.87,194.99,17.66
84803A,0.15,4.06,112,17.74,18.8,4.55
84803B,0.06,3.19,42,13.92,14.32,1.71
84804A,0.3,21.58,224,94.19,96.31,9.09
84804B,0.5,27.47,367,119.91,123.39,14.9
84805A,0.2,31.68,147,138.28,139.68,5.97
84805B,0.46,44.26,340,193.23,196.45,13.8
84806A,0.43,14.49,319,63.24,66.26,12.95
84806B,0.61,12.49,450,54.54,58.8,18.27
84807,0.32,60.97,233,266.17,268.38,9.46
84809A,0.39,15.15,288,66.13,68.85,11.69
84809B,0.4,48.26,296,210.68,213.49,12.02
84813,0.58,7.33,426,32.02,36.05,17.29
84815,1.26,106.75,930,466.02,474.83,37.75
84816,0.04,0.93,33,4.07,4.39,1.34
84817,1.43,21.72,1059,94.8,104.83,42.99
84818,2.42,12.09,1790,52.77,69.73,72.67
84819,1.24,17.08,914,74.57,83.23,37.1
84820,0.44,11.33,325,49.45,52.53,13.19
84821,1.8,19.92,1330,86.96,99.56,53.99
84823,0.16,3.52,120,15.38,16.51,4.87
84824,0.05,0.59,38,2.59,2.95,1.54
84826,2.44,30.47,1805,133.03,150.13,73.27
84827,1.48,31.87,1093,139.14,149.5,44.37
84828,3.41,10.0,2521,43.66,67.54,102.34
84830,0.15,37.02,113,161.63,162.7,4.59
84832,9.32,14.61,6888,63.79,129.03,279.62
84836,27.4,28.24,20251,123.27,315.09,822.1
84837,0.34,1.88,253,8.21,10.6,10.27
84838,0.07,21.67,50,94.61,95.08,2.03
84839,2.08,14.19,1538,61.96,76.53,62.44
84840,0.39,1.42,287,6.21,8.92,11.65
84842,2.04,166.82,1506,728.25,742.52,61.14
84843,0.38,4.23,283,18.45,21.13,11.49
84845C,0.06,1.47,42,6.41,6.8,1.71
84845D,0.06,3.52,41,15.38,15.77,1.66
84846A,0.36,3.98,265,17.36,19.87,10.76
84847,3.16,218.39,2332,953.37,975.45,94.67
84849A,0.65,9.87,484,43.1,47.69,19.65
84849B,2.67,13.65,1972,59.57,78.25,80.05
84849D,2.13,13.63,1574,59.52,74.43,63.9
84854,0.52,5.34,387,23.3,26.96,15.71
84855,0.05,1.44,36,6.28,6.62,1.46
84856L,0.32,4.61,239,20.14,22.41,9.7
84856S,0.63,37.25,467,162.6,167.02,18.96
84857C,0.27,11.15,197,48.66,50.53,8.0
84858A,0.07,13.91,53,60.71,61.21,2.15
84858B,0.44,43.71,326,190.8,193.89,13.23
84858C,0.47,29.53,347,128.92,132.21,14.09
84859A,0.4,7.35,293,32.09,34.87,11.89
84859B,0.38,45.24,283,197.52,200.2,11.49
84859C,0.41,15.99,304,69.8,72.68,12.34
84865,0.11,1.42,83,6.2,6.99,3.37
84867A,0.02,5.35,16,23.37,23.52,0.65
84869,0.41,20.18,302,88.11,90.97,12.26
84870B,0.13,2.07,96,9.03,9.94,3.9
84870C,0.13,2.08,99,9.09,10.02,4.02
84872A,0.24,1.27,177,5.56,7.24,7.19
84872a,0.09,0.54,64,2.34,2.95,2.6
84873A,0.04,2.22,33,9.7,10.01,1.34
84873a,0.12,0.77,88,3.38,4.21,3.57
84874B,0.12,2.56,87,11.16,11.98,3.53
84875A,0.02,0.65,16,2.84,2.99,0.65
84875B,0.51,7.41,377,32.35,35.92,15.3
84875D,0.5,6.84,371,29.87,33.38,15.06
84876B,0.47,12.51,346,54.6,57.88,14.05
84876D,0.45,10.53,336,45.99,49.17,13.64
84877A,0.1,6.3,74,27.52,28.22,3.0
84877B,0.39,9.74,291,42.53,45.28,11.81
84877D,0.23,6.59,167,28.78,30.36,6.78
84879,110.7,95.01,81809,414.78,1189.69,3321.07
84880,2.45,11.18,1807,48.81,65.92,73.36
84881,0.07,0.9,54,3.92,4.43,2.19
84882,0.09,1.04,68,4.56,5.2,2.76
84884A,2.33,17.66,1722,77.09,93.4,69.91
84884a,0.08,0.82,56,3.58,4.11,2.27
84886,0.02,0.48,13,2.11,2.23,0.53
84891B,0.02,1.11,12,4.86,4.97,0.49
84893,0.05,2.22,34,9.68,10.0,1.38
84898F,0.23,2.47,172,10.79,12.41,6.98
84899E,0.07,2.66,53,11.6,12.1,2.15
84899F,0.16,2.73,121,11.91,13.05,4.91
84901,0.17,0.97,126,4.24,5.44,5.12
84902,0.11,1.06,84,4.64,5.44,3.41
84905,0.36,4.46,269,19.47,22.01,10.92
84906,0.09,2.21,67,9.67,10.3,2.72
84907,0.53,34.39,391,150.13,153.83,15.87
84908A,0.59,32.84,433,143.38,147.48,17.58
84908B,0.59,33.64,435,146.87,150.99,17.66
84909A,0.28,11.94,209,52.12,54.09,8.48
84910A,0.59,40.57,434,177.11,181.22,17.62
84912A,1.48,39.04,1097,170.42,180.81,44.53
84912B,1.55,36.36,1149,158.73,169.62,46.64
84913A,0.85,1.76,629,7.69,13.65,25.53
84913B,0.6,1.45,442,6.33,10.52,17.94
84915,0.33,16.56,241,72.29,74.57,9.78
84916,0.36,12.78,267,55.81,58.34,10.84
84917,0.31,6.51,232,28.42,30.62,9.42
84918,0.28,6.49,208,28.34,30.31,8.44
84919,0.39,24.99,291,109.1,111.86,11.81
84920,0.28,1.48,208,6.45,8.42,8.44
84921,0.04,1.32,31,5.76,6.06,1.26
84922,0.46,72.18,342,315.09,318.33,13.88
84923,0.34,1.02,248,4.46,6.81,10.07
84924A,0.19,1.78,139,7.75,9.07,5.64
84924D,1.03,130.35,764,569.06,576.3,31.01
84924F,1.32,201.6,975,880.08,889.32,39.58
84925A,0.24,34.49,179,150.57,152.27,7.27
84925C,0.04,2.49,28,10.85,11.12,1.14
84925D,0.61,54.17,453,236.47,240.76,18.39
84925E,0.1,40.71,75,177.7,178.41,3.04
84925F,0.97,52.19,716,227.84,234.62,29.07
84926A,0.91,13.36,673,58.33,64.7,27.32
84926B,0.07,6.7,54,29.26,29.77,2.19
84926C,0.19,4.1,140,17.91,19.23,5.68
84926D,1.05,20.67,777,90.22,97.58,31.54
84926E,1.5,24.22,1108,105.71,116.21,44.98
84926F,0.66,17.23,485,75.24,79.83,19.69
84927A,0.31,16.72,227,72.98,75.13,9.22
84927D,1.29,108.8,955,474.97,484.02,38.77
84927E,0.67,47.89,494,209.04,213.72,20.05
84927F,0.45,7.23,336,31.54,34.72,13.64
84929,4.22,44.03,3120,192.23,221.78,126.66
84931A,0.28,1.94,209,8.48,10.46,8.48
84931B,0.38,3.7,279,16.16,18.8,11.33
84932A,0.35,16.07,262,70.15,72.64,10.64
84932B,0.26,17.93,189,78.26,80.05,7.67
84932C,0.38,5.54,282,24.16,26.83,11.45
84932D,0.32,17.09,239,74.59,76.85,9.7
84933A,0.18,36.78,131,160.57,161.82,5.32
84933B,0.18,36.46,136,159.17,160.46,5.52
84933C,0.18,33.58,136,146.61,147.9,5.52
84934,0.93,59.25,687,258.63,265.14,27.89
84937,3.44,62.93,2543,274.74,298.83,103.23
84944,1.58,8.41,1168,36.72,47.78,47.42
84945,30.67,57.74,22662,252.05,466.71,919.97
84946,51.51,31.22,38064,136.3,496.85,1545.22
84947,21.92,39.24,16199,171.3,324.74,657.6
84948,0.38,5.51,279,24.07,26.71,11.33
84949,16.63,32.4,12286,141.46,257.84,498.76
84950,10.86,151.09,8027,659.57,735.61,325.86
84951A,0.84,7.92,624,34.58,40.49,25.33
84951B,0.76,7.61,565,33.21,38.56,22.94
84952A,0.23,4.99,167,21.79,23.37,6.78
84952B,0.58,17.65,427,77.07,81.11,17.33
84952C,0.56,18.3,413,79.9,83.81,16.77
84963A,0.04,2.31,27,10.09,10.35,1.1
84963B,0.02,2.76,18,12.03,12.21,0.73
84964A,0.01,6.36,11,27.78,27.89,0.45
84964B,0.02,10.61,17,46.3,46.46,0.69
84965A,0.03,7.37,20,32.18,32.37,0.81
84965B,0.04,6.95,27,30.32,30.58,1.1
84966A,0.02,3.3,13,14.42,14.55,0.53
84966B,0.04,7.54,33,32.93,33.25,1.34
84966C,0.03,10.61,23,46.3,46.52,0.93
84967B,0.03,1.6,24,6.99,7.22,0.97
84968A,0.72,3.51,533,15.33,20.37,21.64
84968B,0.58,3.83,432,16.74,20.83,17.54
84968C,0.87,7.91,644,34.55,40.65,26.14
84968D,0.64,12.23,474,53.4,57.89,19.24
84968E,0.52,9.31,387,40.66,44.32,15.71
84968F,0.41,2.71,301,11.82,14.67,12.22
84968e,0.02,0.58,17,2.53,2.69,0.69
84969,1.35,2.76,1000,12.04,21.52,40.6
84970L,23.87,29.84,17637,130.25,297.31,715.98
84970S,36.32,31.58,26844,137.86,392.13,1089.74
84970l,0.33,5.69,247,24.83,27.16,10.03
84970s,0.52,3.84,387,16.77,20.43,15.71
84971L,0.8,18.56,588,81.04,86.61,23.87
84971S,8.98,25.28,6636,110.37,173.23,269.39
84972L,0.16,1.72,117,7.52,8.62,4.75
84974,0.12,1.01,92,4.41,5.28,3.73
84975,2.73,19.85,2015,86.64,105.73,81.8
84976,0.91,22.13,675,96.62,103.01,27.4
84977,0.3,3.21,224,14.01,16.13,9.09
84978,29.64,21.76,21903,94.97,302.44,889.16
84984A,0.36,35.76,266,156.1,158.62,10.8
84984B,0.44,49.07,322,214.23,217.28,13.07
84984C,0.31,33.44,232,146.0,148.2,9.42
84984D,0.22,21.38,159,93.33,94.84,6.45
84985A,0.89,5.86,655,25.56,31.77,26.59
84985B,0.17,7.83,128,34.2,35.41,5.2
84986B,0.63,6.46,464,28.2,32.6,18.84
84987,11.03,21.0,8154,91.69,168.93,331.01
84988,11.37,16.74,8404,73.1,152.7,341.16
84989A,2.87,58.39,2123,254.92,275.03,86.18
84989B,1.37,30.18,1010,131.75,141.32,41.0
84989a,0.1,1.12,75,4.87,5.58,3.04
84990,5.79,53.99,4276,235.69,276.19,173.59
84991,74.04,58.87,54716,256.99,775.27,2221.22
84992,47.95,75.56,35438,329.87,665.55,1438.62
84993A,2.03,10.61,1498,46.33,60.52,60.81
84993B,0.76,9.69,565,42.28,47.64,22.94
84993a,0.07,1.09,51,4.75,5.23,2.07
84993b,0.03,0.97,20,4.22,4.41,0.81
84997A,7.12,18.98,5265,82.85,132.72,213.73
84997B,12.7,20.06,9388,87.56,176.49,381.11
84997C,12.0,25.71,8865,112.22,196.19,359.88
84997D,14.56,26.07,10761,113.8,215.73,436.85
84997a,0.24,2.02,178,8.82,10.51,7.23
84997b,0.73,4.48,539,19.55,24.66,21.88
84997c,0.48,3.36,356,14.65,18.02,14.45
84997d,0.53,3.23,390,14.09,17.78,15.83
85006,4.13,329.02,3049,1436.34,1465.22,123.78
85007,0.19,6.79,143,29.66,31.02,5.81
85008,0.37,4.18,274,18.26,20.86,11.12
85014A,6.31,38.25,4665,166.98,211.17,189.38
85014B,8.39,35.29,6202,154.07,212.82,251.77
85014C,0.74,28.21,547,123.14,128.32,22.21
85014D,2.6,95.18,1919,415.52,433.69,77.9
85014a,0.05,0.4,37,1.75,2.1,1.5
85014b,0.06,0.37,45,1.6,2.02,1.83
85015,3.96,24.43,2925,106.64,134.34,118.74
85016,2.28,32.42,1688,141.52,157.51,68.53
85017A,1.58,24.18,1167,105.57,116.62,47.37
85017B,3.05,19.78,2251,86.37,107.69,91.38
85017C,1.48,28.8,1097,125.72,136.12,44.53
85018A,0.02,1.08,15,4.72,4.86,0.61
85018B,0.02,1.58,15,6.9,7.04,0.61
85018C,0.05,14.02,36,61.22,61.56,1.46
85018D,1.08,14.56,799,63.55,71.12,32.44
85019A,0.88,22.35,651,97.57,103.74,26.43
85019B,0.97,23.25,718,101.49,108.29,29.15
85019C,0.58,29.7,426,129.65,133.68,17.29
85020,0.34,6.34,251,27.67,30.05,10.19
85023A,0.03,1.69,22,7.36,7.57,0.89
85023B,0.4,15.84,293,69.15,71.93,11.89
85023C,0.03,1.0,23,4.35,4.57,0.93
85024B,0.29,30.85,218,134.67,136.74,8.85
85024C,0.14,2.11,100,9.22,10.16,4.06
85025B,0.78,14.79,575,64.57,70.02,23.34
85025C,0.99,14.15,729,61.79,68.69,29.59
85026B,0.42,21.39,313,93.38,96.34,12.71
85027L,0.26,5.67,191,24.76,26.57,7.75
85028L,0.37,27.55,271,120.28,122.85,11.0
85028S,0.58,26.58,430,116.01,120.09,17.46
85030,0.29,11.16,213,48.7,50.72,8.65
85031A,0.65,13.22,477,57.69,62.21,19.36
85031B,0.67,15.04,497,65.67,70.37,20.18
85031C,0.65,12.82,481,55.97,60.53,19.53
85032A,1.96,22.9,1448,99.99,113.71,58.78
85032B,1.35,14.22,994,62.1,71.51,40.35
85032C,1.21,13.33,894,58.18,66.65,36.29
85032D,1.61,15.72,1193,68.62,79.92,48.43
85033G,0.32,10.07,236,43.96,46.19,9.58
85033S,0.35,6.89,260,30.07,32.53,10.55
85034A,1.16,8.72,859,38.07,46.2,34.87
85034B,1.62,9.29,1195,40.54,51.86,48.51
85034C,1.79,8.06,1325,35.17,47.72,53.79
85035A,0.9,5.46,663,23.85,30.13,26.91
85035B,1.35,26.6,999,116.11,125.57,40.55
85035C,1.87,20.8,1380,90.78,103.85,56.02
85036A,0.86,5.23,638,22.83,28.87,25.9
85036B,0.83,11.2,612,48.89,54.68,24.84
85036C,1.22,19.18,898,83.75,92.25,36.45
85038,3.93,15.22,2905,66.43,93.95,117.93
85039A,1.98,12.14,1466,53.01,66.9,59.51
85039B,2.25,12.78,1666,55.79,71.57,67.63
85039C,0.74,11.44,546,49.95,55.12,22.17
85039a,0.09,0.71,67,3.12,3.75,2.72
85040A,2.83,6.41,2090,27.98,47.78,84.84
85040B,3.36,25.43,2480,111.01,134.5,100.68
85040a,0.07,0.9,51,3.91,4.4,2.07
85041,2.51,83.47,1858,364.39,381.99,75.43
85042,3.63,14.1,2686,61.56,87.0,109.04
85044,0.2,5.24,150,22.86,24.28,6.09
85045,0.64,13.45,476,58.72,63.23,19.32
85047,1.43,5.97,1054,26.08,36.07,42.79
85048,3.73,6.82,2755,29.76,55.86,111.84
85049A,8.58,17.25,6337,75.32,135.34,257.25
85049B,2.89,9.47,2136,41.32,61.56,86.71
85049C,4.11,8.35,3037,36.46,65.22,123.29
85049D,3.22,8.71,2378,38.02,60.55,96.54
85049E,8.83,11.64,6524,50.8,112.59,264.84
85049F,2.9,9.97,2140,43.54,63.81,86.87
85049G,5.28,14.34,3902,62.61,99.57,158.4
85049H,2.81,9.7,2076,42.34,62.01,84.28
85049a,0.68,14.24,499,62.17,66.89,20.26
85049e,0.4,6.08,297,26.55,29.36,12.06
85049g,0.16,1.47,115,6.43,7.52,4.67
85053,2.77,8.63,2046,37.68,57.06,83.06
85054,1.25,4.88,923,21.32,30.06,37.47
85055,0.5,3.78,371,16.52,20.03,15.06
85059,0.95,3.67,702,16.03,22.68,28.5
85060,1.96,28.43,1448,124.12,137.83,58.78
85061W,8.71,34.55,6440,150.84,211.84,261.43
85062,5.48,16.31,4049,71.21,109.56,164.37
85063,0.42,1.49,310,6.49,9.43,12.58
85064,2.42,31.73,1789,138.53,155.47,72.63
85065,0.84,3.75,624,16.37,22.28,25.33
85066,4.26,8.58,3148,37.45,67.27,127.79
85067,0.68,9.88,504,43.12,47.9,20.46
85068,1.3,18.63,961,81.33,90.44,39.01
85071A,2.59,23.64,1914,103.2,121.33,77.7
85071B,3.31,26.48,2448,115.59,138.78,99.38
85071C,1.75,27.9,1291,121.79,134.02,52.41
85071D,1.2,28.54,890,124.57,133.0,36.13
85078,3.09,23.5,2284,102.6,124.24,92.72
85079,0.03,1.51,24,6.57,6.8,0.97
85080,0.15,4.14,114,18.07,19.15,4.63
85081,0.14,3.63,107,15.87,16.88,4.34
85084,0.93,21.12,684,92.18,98.66,27.77
85086A,0.79,4.28,587,18.68,24.24,23.83
85087,0.57,2.84,421,12.39,16.37,17.09
85088,0.47,7.38,347,32.23,35.52,14.09
85089,0.14,2.68,104,11.68,12.67,4.22
85090,0.14,1.23,106,5.36,6.36,4.3
85091,0.46,42.17,343,184.09,187.34,13.92
85092,0.53,49.63,391,216.68,220.38,15.87
85093,1.84,12.83,1363,56.0,68.91,55.33
85094,1.03,11.37,763,49.62,56.85,30.97
85095,0.24,4.51,175,19.71,21.36,7.1
85096,0.23,2.44,167,10.65,12.23,6.78
85097B,0.14,2.38,107,10.39,11.41,4.34
85098B,0.5,4.9,366,21.38,24.85,14.86
85099B,133.08,56.0,98349,244.47,1176.06,3992.52
85099C,42.29,34.97,31249,152.68,448.68,1268.57
85099F,50.24,48.95,37124,213.69,565.34,1507.06
85099b,0.57,35.6,419,155.41,159.37,17.01
85099c,0.02,1.89,17,8.24,8.41,0.69
85099f,0.29,7.67,213,33.47,35.49,8.65
85103,0.43,6.12,319,26.7,29.72,12.95
85104,0.49,19.2,359,83.83,87.23,14.57
85106,1.63,64.61,1208,282.05,293.49,49.04
85107,1.67,35.43,1231,154.69,166.35,49.97
85109,5.7,569.73,4211,2487.16,2527.05,170.95
85110,15.59,1348.26,11520,5885.84,5994.96,467.66
85111,3.97,108.97,2931,475.72,503.48,118.99
85112,0.63,48.47,466,211.61,216.03,18.92
85113,0.39,7.04,285,30.72,33.42,11.57
85114A,1.91,24.55,1410,107.17,120.53,57.24
85114B,2.81,21.57,2076,94.16,113.83,84.28
85114C,1.65,8.88,1221,38.76,50.32,49.57
85114a,0.08,1.99,56,8.7,9.23,2.27
85114b,0.08,2.09,56,9.14,9.67,2.27
85114c,0.25,3.18,188,13.9,15.68,7.63
85116,2.76,19.38,2040,84.6,103.93,82.81
85117,0.47,11.09,351,48.41,51.74,14.25
85118,2.88,53.94,2132,235.49,255.68,86.55
85119,0.56,34.38,414,150.09,154.01,16.81
85121B,0.12,1.3,86,5.69,6.51,3.49
85121C,0.13,1.13,98,4.95,5.88,3.98
85123A,130.1,56.79,96147,247.91,1158.64,3903.13
85123a,0.81,9.48,597,41.4,47.05,24.24
85124A,0.51,4.64,377,20.27,23.84,15.3
85124B,0.5,3.91,366,17.06,20.53,14.86
85124C,0.61,4.96,449,21.65,25.9,18.23
85125,0.43,7.25,317,31.65,34.65,12.87
85126,0.21,6.82,157,29.78,31.26,6.37
85127,0.4,4.11,292,17.93,20.69,11.85
85128,0.23,81.5,167,355.79,357.37,6.78
85129A,0.6,5.98,445,26.12,30.34,18.06
85129B,0.34,5.05,254,22.03,24.44,10.31
85129C,0.57,7.39,420,32.26,36.24,17.05
85129D,1.08,5.66,800,24.71,32.28,32.48
85130A,1.0,7.8,737,34.04,41.02,29.92
85130B,1.23,13.25,912,57.84,66.47,37.02
85130C,0.93,10.58,684,46.18,52.66,27.77
85130D,1.08,10.47,795,45.71,53.24,32.27
85131A,2.82,15.79,2083,68.91,88.64,84.56
85131B,1.33,8.39,980,36.61,45.89,39.78
85131C,0.6,12.15,447,53.06,57.29,18.15
85131D,1.98,8.83,1466,38.54,52.42,59.51
85132A,1.85,9.35,1365,40.82,53.75,55.41
85132B,1.25,13.36,922,58.3,67.04,37.43
85132C,2.8,10.0,2069,43.65,63.24,83.99
85132a,0.02,0.0,12,0.0,0.11,0.49
85135A,0.13,1.38,96,6.03,6.94,3.9
85135B,0.24,0.61,174,2.68,4.33,7.06
85135C,0.24,0.81,179,3.55,5.24,7.27
85136A,0.21,0.73,156,3.2,4.68,6.33
85136B,0.08,0.82,59,3.58,4.14,2.4
85136C,0.26,1.42,190,6.2,8.0,7.71
85141,0.26,3.0,191,13.09,14.9,7.75
85142,0.08,1.1,61,4.82,5.4,2.48
85144,0.39,7.98,291,34.83,37.59,11.81
85145,0.12,3.42,92,14.93,15.8,3.73
85146,0.16,3.17,118,13.82,14.94,4.79
85147,0.08,2.04,61,8.92,9.5,2.48
85150,11.53,15.4,8519,67.22,147.91,345.83
85151,0.06,6.78,44,29.61,30.02,1.79
85152,22.52,28.05,16645,122.43,280.1,675.71
85159A,0.67,6.68,494,29.18,33.86,20.05
85159B,0.89,8.23,659,35.91,42.16,26.75
85160A,11.93,1061.01,8816,4631.82,4715.33,357.89
85160B,8.33,680.91,6155,2972.5,3030.8,249.86
85161,0.07,0.9,51,3.95,4.43,2.07
85162A,0.82,35.91,607,156.76,162.51,24.64
85162B,1.32,82.51,977,360.18,369.44,39.66
85162C,1.22,25.94,904,113.26,121.82,36.7
85163A,0.14,2.18,104,9.53,10.51,4.22
85163B,0.16,2.21,115,9.67,10.75,4.67
85164B,0.19,2.41,140,10.5,11.83,5.68
85165,0.12,1.37,90,5.96,6.82,3.65
85166A,0.1,11.06,77,48.27,49.0,3.13
85166B,0.69,28.28,510,123.46,128.29,20.7
85167A,0.24,17.63,176,76.95,78.62,7.14
85167B,0.98,23.49,727,102.54,109.43,29.51
85168A,0.03,0.83,22,3.64,3.85,0.89
85168B,0.1,1.04,73,4.55,5.24,2.96
85169A,1.74,9.75,1284,42.56,54.72,52.12
85169B,0.65,5.78,483,25.25,29.83,19.61
85169C,0.68,16.42,506,71.7,76.5,20.54
85169D,0.71,9.09,522,39.67,44.61,21.19
85170A,1.15,21.42,849,93.5,101.55,34.47
85170B,0.4,10.01,293,43.69,46.47,11.89
85170C,0.74,11.69,549,51.04,56.24,22.29
85170D,0.98,10.49,727,45.8,52.68,29.51
85172,6.06,41.56,4479,181.43,223.86,181.83
85173,1.38,15.26,1021,66.6,76.27,41.45
85174,2.08,6.71,1534,29.31,43.84,62.27
85175,21.55,47.09,15922,205.58,356.4,646.36
85176,3.76,36.69,2776,160.18,186.48,112.69
85177,2.49,27.27,1838,119.06,136.47,74.61
85178,7.62,42.11,5628,183.85,237.16,228.47
85179A,0.3,4.39,222,19.17,21.28,9.01
85179B,0.33,8.27,247,36.12,38.46,10.03
85179C,0.16,4.54,116,19.82,20.91,4.71
85180A,0.85,8.3,629,36.25,42.21,25.53
85180B,0.49,9.38,365,40.93,44.39,14.82
85183A,2.05,28.67,1512,125.14,139.46,61.38
85183B,2.4,24.55,1775,107.19,124.0,72.06
85184B,0.02,1.83,14,7.97,8.1,0.57
85184C,3.11,14.19,2296,61.93,83.68,93.21
85184D,11.25,674.13,8312,2942.91,3021.64,337.43
85185B,0.85,3.5,628,15.29,21.24,25.49
85185C,0.08,1.89,58,8.25,8.8,2.35
85185D,0.27,3.57,199,15.57,17.45,8.08
85185F,0.05,1.57,37,6.83,7.18,1.5
85186A,2.09,10.98,1548,47.93,62.6,62.84
85186B,0.02,4.24,14,18.52,18.65,0.57
85186C,1.89,10.85,1400,47.35,60.61,56.83
85187,0.65,6.66,481,29.06,33.62,19.53
85188A,1.28,9.39,945,40.97,49.93,38.36
85188B,1.01,9.91,749,43.28,50.37,30.41
85189,1.6,34.53,1180,150.73,161.9,47.9
85190,0.19,7.96,140,34.75,36.07,5.68
85194L,2.46,20.95,1820,91.47,108.71,73.88
85194S,2.38,15.91,1760,69.46,86.13,71.45
85195,0.2,22.59,146,98.61,99.99,5.93
85196,2.12,36.76,1564,160.46,175.28,63.49
85197,2.26,151.01,1673,659.22,675.06,67.92
85198,5.24,449.34,3871,1961.6,1998.27,157.14
85199L,4.8,19.82,3545,86.51,120.09,143.91
85199S,8.33,25.28,6156,110.37,168.68,249.91
85200,1.42,7.08,1047,30.93,40.84,42.5
85202,1.66,7.71,1225,33.64,45.24,49.73
85203,1.99,9.4,1469,41.04,54.95,59.63
85204,3.19,45.87,2360,200.25,222.61,95.81
85205A,0.09,1.6,66,7.0,7.63,2.68
85205B,0.33,3.61,241,15.77,18.05,9.78
85206A,3.19,11.86,2358,51.77,74.1,95.72
85206B,2.09,20.21,1543,88.22,102.84,62.64
85208,0.58,10.38,429,45.29,49.36,17.42
85211,0.42,6.25,307,27.27,30.18,12.46
85212,3.89,50.23,2872,219.27,246.48,116.59
85213,1.88,53.79,1391,234.8,247.98,56.47
85214,0.72,3.34,533,14.58,19.63,21.64
85215,1.15,13.8,850,60.26,68.31,34.51
85216,3.88,23.72,2867,103.53,130.69,116.39
85217,3.89,24.88,2875,108.63,135.86,116.71
85218,2.7,1374.62,1992,6000.87,6019.74,80.87
85220,16.56,4055.87,12236,17705.86,17821.76,496.73
85221,4.81,119.97,3558,523.72,557.42,144.44
85222,1.9,52.5,1407,229.2,242.53,57.12
85224,2.72,45.03,2008,196.58,215.6,81.52
85225,0.03,1.68,19,7.33,7.51,0.77
85226A,2.32,39.22,1717,171.23,187.5,69.7
85226C,1.34,52.05,991,227.24,236.63,40.23
85227,4.81,15.81,3553,69.02,102.68,144.24
85230A,2.7,45.3,1992,197.78,216.65,80.87
85230B,3.0,23.67,2216,103.33,124.32,89.96
85230E,3.31,28.94,2445,126.34,149.5,99.26
85230F,4.02,125.09,2970,546.06,574.2,120.57
85230G,2.34,30.52,1728,133.23,149.6,70.15
85231B,2.92,6.9,2156,30.12,50.54,87.52
85231E,1.13,14.35,836,62.66,70.58,33.94
85231G,2.02,8.35,1496,36.44,50.62,60.73
85231L,1.41,21.21,1043,92.59,102.47,42.34
85232A,0.51,3.13,376,13.68,17.24,15.26
85232B,4.18,20.3,3088,88.63,117.88,125.36
85232D,0.98,5.76,724,25.15,32.0,29.39
85232b,0.03,0.35,25,1.53,1.77,1.01
90000A,0.04,0.68,33,2.95,3.26,1.34
90000B,0.04,0.79,30,3.45,3.73,1.22
90000D,0.07,1.03,54,4.49,5.0,2.19
90001A,0.01,0.32,11,1.38,1.48,0.45
90001B,0.02,0.48,13,2.11,2.23,0.53
90001C,0.02,0.3,12,1.32,1.43,0.49
90001D,0.03,1.42,21,6.21,6.41,0.85
90002A,0.05,1.72,39,7.52,7.89,1.58
90002B,0.03,1.26,22,5.52,5.73,0.89
90002C,0.04,1.05,33,4.57,4.88,1.34
90002D,0.15,8.02,110,34.99,36.03,4.47
90002E,0.02,1.03,18,4.48,4.65,0.73
90003B,0.06,1.36,45,5.93,6.36,1.83
90003C,0.07,1.09,53,4.78,5.28,2.15
90003D,0.08,1.31,60,5.73,6.3,2.44
90003E,0.05,0.93,35,4.07,4.4,1.42
90005A,0.15,1.69,108,7.39,8.42,4.38
90010A,0.07,1.26,50,5.48,5.96,2.03
90010B,0.09,2.01,65,8.78,9.4,2.64
90010E,0.08,0.99,60,4.3,4.87,2.44
90011A,0.02,0.0,15,0.0,0.14,0.61
90011B,0.03,1.29,20,5.64,5.83,0.81
90011C,0.02,1.89,12,8.25,8.36,0.49
90012A,0.02,1.86,13,8.14,8.26,0.53
90012B,0.02,2.48,17,10.84,11.0,0.69
90013A,0.16,1.2,118,5.23,6.34,4.79
90013B,0.15,0.78,108,3.42,4.44,4.38
90013C,0.12,1.05,92,4.58,5.45,3.73
90013D,0.06,2.76,46,12.03,12.47,1.87
90014A,0.07,0.98,55,4.27,4.79,2.23
90014B,0.05,0.48,36,2.11,2.45,1.46
90014C,0.04,1.1,29,4.8,5.07,1.18
90016A,0.04,2.04,29,8.91,9.18,1.18
90016B,0.05,0.63,37,2.73,3.08,1.5
90016C,0.02,0.58,17,2.53,2.69,0.69
90018A,0.11,0.69,79,2.99,3.74,3.21
90018B,0.06,0.44,41,1.9,2.29,1.66
90018C,0.04,0.75,28,3.29,3.56,1.14
90019A,0.09,0.62,70,2.72,3.38,2.84
90019B,0.04,0.44,33,1.93,2.24,1.34
90019C,0.06,0.45,42,1.95,2.35,1.71
90022,0.06,0.54,42,2.34,2.74,1.71
90023,0.04,0.67,32,2.93,3.23,1.3
90024B,0.04,0.34,26,1.5,1.75,1.06
90024C,0.02,0.3,12,1.32,1.43,0.49
90024D,0.02,0.38,15,1.64,1.78,0.61
90024E,0.02,1.21,16,5.3,5.45,0.65
90026A,0.01,0.44,11,1.92,2.03,0.45
90027B,0.02,0.48,13,2.11,2.23,0.53
90027C,0.02,0.39,14,1.7,1.83,0.57
90027D,0.03,0.81,23,3.55,3.77,0.93
90028,0.04,0.62,32,2.72,3.02,1.3
90029,0.03,1.73,23,7.55,7.77,0.93
90030A,0.11,7.32,79,31.98,32.73,3.21
90030B,0.19,4.39,140,19.14,20.47,5.68
90030C,0.12,6.42,88,28.01,28.84,3.57
90031,0.07,7.28,52,31.76,32.26,2.11
90032,0.06,1.69,48,7.4,7.85,1.95
90033,0.03,0.54,23,2.34,2.55,0.93
90035A,0.03,0.89,24,3.9,4.13,0.97
90035B,0.06,16.94,43,73.95,74.35,1.75
90035C,0.04,7.67,28,33.48,33.74,1.14
90036A,0.04,0.75,27,3.25,3.51,1.1
90036B,0.02,1.62,18,7.07,7.24,0.73
90036C,0.04,1.44,31,6.28,6.57,1.26
90036D,0.05,1.49,39,6.51,6.87,1.58
90036E,0.06,1.77,45,7.73,8.16,1.83
90036F,0.04,1.37,26,6.0,6.25,1.06
90037A,0.04,1.99,26,8.7,8.94,1.06
90037B,0.04,2.39,28,10.45,10.72,1.14
90037C,0.04,1.9,27,8.29,8.55,1.1
90037D,0.02,1.75,14,7.65,7.78,0.57
90038A,0.05,1.53,36,6.67,7.02,1.46
90038B,0.03,1.56,21,6.8,6.99,0.85
90038C,0.03,1.83,19,8.0,8.18,0.77
90039B,0.03,1.95,22,8.5,8.7,0.89
90039C,0.03,3.05,24,13.32,13.55,0.97
90039D,0.06,2.37,44,10.34,10.75,1.79
90040A,0.07,1.11,53,4.83,5.33,2.15
90040B,0.1,1.36,73,5.95,6.64,2.96
90040C,0.06,1.31,42,5.7,6.1,1.71
90040D,0.06,0.95,41,4.16,4.55,1.66
90042A,0.09,1.83,63,7.97,8.57,2.56
90042B,0.02,0.98,17,4.29,4.45,0.69
90042C,0.08,2.05,59,8.95,9.51,2.4
90046,0.02,0.69,13,3.01,3.14,0.53
90048,0.04,3.83,31,16.74,17.03,1.26
90049,0.03,2.94,20,12.85,13.04,0.81
90050,0.01,0.98,11,4.26,4.36,0.45
90051,0.02,0.63,17,2.75,2.91,0.69
90053,0.01,0.0,11,0.0,0.1,0.45
90054,0.03,0.0,19,0.0,0.18,0.77
90056,0.03,1.29,20,5.64,5.83,0.81
90057,2.44,68.62,1804,299.57,316.65,73.23
90058A,0.78,15.79,576,68.92,74.37,23.38
90058B,1.51,14.73,1118,64.29,74.88,45.39
90059A,0.13,1.79,96,7.83,8.74,3.9
90059B,0.04,1.57,31,6.86,7.15,1.26
90059C,0.06,1.67,42,7.31,7.71,1.71
90059D,0.09,1.5,65,6.55,7.16,2.64
90059E,0.08,1.24,57,5.41,5.95,2.31
90059F,0.06,1.65,48,7.2,7.65,1.95
90060D,0.02,1.33,13,5.82,5.94,0.53
90060F,0.04,1.57,30,6.87,7.15,1.22
90062,0.28,1.64,208,7.17,9.14,8.44
90063A,0.03,0.65,21,2.84,3.04,0.85
90063B,0.03,0.65,20,2.82,3.01,0.81
90064A,0.03,1.15,20,5.04,5.23,0.81
90064B,0.03,1.14,21,4.97,5.17,0.85
90065A,0.04,1.27,28,5.55,5.82,1.14
90065B,0.03,0.49,24,2.12,2.34,0.97
90067A,0.04,2.02,33,8.8,9.11,1.34
90067B,0.02,2.58,16,11.27,11.42,0.65
90069,0.01,2.17,11,9.46,9.57,0.45
90070,0.09,1.49,63,6.51,7.11,2.56
90071,0.12,0.55,92,2.4,3.27,3.73
90072,0.06,1.28,44,5.59,6.0,1.79
90073,0.07,1.21,52,5.26,5.76,2.11
90076,0.02,1.89,12,8.25,8.36,0.49
90079,0.03,1.19,21,5.21,5.41,0.85
90081A,0.07,1.25,51,5.45,5.93,2.07
90081C,0.07,1.01,51,4.41,4.89,2.07
90082A,0.08,1.4,60,6.12,6.69,2.44
90082B,0.09,1.78,68,7.76,8.41,2.76
90082D,0.15,1.46,111,6.37,7.42,4.51
90083,0.07,3.81,52,16.65,17.15,2.11
90084,0.09,6.13,64,26.77,27.38,2.6
90085,0.42,19.76,313,86.28,89.25,12.71
90086,0.3,8.81,219,38.46,40.54,8.89
90087,0.42,11.32,313,49.42,52.38,12.71
90088,0.14,8.36,101,36.49,37.45,4.1
90089,0.16,5.04,117,22.01,23.11,4.75
90090,0.36,12.3,263,53.69,56.18,10.68
90092,0.14,8.16,102,35.64,36.6,4.14
90093,0.28,9.38,210,40.95,42.94,8.53
90094,0.1,1.42,76,6.22,6.94,3.09
90096,0.15,1.95,113,8.49,9.56,4.59
90098,0.19,2.58,141,11.25,12.59,5.72
90099,0.07,1.29,49,5.65,6.12,1.99
90100,0.04,1.98,30,8.63,8.92,1.22
90101,0.07,1.76,53,7.66,8.17,2.15
90102,0.03,4.11,19,17.96,18.14,0.77
90103,0.06,1.31,44,5.7,6.12,1.79
90104,0.18,2.78,134,12.16,13.43,5.44
90108,0.15,6.37,109,27.8,28.84,4.42
90112,0.11,4.23,84,18.47,19.27,3.41
90114,0.28,3.95,207,17.27,19.23,8.4
90115,0.16,1.36,115,5.95,7.04,4.67
90116,0.15,2.02,108,8.81,9.83,4.38
90118,0.06,1.02,42,4.46,4.85,1.71
90119,0.13,2.28,98,9.96,10.89,3.98
90120A,0.13,2.08,94,9.09,9.98,3.82
90120B,0.15,2.64,108,11.53,12.55,4.38
90120C,0.15,1.68,111,7.31,8.37,4.51
90120D,0.18,4.99,134,21.78,23.05,5.44
90121B,0.03,1.05,19,4.6,4.78,0.77
90122A,0.08,1.41,56,6.17,6.7,2.27
90122B,0.06,1.39,46,6.09,6.52,1.87
90122C,0.07,1.56,54,6.82,7.33,2.19
90123A,0.05,1.09,37,4.76,5.11,1.5
90123B,0.04,1.13,28,4.91,5.18,1.14
90123C,0.04,1.29,27,5.62,5.88,1.1
90123D,0.04,2.97,29,12.98,13.25,1.18
90124A,0.04,0.76,30,3.32,3.61,1.22
90124B,0.05,0.69,40,3.02,3.4,1.62
90124C,0.03,0.62,22,2.7,2.91,0.89
90125A,0.2,11.88,149,51.84,53.26,6.05
90125B,0.06,3.04,44,13.28,13.7,1.79
90125C,0.12,15.59,92,68.06,68.93,3.73
90125D,0.18,8.19,136,35.76,37.05,5.52
90125E,0.02,0.24,18,1.06,1.23,0.73
90126A,0.03,4.32,20,18.86,19.05,0.81
90126C,0.03,4.66,21,20.34,20.53,0.85
90127A,0.02,7.07,14,30.87,31.0,0.57
90128A,0.05,3.49,34,15.22,15.54,1.38
90128B,0.03,3.85,20,16.83,17.02,0.81
90128C,0.02,4.16,18,18.15,18.32,0.73
90128D,0.02,1.75,14,7.65,7.78,0.57
90129A,0.21,2.42,156,10.57,12.05,6.33
90129B,0.2,3.32,150,14.49,15.91,6.09
90129C,0.15,2.4,110,10.47,11.51,4.47
90129D,0.09,2.08,69,9.06,9.71,2.8
90129E,0.18,2.16,133,9.45,10.71,5.4
90129F,0.12,1.76,87,7.7,8.52,3.53
90130A,0.04,1.73,28,7.56,7.83,1.14
90130B,0.09,1.01,66,4.39,5.02,2.68
90130C,0.04,0.2,26,0.87,1.12,1.06
90130D,0.02,1.77,13,7.72,7.84,0.53
90133,0.06,0.92,47,4.02,4.46,1.91
90134,0.17,1.02,127,4.47,5.67,5.16
90135A,0.01,2.36,11,10.32,10.42,0.45
90137,0.04,1.39,26,6.05,6.3,1.06
90138,0.03,0.98,25,4.27,4.51,1.01
90139,0.03,0.46,23,2.01,2.23,0.93
90141A,0.03,0.51,21,2.25,2.44,0.85
90141B,0.02,0.84,14,3.68,3.81,0.57
90141C,0.02,0.6,16,2.62,2.77,0.65
90142D,0.01,1.3,11,5.69,5.8,0.45
90143,0.11,1.54,83,6.71,7.49,3.37
90144,0.07,1.17,53,5.11,5.61,2.15
90145,0.1,1.16,76,5.06,5.78,3.09
90146,0.06,1.79,41,7.82,8.21,1.66
90147,0.13,0.94,95,4.1,5.0,3.86
90148,0.04,0.61,28,2.67,2.94,1.14
90149,0.08,15.44,62,67.4,67.99,2.52
90150,0.02,0.74,13,3.25,3.37,0.53
90151,0.03,1.22,21,5.33,5.53,0.85
90154,0.08,19.22,59,83.89,84.45,2.4
90155,0.04,0.81,30,3.54,3.82,1.22
90156,0.03,1.48,25,6.45,6.68,1.01
90157,0.07,1.46,54,6.39,6.9,2.19
90158,0.11,0.65,79,2.83,3.58,3.21
90159,0.05,1.33,38,5.82,6.18,1.54
90160A,0.07,1.75,52,7.66,8.15,2.11
90160B,0.1,2.32,71,10.14,10.82,2.88
90160C,0.13,2.14,98,9.32,10.25,3.98
90160D,0.1,2.78,76,12.12,12.84,3.09
90161A,0.1,1.6,73,6.98,7.67,2.96
90161B,0.21,1.78,152,7.75,9.19,6.17
90161C,0.23,1.65,170,7.22,8.83,6.9
90161D,0.19,1.58,141,6.92,8.25,5.72
90162A,0.04,2.28,30,9.97,10.26,1.22
90162B,0.08,2.08,56,9.09,9.62,2.27
90162C,0.06,1.78,42,7.79,8.19,1.71
90162D,0.04,1.31,30,5.72,6.0,1.22
90163A,0.05,1.18,37,5.15,5.5,1.5
90163B,0.02,0.53,13,2.3,2.42,0.53
90164A,0.05,1.38,40,6.04,6.42,1.62
90164B,0.09,1.6,67,6.97,7.61,2.72
90165A,0.06,1.5,42,6.56,6.96,1.71
90165B,0.07,1.36,52,5.93,6.42,2.11
90166,0.06,0.63,41,2.77,3.16,1.66
90167,2.99,46.05,2207,201.02,221.93,89.59
90168,0.06,1.65,43,7.19,7.59,1.75
90169,0.06,1.38,42,6.01,6.4,1.71
90170,0.2,2.59,151,11.32,12.75,6.13
90171,0.06,1.43,47,6.24,6.69,1.91
90173,0.12,1.36,89,5.93,6.78,3.61
90174,0.07,1.25,51,5.47,5.95,2.07
90175A,0.15,1.77,108,7.74,8.76,4.38
90175B,0.05,0.98,37,4.29,4.64,1.5
90175C,0.05,1.34,39,5.86,6.23,1.58
90175D,0.08,0.97,60,4.22,4.79,2.44
90176D,0.01,0.53,11,2.33,2.44,0.45
90177A,0.03,1.34,19,5.83,6.01,0.77
90177B,0.04,1.57,31,6.86,7.15,1.26
90177C,0.05,1.37,40,5.98,6.36,1.62
90177D,0.06,1.8,48,7.88,8.33,1.95
90177E,0.04,1.05,29,4.6,4.88,1.18
90178A,0.04,0.68,30,2.95,3.23,1.22
90178B,0.02,0.69,16,3.0,3.15,0.65
90179A,0.02,0.71,12,3.09,3.2,0.49
90179B,0.01,0.44,11,1.92,2.03,0.45
90179C,0.03,0.39,20,1.72,1.9,0.81
90180A,0.06,1.4,45,6.13,6.55,1.83
90180B,0.02,0.47,18,2.05,2.22,0.73
90181A,0.02,0.0,14,0.0,0.13,0.57
90181B,0.04,0.2,27,0.86,1.11,1.1
90182C,0.03,1.39,19,6.07,6.25,0.77
90183A,0.07,1.67,54,7.31,7.82,2.19
90183B,0.04,0.62,29,2.73,3.0,1.18
90183C,0.02,0.0,13,0.0,0.12,0.53
90184A,0.06,1.36,47,5.92,6.37,1.91
90184B,0.1,1.01,74,4.41,5.11,3.0
90184C,0.1,1.01,75,4.4,5.11,3.04
90185A,0.08,1.96,56,8.56,9.09,2.27
90185B,0.09,2.03,68,8.85,9.5,2.76
90185C,0.09,1.75,68,7.63,8.27,2.76
90185D,0.1,1.7,72,7.42,8.1,2.92
90186A,0.1,1.98,77,8.63,9.36,3.13
90186B,0.08,1.69,58,7.39,7.94,2.35
90187B,0.03,0.81,22,3.52,3.73,0.89
90188,0.03,0.35,25,1.53,1.77,1.01
90189A,0.01,0.52,11,2.26,2.36,0.45
90190A,0.06,1.03,44,4.48,4.89,1.79
90190B,0.06,3.4,45,14.85,15.28,1.83
90190C,0.08,1.57,58,6.86,7.41,2.35
90191,0.05,1.73,40,7.55,7.93,1.62
90192,0.13,1.3,97,5.68,6.59,3.94
90194,0.04,0.91,33,3.99,4.3,1.34
90195A,0.1,1.08,75,4.73,5.44,3.04
90195B,0.08,1.9,62,8.31,8.9,2.52
90196A,0.03,1.21,24,5.3,5.53,0.97
90196B,0.03,0.72,20,3.16,3.35,0.81
90197B,0.09,0.56,64,2.45,3.05,2.6
90198A,0.2,1.42,146,6.21,7.6,5.93
90198B,0.14,1.93,106,8.41,9.42,4.3
90199A,0.03,0.78,25,3.39,3.63,1.01
90199B,0.05,0.45,37,1.96,2.31,1.5
90199C,0.14,8.0,106,34.93,35.93,4.3
90199D,0.03,1.26,22,5.49,5.7,0.89
90200A,0.25,1.72,185,7.5,9.25,7.51
90200B,0.25,1.87,186,8.14,9.9,7.55
90200C,0.29,2.04,211,8.89,10.89,8.57
90200D,0.46,2.55,338,11.15,14.36,13.72
90200E,0.29,2.9,214,12.67,14.7,8.69
90201A,0.18,2.9,130,12.68,13.91,5.28
90201B,0.21,3.11,156,13.57,15.05,6.33
90201C,0.16,2.55,119,11.14,12.27,4.83
90201D,0.18,2.85,134,12.43,13.7,5.44
90202A,0.04,1.07,31,4.67,4.97,1.26
90202B,0.03,1.26,24,5.52,5.75,0.97
90202C,0.04,0.99,32,4.33,4.63,1.3
90202D,0.06,2.55,48,11.15,11.6,1.95
90203,0.1,1.52,73,6.64,7.34,2.96
90204,0.07,0.85,51,3.7,4.18,2.07
90205A,0.06,1.07,42,4.69,5.08,1.71
90205C,0.11,7.17,78,31.3,32.04,3.17
90206A,0.02,0.65,16,2.84,2.99,0.65
90206C,0.11,0.79,82,3.44,4.22,3.33
90208,0.22,4.61,161,20.14,21.67,6.54
90209A,0.23,17.06,173,74.49,76.12,7.02
90209B,0.53,9.53,390,41.58,45.28,15.83
90209C,0.54,17.14,402,74.82,78.63,16.32
90210A,0.12,5.78,89,25.22,26.06,3.61
90210B,0.14,5.11,106,22.3,23.31,4.3
90210C,0.16,15.0,119,65.49,66.62,4.83
90210D,0.19,12.21,143,53.29,54.64,5.81
90211A,0.04,0.49,31,2.13,2.42,1.26
90211B,0.05,0.57,39,2.48,2.84,1.58
90212B,0.06,0.76,41,3.34,3.73,1.66
90212C,0.02,0.89,18,3.87,4.04,0.73
90214A,0.3,2.48,219,10.83,12.91,8.89
90214B,0.11,2.45,80,10.68,11.43,3.25
90214C,0.24,2.88,176,12.59,14.26,7.14
90214D,0.14,2.71,103,11.81,12.79,4.18
90214E,0.2,2.53,148,11.06,12.46,6.01
90214F,0.06,2.11,47,9.22,9.67,1.91
90214G,0.14,2.79,104,12.19,13.18,4.22
90214H,0.12,1.69,88,7.37,8.2,3.57
90214I,0.09,3.11,64,13.58,14.18,2.6
90214J,0.22,2.09,162,9.13,10.66,6.58
90214K,0.21,2.25,158,9.84,11.34,6.41
90214L,0.24,3.76,179,16.41,18.11,7.27
90214M,0.2,2.55,146,11.14,12.53,5.93
90214N,0.11,2.25,82,9.82,10.6,3.33
90214O,0.05,2.57,37,11.22,11.57,1.5
90214P,0.11,3.17,80,13.83,14.59,3.25
90214R,0.13,2.25,97,9.83,10.75,3.94
90214S,0.26,2.72,191,11.88,13.69,7.75
90214T,0.08,3.23,57,14.09,14.63,2.31
90214U,0.02,7.78,13,33.96,34.08,0.53
90214V,0.06,2.12,41,9.25,9.64,1.66
90214W,0.03,3.89,19,16.98,17.16,0.77
90214Y,0.09,14.23,69,62.11,62.76,2.8
90214Z,0.04,2.52,32,10.99,11.29,1.3
ADJUST,0.05,0.0,36,0.0,0.34,1.46
BANK CHARGES,0.05,0.0,35,0.0,0.33,1.42
C2,0.37,0.06,273,0.26,2.85,11.08
D,0.27,85.42,196,372.89,374.75,7.96
DCGS0003,0.02,0.0,13,0.0,0.12,0.53
DCGS0058,0.06,0.97,42,4.23,4.63,1.71
DCGS0076,0.02,0.41,18,1.81,1.98,0.73
DCGSSBOY,0.1,4.29,77,18.74,19.47,3.13
DCGSSGIRL,0.12,3.85,92,16.8,17.68,3.73
DOT,1.94,0.0,1436,0.0,13.6,58.29
M,13.6,80.76,10050,352.55,447.75,407.98
PADS,0.02,0.0,17,0.0,0.16,0.69
POST,7.39,2.48,5461,10.82,62.55,221.69
TEST001,0.07,1.67,50,7.28,7.75,2.03
gift_0001_10,0.02,0.27,15,1.17,1.31,0.61
gift_0001_20,0.04,0.27,28,1.19,1.45,1.14
gift_0001_30,0.03,0.0,24,0.0,0.23,0.97
