ds,trend,yhat_lower,yhat_upper,trend_lower,trend_upper,additive_terms,additive_terms_lower,additive_terms_upper,weekly,weekly_lower,weekly_upper,yearly,yearly_lower,yearly_upper,multiplicative_terms,multiplicative_terms_lower,multiplicative_terms_upper,yhat
2009-12-01,25809.786011444823,45998.28978180435,72393.48058946955,25809.786011444823,25809.786011444823,33650.68661042975,33650.68661042975,33650.68661042975,9808.312711143366,9808.312711143366,9808.312711143366,23842.373899286387,23842.373899286387,23842.373899286387,0.0,0.0,0.0,59460.47262187458
2009-12-02,25812.024298285407,41166.80757971175,67380.5213240905,25812.024298285407,25812.024298285407,28853.500707028994,28853.500707028994,28853.500707028994,5272.218302583305,5272.218302583305,5272.218302583305,23581.282404445687,23581.282404445687,23581.282404445687,0.0,0.0,0.0,54665.5250053144
2009-12-03,25814.262585125995,47512.750780186834,74764.12691143186,25814.262585125995,25814.262585125995,34813.96395315012,34813.96395315012,34813.96395315012,11683.959076263547,11683.959076263547,11683.959076263547,23130.00487688658,23130.00487688658,23130.00487688658,0.0,0.0,0.0,60628.22653827612
2009-12-04,25816.50087196658,39062.51766997497,64734.206216484374,25816.50087196658,25816.50087196658,25518.655008111527,25518.655008111527,25518.655008111527,3041.0391225404824,3041.0391225404824,3041.0391225404824,22477.615885571046,22477.615885571046,22477.615885571046,0.0,0.0,0.0,51335.155880078106
2009-12-05,25818.739158807162,9247.943004143617,34516.2310846568,25818.739158807162,25818.739158807162,-4250.906494182131,-4250.906494182131,-4250.906494182131,-25867.655978161623,-25867.655978161623,-25867.655978161623,21616.749483979493,21616.749483979493,21616.749483979493,0.0,0.0,0.0,21567.83266462503
2009-12-06,25820.977445647746,23982.529446817025,50054.45805493981,25820.977445647746,25820.977445647746,11742.851813948015,11742.851813948015,11742.851813948015,-8801.10998141311,-8801.10998141311,-8801.10998141311,20543.961795361127,20543.961795361127,20543.961795361127,0.0,0.0,0.0,37563.82925959576
2009-12-07,25823.215732488334,36706.20070850258,62799.97235963912,25823.215732488334,25823.215732488334,24123.24195659695,24123.24195659695,24123.24195659695,4863.236747080167,4863.236747080167,4863.236747080167,19260.00520951678,19260.00520951678,19260.00520951678,0.0,0.0,0.0,49946.457689085284
2009-12-08,25825.454019328914,40579.318292611846,67331.42063314715,25825.454019328914,25825.454019328914,27578.31711482733,27578.31711482733,27578.31711482733,9808.312711147237,9808.312711147237,9808.312711147237,17770.004403680094,17770.004403680094,17770.004403680094,0.0,0.0,0.0,53403.77113415624
2009-12-09,25827.692306169498,33305.55989895807,60162.29442114689,25827.692306169498,25827.692306169498,21355.74519098653,21355.74519098653,21355.74519098653,5272.21830259469,5272.21830259469,5272.21830259469,16083.526888391843,16083.526888391843,16083.526888391843,0.0,0.0,0.0,47183.43749715603
2009-12-10,25829.93059301008,39146.127442231904,63782.977499060406,25829.93059301008,25829.93059301008,25898.502585355138,25898.502585355138,25898.502585355138,11683.95907625815,11683.95907625815,11683.95907625815,14214.543509096986,14214.543509096986,14214.543509096986,0.0,0.0,0.0,51728.433178365216
2009-12-11,25832.16887985067,28649.43652953178,53705.16625140153,25832.16887985067,25832.16887985067,15222.316355076431,15222.316355076431,15222.316355076431,3041.0391225056587,3041.0391225056587,3041.0391225056587,12181.27723257077,12181.27723257077,12181.27723257077,0.0,0.0,0.0,41054.4852349271
2009-12-12,25834.407166691253,-2549.588942560276,22687.970874726965,25834.407166691253,25834.407166691253,-15861.71444348056,-15861.71444348056,-15861.71444348056,-25867.65597816142,-25867.65597816142,-25867.65597816142,10005.941534680858,10005.941534680858,10005.941534680858,0.0,0.0,0.0,9972.692723210694
2009-12-13,25836.645453531837,11490.302624581964,37502.46547371304,25836.645453531837,25836.645453531837,-1086.7372807083855,-1086.7372807083855,-1086.7372807083855,-8801.109981444379,-8801.109981444379,-8801.109981444379,7714.372700735994,7714.372700735994,7714.372700735994,0.0,0.0,0.0,24749.908172823452
2009-12-14,25838.88374037242,22084.348741886966,48820.126368196936,25838.88374037242,25838.88374037242,10198.800015083209,10198.800015083209,10198.800015083209,4863.23674709226,4863.23674709226,4863.23674709226,5335.563267990948,5335.563267990948,5335.563267990948,0.0,0.0,0.0,36037.683755455626
2009-12-15,25841.12202721301,25075.04465746601,51310.72604416949,25841.12202721301,25841.12202721301,12709.419311652138,12709.419311652138,12709.419311652138,9808.312711135857,9808.312711135857,9808.312711135857,2901.106600516283,2901.106600516283,2901.106600516283,0.0,0.0,0.0,38550.54133886515
2009-12-16,25843.360314053592,18166.02000047873,44604.798670350625,25843.360314053592,25843.360314053592,5716.783413812989,5716.783413812989,5716.783413812989,5272.218302606072,5272.218302606072,5272.218302606072,444.5651112069166,444.5651112069166,444.5651112069166,0.0,0.0,0.0,31560.143727866584
2009-12-17,25845.598600894176,22094.116778641506,49584.2324990032,25845.598600894176,25845.598600894176,9684.735938065793,9684.735938065793,9684.735938065793,11683.95907624989,11683.95907624989,11683.95907624989,-1999.2231381840966,-1999.2231381840966,-1999.2231381840966,0.0,0.0,0.0,35530.33453895997
2009-12-18,25847.83688773476,11582.543818119932,38203.73605410158,25847.83688773476,25847.83688773476,-1353.8437614973968,-1353.8437614973968,-1353.8437614973968,3041.039122543045,3041.039122543045,3041.039122543045,-4394.882884040441,-4394.882884040441,-4394.882884040441,0.0,0.0,0.0,24493.993126237365
2009-12-19,25850.075174575348,-20657.331775139995,6026.666526558091,25850.075174575348,25850.075174575348,-32574.92314084638,-32574.92314084638,-32574.92314084638,-25867.655978150957,-25867.655978150957,-25867.655978150957,-6707.267162695424,-6707.267162695424,-6707.267162695424,0.0,0.0,0.0,-6724.847966271031
2009-12-20,25852.31346141593,-4911.9417887517275,22124.61762070049,25852.31346141593,25852.31346141593,-17703.340908780123,-17703.340908780123,-17703.340908780123,-8801.10998142788,-8801.10998142788,-8801.10998142788,-8902.23092735224,-8902.23092735224,-8902.23092735224,0.0,0.0,0.0,8148.972552635809
2009-12-21,25854.551748256516,6137.91549487952,32518.364544642594,25854.551748256516,25854.551748256516,-6084.156644952606,-6084.156644952606,-6084.156644952606,4863.236747104354,4863.236747104354,4863.236747104354,-10947.393392056962,-10947.393392056962,-10947.393392056962,0.0,0.0,0.0,19770.39510330391
2009-12-22,25856.790035097103,10099.223081565911,36463.86256982147,25856.790035097103,25856.790035097103,-3004.557071728951,-3004.557071728951,-3004.557071728951,9808.31271115014,9808.31271115014,9808.31271115014,-12812.86978287909,-12812.86978287909,-12812.86978287909,0.0,0.0,0.0,22852.23296336815
2009-12-23,25859.028321937687,3958.330783976033,30430.95519124443,25859.028321937687,25859.028321937687,-9199.735460062517,-9199.735460062517,-9199.735460062517,5272.21830258752,5272.21830258752,5272.21830258752,-14471.953762650037,-14471.953762650037,-14471.953762650037,0.0,0.0,0.0,16659.29286187517
2009-12-24,25861.26660877827,8554.573094774714,35265.56322829219,25861.26660877827,25861.26660877827,-4217.77381210696,-4217.77381210696,-4217.77381210696,11683.959076241625,11683.959076241625,11683.959076241625,-15901.732888348584,-15901.732888348584,-15901.732888348584,0.0,0.0,0.0,21643.49279667131
2009-12-25,25863.504895161477,-1124.7663731520895,24837.149669815142,25863.504895161477,25863.504895161477,-14042.581910360725,-14042.581910360725,-14042.581910360725,3041.0391225292396,3041.0391225292396,3041.0391225292396,-17083.621032889965,-17083.621032889965,-17083.621032889965,0.0,0.0,0.0,11820.922984800753
2009-12-26,25865.743181544683,-29682.031735724016,-5048.679195689235,25865.743181544683,25865.743181544683,-43871.449694492156,-43871.449694492156,-43871.449694492156,-25867.655978160357,-25867.655978160357,-25867.655978160357,-18003.793716331802,-18003.793716331802,-18003.793716331802,0.0,0.0,0.0,-18005.706512947472
2009-12-27,25867.981467927886,-14744.348673035376,12370.15538403787,25867.981467927886,25867.981467927886,-27454.624674914314,-27454.624674914314,-27454.624674914314,-8801.109981411382,-8801.109981411382,-8801.109981411382,-18653.514693502933,-18653.514693502933,-18653.514693502933,0.0,0.0,0.0,-1586.6432069864277
2009-12-28,25870.219754311096,124.43533323600602,25591.571975157534,25870.219754311096,25870.219754311096,-14166.108125472212,-14166.108125472212,-14166.108125472212,4863.236747100138,4863.236747100138,4863.236747100138,-19029.34487257235,-19029.34487257235,-19029.34487257235,0.0,0.0,0.0,11704.111628838884
2009-12-29,25872.4580406943,2930.1781394183354,29895.570077446475,25872.4580406943,25872.4580406943,-9324.914909023611,-9324.914909023611,-9324.914909023611,9808.312711154013,9808.312711154013,9808.312711154013,-19133.227620177622,-19133.227620177622,-19133.227620177622,0.0,0.0,0.0,16547.54313167069
2009-12-30,25874.696327077505,-1144.26998784331,24612.337373279628,25874.696327077505,25874.696327077505,-13700.229361228423,-13700.229361228423,-13700.229361228423,5272.218302586321,5272.218302586321,5272.218302586321,-18972.447663814746,-18972.447663814746,-18972.447663814746,0.0,0.0,0.0,12174.466965849082
2009-12-31,25876.934613460708,6084.24714630524,32246.106263273115,25876.934613460708,25876.934613460708,-6875.5049704076055,-6875.5049704076055,-6875.5049704076055,11683.95907623623,11683.95907623623,11683.95907623623,-18559.464046643836,-18559.464046643836,-18559.464046643836,0.0,0.0,0.0,19001.429643053103
2010-01-01,25879.172899843918,-1386.6953288127183,24493.653392261254,25879.172899843918,25879.172899843918,-14870.581713746955,-14870.581713746955,-14870.581713746955,3041.0391225154335,3041.0391225154335,3041.0391225154335,-17911.62083626239,-17911.62083626239,-17911.62083626239,0.0,0.0,0.0,11008.591186096963
2010-01-02,25881.41118622712,-29987.445206612898,-4723.880053318294,25881.41118622712,25881.41118622712,-42918.39842786659,-42918.39842786659,-42918.39842786659,-25867.655978160154,-25867.655978160154,-25867.655978160154,-17050.742449706435,-17050.742449706435,-17050.742449706435,0.0,0.0,0.0,-17036.98724163947
2010-01-03,25883.649472610326,-12068.361204787429,13936.396869400523,25883.649472610326,25883.649472610326,-24803.733427572883,-24803.733427572883,-24803.733427572883,-8801.109981490423,-8801.109981490423,-8801.109981490423,-16002.623446082463,-16002.623446082463,-16002.623446082463,0.0,0.0,0.0,1079.9160450374438
2010-01-04,25885.887758993536,2573.9103988816523,29018.161768995873,25885.887758993536,25885.887758993536,-9933.188627710766,-9933.188627710766,-9933.188627710766,4863.236747089152,4863.236747089152,4863.236747089152,-14796.425374799917,-14796.425374799917,-14796.425374799917,0.0,0.0,0.0,15952.69913128277
2010-01-05,25888.12604537674,9221.18445588992,35553.85898810039,25888.12604537674,25888.12604537674,-3655.682965627151,-3655.682965627151,-3655.682965627151,9808.31271114263,9808.31271114263,9808.31271114263,-13463.99567676978,-13463.99567676978,-13463.99567676978,0.0,0.0,0.0,22232.443079749588
2010-01-06,25890.364331759945,5539.177027110844,32094.91124867031,25890.364331759945,25890.364331759945,-6766.907349864817,-6766.907349864817,-6766.907349864817,5272.218302597705,5272.218302597705,5272.218302597705,-12039.125652462522,-12039.125652462522,-12039.125652462522,0.0,0.0,0.0,19123.456981895128
2010-01-07,25892.602618143148,14122.18231064879,40469.77660701163,25892.602618143148,25892.602618143148,1127.1929968303552,1127.1929968303552,1127.1929968303552,11683.959076259112,11683.959076259112,11683.959076259112,-10556.766079428757,-10556.766079428757,-10556.766079428757,0.0,0.0,0.0,27019.795614973504
2010-01-08,25894.840904526358,6698.087103505681,33058.061072053555,25894.840904526358,25894.840904526358,-6011.181017501074,-6011.181017501074,-6011.181017501074,3041.0391224806094,3041.0391224806094,3041.0391224806094,-9052.220139981684,-9052.220139981684,-9052.220139981684,0.0,0.0,0.0,19883.659887025286
2010-01-09,25897.07919090956,-19582.97534243152,5482.627253203685,25897.07919090956,25897.07919090956,-33427.98985576141,-33427.98985576141,-33427.98985576141,-25867.65597814969,-25867.65597814969,-25867.65597814969,-7560.333877611715,-7560.333877611715,-7560.333877611715,0.0,0.0,0.0,-7530.910664851846
2010-01-10,25899.317477292767,-2176.004041979131,23782.13368363572,25899.317477292767,25899.317477292767,-14915.814404798413,-14915.814404798413,-14915.814404798413,-8801.109981473921,-8801.109981473921,-8801.109981473921,-6114.704423324492,-6114.704423324492,-6114.704423324492,0.0,0.0,0.0,10983.503072494354
2010-01-11,25901.555763675973,13432.829025211153,39645.05385026034,25901.555763675973,25901.555763675973,116.31102719999001,116.31102719999001,116.31102719999001,4863.236747101247,4863.236747101247,4863.236747101247,-4746.925719901257,-4746.925719901257,-4746.925719901257,0.0,0.0,0.0,26017.866790875963
2010-01-12,25903.79405005918,19047.23737039454,44845.63050416614,25903.79405005918,25903.79405005918,6322.422273985584,6322.422273985584,6322.422273985584,9808.312711131246,9808.312711131246,9808.312711131246,-3485.8904371456633,-3485.8904371456633,-3485.8904371456633,0.0,0.0,0.0,32226.216324044763
2010-01-13,25906.032336442382,16023.455629465521,42925.09741596995,25906.032336442382,25906.032336442382,2915.053059696547,2915.053059696547,2915.053059696547,5272.218302579155,5272.218302579155,5272.218302579155,-2357.165242882608,-2357.165242882608,-2357.165242882608,0.0,0.0,0.0,28821.08539613893
2010-01-14,25908.27062282559,23048.076041924138,49259.448367123114,25908.27062282559,25908.27062282559,10301.504461192608,10301.504461192608,10301.504461192608,11683.959076250847,11683.959076250847,11683.959076250847,-1382.4546150582373,-1382.4546150582373,-1382.4546150582373,0.0,0.0,0.0,36209.7750840182
2010-01-15,25910.508909208795,15519.018558100543,42026.895270606205,25910.508909208795,25910.508909208795,2461.8731188878583,2461.8731188878583,2461.8731188878583,3041.039122517995,3041.039122517995,3041.039122517995,-579.1660036301367,-579.1660036301367,-579.1660036301367,0.0,0.0,0.0,28372.382028096654
2010-01-16,25912.74719493763,-12563.964306341459,13468.185224512466,25912.74719493763,25912.74719493763,-25827.74242066334,-25827.74242066334,-25827.74242066334,-25867.655978159084,-25867.655978159084,-25867.655978159084,39.913557495749174,39.913557495749174,39.913557495749174,0.0,0.0,0.0,85.00477427428996
2010-01-17,25914.98548066647,4566.400045164571,31107.03908363968,25914.98548066647,25914.98548066647,-8334.287726875888,-8334.287726875888,-8334.287726875888,-8801.109981457423,-8801.109981457423,-8801.109981457423,466.8222545815357,466.8222545815357,466.8222545815357,0.0,0.0,0.0,17580.697753790584
2010-01-18,25917.22376639531,19276.190038175067,45307.9813749233,25917.22376639531,25917.22376639531,5561.742470363684,5561.742470363684,5561.742470363684,4863.236747097031,4863.236747097031,4863.236747097031,698.5057232666528,698.5057232666528,698.5057232666528,0.0,0.0,0.0,31478.96623675899
2010-01-19,25919.462052124145,22910.73724569734,49857.9874919769,25919.462052124145,25919.462052124145,10545.088657026463,10545.088657026463,10545.088657026463,9808.312711145532,9808.312711145532,9808.312711145532,736.7759458809327,736.7759458809327,736.7759458809327,0.0,0.0,0.0,36464.55070915061
2010-01-20,25921.700337852984,18517.171910917357,45354.06268214561,25921.700337852984,25921.700337852984,5860.367599342764,5860.367599342764,5860.367599342764,5272.218302595307,5272.218302595307,5272.218302595307,588.1492967474575,588.1492967474575,588.1492967474575,0.0,0.0,0.0,31782.06793719575
2010-01-21,25923.938623581824,25405.217243865638,51410.982444266665,25923.938623581824,25923.938623581824,11947.528443379062,11947.528443379062,11947.528443379062,11683.959076245452,11683.959076245452,11683.959076245452,263.5693671336105,263.5693671336105,263.5693671336105,0.0,0.0,0.0,37871.46706696089
2010-01-22,25926.176909310663,15292.548699508285,42048.17538098365,25926.176909310663,25926.176909310663,2819.0623055291,2819.0623055291,2819.0623055291,3041.0391225041903,3041.0391225041903,3041.0391225041903,-221.97681697509037,-221.97681697509037,-221.97681697509037,0.0,0.0,0.0,28745.239214839763
2010-01-23,25928.415195039503,-14708.583426660342,12185.52169856891,25928.415195039503,25928.415195039503,-26717.593818515514,-26717.593818515514,-26717.593818515514,-25867.65597816848,-25867.65597816848,-25867.65597816848,-849.9378403470306,-849.9378403470306,-849.9378403470306,0.0,0.0,0.0,-789.1786234760111
2010-01-24,25930.65348076834,1740.2283665800742,28534.65114910763,25930.65348076834,25930.65348076834,-10399.868437757445,-10399.868437757445,-10399.868437757445,-8801.1099814372,-8801.1099814372,-8801.1099814372,-1598.7584563202463,-1598.7584563202463,-1598.7584563202463,0.0,0.0,0.0,15530.785043010894
2010-01-25,25932.891766497178,15239.327373759868,40992.372721077336,25932.891766497178,25932.891766497178,2418.730860054355,2418.730860054355,2418.730860054355,4863.2367470860445,4863.2367470860445,4863.2367470860445,-2444.50588703169,-2444.50588703169,-2444.50588703169,0.0,0.0,0.0,28351.622626551532
2010-01-26,25935.130052226017,18035.929147853476,45819.34768190055,25935.130052226017,25935.130052226017,6446.768193385165,6446.768193385165,6446.768193385165,9808.312711149405,9808.312711149405,9808.312711149405,-3361.5445177642396,-3361.5445177642396,-3361.5445177642396,0.0,0.0,0.0,32381.898245611184
2010-01-27,25937.368337954857,13399.425179327694,38641.48640429875,25937.368337954857,25937.368337954857,948.9777622518722,948.9777622518722,948.9777622518722,5272.218302606692,5272.218302606692,5272.218302606692,-4323.24054035482,-4323.24054035482,-4323.24054035482,0.0,0.0,0.0,26886.346100206727
2010-01-28,25939.606623683692,18901.389813864098,45784.185705994954,25939.606623683692,25939.606623683692,6381.2815639723385,6381.2815639723385,6381.2815639723385,11683.959076240057,11683.959076240057,11683.959076240057,-5302.677512267717,-5302.677512267717,-5302.677512267717,0.0,0.0,0.0,32320.88818765603
2010-01-29,25941.844909412528,8981.426852243976,36061.41428322896,25941.844909412528,25941.844909412528,-3232.3246085398755,-3232.3246085398755,-3232.3246085398755,3041.0391224693653,3041.0391224693653,3041.0391224693653,-6273.363731009241,-6273.363731009241,-6273.363731009241,0.0,0.0,0.0,22709.520300872653
2010-01-30,25944.083195141367,-20568.186792281427,6620.455454083083,25944.083195141367,25944.083195141367,-33077.568754723565,-33077.568754723565,-33077.568754723565,-25867.655978138166,-25867.655978138166,-25867.655978138166,-7209.912776585398,-7209.912776585398,-7209.912776585398,0.0,0.0,0.0,-7133.485559582197
2010-01-31,25946.321480870207,-4228.219355892478,22890.123293291916,25946.321480870207,25946.321480870207,-16889.789512821655,-16889.789512821655,-16889.789512821655,-8801.109981468466,-8801.109981468466,-8801.109981468466,-8088.679531353186,-8088.679531353186,-8088.679531353186,0.0,0.0,0.0,9056.531968048552
2010-02-01,25948.559766599046,9413.555351204914,35482.65433935711,25948.559766599046,25948.559766599046,-4025.0986700512753,-4025.0986700512753,-4025.0986700512753,4863.236747098139,4863.236747098139,4863.236747098139,-8888.335417149414,-8888.335417149414,-8888.335417149414,0.0,0.0,0.0,21923.46109654777
2010-02-02,25950.798052327886,13779.302345545411,39144.92657265715,25950.798052327886,25950.798052327886,217.94426000429985,217.94426000429985,217.94426000429985,9808.312711138022,9808.312711138022,9808.312711138022,-9590.368451133721,-9590.368451133721,-9590.368451133721,0.0,0.0,0.0,26168.742312332186
2010-02-03,25953.03633805672,6866.252236783332,33627.61865112633,25953.03633805672,25953.03633805672,-4907.277656713841,-4907.277656713841,-4907.277656713841,5272.21830258814,5272.21830258814,5272.21830258814,-10179.495959301981,-10179.495959301981,-10179.495959301981,0.0,0.0,0.0,21045.75868134288
2010-02-04,25955.27462378556,14101.881221388305,40322.614118214166,25955.27462378556,25955.27462378556,1039.9787405754216,1039.9787405754216,1039.9787405754216,11683.95907626294,11683.95907626294,11683.95907626294,-10643.980335687518,-10643.980335687518,-10643.980335687518,0.0,0.0,0.0,26995.253364360982
2010-02-05,25957.5129095144,5014.310230510996,30807.40856659719,25957.5129095144,25957.5129095144,-7934.801899802962,-7934.801899802962,-7934.801899802962,3041.0391225067524,3041.0391225067524,3041.0391225067524,-10975.841022309714,-10975.841022309714,-10975.841022309714,0.0,0.0,0.0,18022.71100971144
2010-02-06,25959.75119524324,-24507.491809774976,2966.124757128378,25959.75119524324,25959.75119524324,-37038.61480910001,-37038.61480910001,-37038.61480910001,-25867.655978147563,-25867.655978147563,-25867.655978147563,-11170.958830952446,-11170.958830952446,-11170.958830952446,0.0,0.0,0.0,-11078.863613856767
2010-02-07,25961.98948097208,-6901.831100596888,18557.44279931426,25961.98948097208,25961.98948097208,-20030.181730658707,-20030.181730658707,-20030.181730658707,-8801.109981451968,-8801.109981451968,-8801.109981451968,-11229.071749206743,-11229.071749206743,-11229.071749206743,0.0,0.0,0.0,5931.807750313372
2010-02-08,25964.227766134496,6858.25303225415,32785.21769976439,25964.227766134496,25964.227766134496,-6290.427638199516,-6290.427638199516,-6290.427638199516,4863.236747110234,4863.236747110234,4863.236747110234,-11153.66438530975,-11153.66438530975,-11153.66438530975,0.0,0.0,0.0,19673.80012793498
2010-02-09,25966.466051296917,11232.729874349108,37947.13095184849,25966.466051296917,25966.466051296917,-1143.4434138500467,-1143.4434138500467,-1143.4434138500467,9808.312711152306,9808.312711152306,9808.312711152306,-10951.756125002354,-10951.756125002354,-10951.756125002354,0.0,0.0,0.0,24823.02263744687
2010-02-10,25968.704336459334,7135.477824928943,34042.6800245868,25968.704336459334,25968.704336459334,-5361.377515363967,-5361.377515363967,-5361.377515363967,5272.218302586943,5272.218302586943,5272.218302586943,-10633.595817950909,-10633.595817950909,-10633.595817950909,0.0,0.0,0.0,20607.32682109537
2010-02-11,25970.942621621754,15545.92702266572,41410.396974033094,25970.942621621754,25970.942621621754,1471.6857701412412,1471.6857701412412,1471.6857701412412,11683.959076254676,11683.959076254676,11683.959076254676,-10212.273306113433,-10212.273306113433,-10212.273306113433,0.0,0.0,0.0,27442.628391762995
2010-02-12,25973.180906784175,6760.209850800486,33090.34977132187,25973.180906784175,25973.180906784175,-6662.221161159707,-6662.221161159707,-6662.221161159707,3041.039122492947,3041.039122492947,3041.039122492947,-9703.260283652655,-9703.260283652655,-9703.260283652655,0.0,0.0,0.0,19310.959745624466
2010-02-13,25975.419191946596,-21842.40638783922,2943.5410412885644,25975.419191946596,25975.419191946596,-34991.550757587334,-34991.550757587334,-34991.550757587334,-25867.655978156956,-25867.655978156956,-25867.655978156956,-9123.89477943038,-9123.89477943038,-9123.89477943038,0.0,0.0,0.0,-9016.131565640739
2010-02-14,25977.657477109013,-4706.190528959443,22522.52506316078,25977.657477109013,25977.657477109013,-17293.93491275144,-17293.93491275144,-17293.93491275144,-8801.109981431746,-8801.109981431746,-8801.109981431746,-8492.824931319692,-8492.824931319692,-8492.824931319692,0.0,0.0,0.0,8683.722564357573
2010-02-15,25979.895762271433,10217.937370529255,36565.17083862428,25979.895762271433,25979.895762271433,-2966.191894382228,-2966.191894382228,-2966.191894382228,4863.236747106015,4863.236747106015,4863.236747106015,-7829.4286414882445,-7829.4286414882445,-7829.4286414882445,0.0,0.0,0.0,23013.703867889206
2010-02-16,25982.13404743385,14824.123480233182,41004.93699583791,25982.13404743385,25982.13404743385,2655.086569472803,2655.086569472803,2655.086569472803,9808.312711145765,9808.312711145765,9808.312711145765,-7153.226141672962,-7153.226141672962,-7153.226141672962,0.0,0.0,0.0,28637.220616906652
2010-02-17,25984.372332596275,11265.62450517342,36889.144368067915,25984.372332596275,25984.372332596275,-1211.0841466250251,-1211.0841466250251,-1211.0841466250251,5272.218302598327,5272.218302598327,5272.218302598327,-6483.302449223352,-6483.302449223352,-6483.302449223352,0.0,0.0,0.0,24773.28818597125
2010-02-18,25986.61061775869,18683.53229804279,44908.373360826925,25986.61061775869,25986.61061775869,5846.202911952942,5846.202911952942,5846.202911952942,11683.959076249279,11683.959076249279,11683.959076249279,-5837.756164296338,-5837.756164296338,-5837.756164296338,0.0,0.0,0.0,31832.81352971163
2010-02-19,25988.848902921112,10284.913607379858,37017.865954420355,25988.848902921112,25988.848902921112,-2192.1509429859566,-2192.1509429859566,-2192.1509429859566,3041.039122479142,3041.039122479142,3041.039122479142,-5233.190065465098,-5233.190065465098,-5233.190065465098,0.0,0.0,0.0,23796.697959935154
2010-02-20,25991.08718808353,-17616.53744778552,9363.055272913894,25991.08718808353,25991.08718808353,-30551.91351605014,-30551.91351605014,-30551.91351605014,-25867.655978156756,-25867.655978156756,-25867.655978156756,-4684.257537893385,-4684.257537893385,-4684.257537893385,0.0,0.0,0.0,-4560.82632796661
2010-02-21,25993.32547324595,-456.71857692903995,26234.726826936578,25993.32547324595,25993.32547324595,-13004.387041128793,-13004.387041128793,-13004.387041128793,-8801.109981463012,-8801.109981463012,-8801.109981463012,-4203.27705966578,-4203.27705966578,-4203.27705966578,0.0,0.0,0.0,12988.938432117156
2010-02-22,25995.56375840837,14030.922092728733,39835.35671203873,25995.56375840837,25995.56375840837,1063.311914005634,1063.311914005634,1063.311914005634,4863.236747095031,4863.236747095031,4863.236747095031,-3799.9248330893975,-3799.9248330893975,-3799.9248330893975,0.0,0.0,0.0,27058.875672414004
2010-02-23,25997.80204357079,19305.619177600798,45981.69107493828,25997.80204357079,25997.80204357079,6327.299468003738,6327.299468003738,6327.299468003738,9808.312711134384,9808.312711134384,9808.312711134384,-3481.013243130646,-3481.013243130646,-3481.013243130646,0.0,0.0,0.0,32325.10151157453
2010-02-24,26000.04032873321,14778.923936467401,41000.22278474746,26000.04032873321,26000.04032873321,2021.8580765939812,2021.8580765939812,2021.8580765939812,5272.218302609711,5272.218302609711,5272.218302609711,-3250.3602260157286,-3250.3602260157286,-3250.3602260157286,0.0,0.0,0.0,28021.89840532719
2010-02-25,26002.27861389563,21497.26331843957,48373.705863416886,26002.27861389563,26002.27861389563,8575.207162385674,8575.207162385674,8575.207162385674,11683.959076272162,11683.959076272162,11683.959076272162,-3108.7519138864886,-3108.7519138864886,-3108.7519138864886,0.0,0.0,0.0,34577.485776281304
2010-02-26,26004.516899058046,12661.771144914634,38659.68611767803,26004.516899058046,26004.516899058046,-12.959042948174858,-12.959042948174858,-12.959042948174858,3041.0391224443165,3041.0391224443165,3041.0391224443165,-3053.9981653924915,-3053.9981653924915,-3053.9981653924915,0.0,0.0,0.0,25991.55785610987
2010-02-27,26006.75518422047,-17100.386273913784,10075.420047413136,26006.75518422047,26006.75518422047,-28948.733855300794,-28948.733855300794,-28948.733855300794,-25867.655978146293,-25867.655978146293,-25867.655978146293,-3081.077877154499,-3081.077877154499,-3081.077877154499,0.0,0.0,0.0,-2941.9786710803237
2010-02-28,26008.993469382887,1005.0866241636943,26557.959219892244,26008.993469382887,26008.993469382887,-11983.478356463711,-11983.478356463711,-11983.478356463711,-8801.109981446514,-8801.109981446514,-8801.109981446514,-3182.3683750171986,-3182.3683750171986,-3182.3683750171986,0.0,0.0,0.0,14025.515112919176
2010-03-01,26011.231754545308,14676.86640402456,40858.16125603536,26011.231754545308,26011.231754545308,1515.285966224824,1515.285966224824,1515.285966224824,4863.236747107126,4863.236747107126,4863.236747107126,-3347.9507808823014,-3347.9507808823014,-3347.9507808823014,0.0,0.0,0.0,27526.51772077013
2010-03-02,26013.470039707725,19192.15792349998,45822.91948375381,26013.470039707725,26013.470039707725,6242.331602469409,6242.331602469409,6242.331602469409,9808.312711148666,9808.312711148666,9808.312711148666,-3565.9811086792583,-3565.9811086792583,-3565.9811086792583,0.0,0.0,0.0,32255.80164217713
2010-03-03,26015.708020740374,14037.54801353834,39739.52786814097,26015.708020740374,26015.708020740374,1449.103281266663,1449.103281266663,1449.103281266663,5272.218302591156,5272.218302591156,5272.218302591156,-3823.1150213244932,-3823.1150213244932,-3823.1150213244932,0.0,0.0,0.0,27464.811302007038
2010-03-04,26017.946001773016,19620.17959926675,47425.93586153108,26017.946001773016,26017.946001773016,7578.986346688182,7578.986346688182,7578.986346688182,11683.959076263898,11683.959076263898,11683.959076263898,-4104.972729575716,-4104.972729575716,-4104.972729575716,0.0,0.0,0.0,33596.932348461196
2010-03-05,26020.18398280566,11790.752094615838,37779.85211170884,26020.18398280566,26020.18398280566,-1355.5903500611707,-1355.5903500611707,-1355.5903500611707,3041.0391225539142,3041.0391225539142,3041.0391225539142,-4396.629472615085,-4396.629472615085,-4396.629472615085,0.0,0.0,0.0,24664.59363274449
2010-03-06,26022.421963838307,-18500.448263466467,8329.089717769733,26022.421963838307,26022.421963838307,-30550.77239378132,-30550.77239378132,-30550.77239378132,-25867.65597815569,-25867.65597815569,-25867.65597815569,-4683.116415625632,-4683.116415625632,-4683.116415625632,0.0,0.0,0.0,-4528.350429943013
2010-03-07,26024.659944870953,-1737.2549366532305,25107.365798661063,26024.659944870953,26024.659944870953,-13751.02662731828,-13751.02662731828,-13751.02662731828,-8801.109981430012,-8801.109981430012,-8801.109981430012,-4949.916645888266,-4949.916645888266,-4949.916645888266,0.0,0.0,0.0,12273.633317552672
2010-03-08,26026.897925903595,14310.531484018342,39387.22960653186,26026.897925903595,26026.897925903595,-320.2044996219162,-320.2044996219162,-320.2044996219162,4863.236747102909,4863.236747102909,4863.236747102909,-5183.441246724826,-5183.441246724826,-5183.441246724826,0.0,0.0,0.0,25706.69342628168
2010-03-09,26029.135906936244,17251.27180844359,43449.889303918084,26029.135906936244,26029.135906936244,4436.8415455006925,4436.8415455006925,4436.8415455006925,9808.31271115254,9808.31271115254,9808.31271115254,-5371.471165651847,-5371.471165651847,-5371.471165651847,0.0,0.0,0.0,30465.977452436935
2010-03-10,26031.373887968886,11819.636550586958,38958.57998868928,26031.373887968886,26031.373887968886,-231.3334420765708,-231.3334420765708,-231.3334420765708,5272.2183025899585,5272.2183025899585,5272.2183025899585,-5503.55174466653,-5503.55174466653,-5503.55174466653,0.0,0.0,0.0,25800.040445892315
2010-03-11,26033.611869001536,18852.169310715853,45075.043783989546,26033.611869001536,26033.611869001536,6112.630766699846,6112.630766699846,6112.630766699846,11683.959076258501,11683.959076258501,11683.959076258501,-5571.328309558656,-5571.328309558656,-5571.328309558656,0.0,0.0,0.0,32146.242635701383
2010-03-12,26035.849850034178,10238.520982317767,36957.93598975516,26035.849850034178,26035.849850034178,-2527.7739517367186,-2527.7739517367186,-2527.7739517367186,3041.0391225401113,3041.0391225401113,3041.0391225401113,-5568.81307427683,-5568.81307427683,-5568.81307427683,0.0,0.0,0.0,23508.07589829746
2010-03-13,26038.087831066823,-18136.970224418084,8596.020627944394,26038.087831066823,26038.087831066823,-31360.231726754653,-31360.231726754653,-31360.231726754653,-25867.655978155486,-25867.655978155486,-25867.655978155486,-5492.575748599168,-5492.575748599168,-5492.575748599168,0.0,0.0,0.0,-5322.14389568783
2010-03-14,26040.32581209947,-2031.4603767237813,24993.019193857046,26040.32581209947,26040.32581209947,-14142.96255978336,-14142.96255978336,-14142.96255978336,-8801.10998140979,-8801.10998140979,-8801.10998140979,-5341.852578373572,-5341.852578373572,-5341.852578373572,0.0,0.0,0.0,11897.363252316109
2010-03-15,26042.563793132114,12393.708970735603,38291.410554201015,26042.563793132114,26042.563793132114,-255.3342801942627,-255.3342801942627,-255.3342801942627,4863.236747085157,4863.236747085157,4863.236747085157,-5118.571027279419,-5118.571027279419,-5118.571027279419,0.0,0.0,0.0,25787.22951293785
2010-03-16,26044.801774164756,18502.980142071166,44226.71034374221,26044.801774164756,26044.801774164756,4981.022857453539,4981.022857453539,4981.022857453539,9808.31271114116,9808.31271114116,9808.31271114116,-4827.28985368762,-4827.28985368762,-4827.28985368762,0.0,0.0,0.0,31025.824631618296
2010-03-17,26047.039755197406,13707.893907846863,39657.80336305824,26047.039755197406,26047.039755197406,797.1614318383613,797.1614318383613,797.1614318383613,5272.218302601343,5272.218302601343,5272.218302601343,-4475.056870762981,-4475.056870762981,-4475.056870762981,0.0,0.0,0.0,26844.201187035767
2010-03-18,26049.277736230048,20162.343651895895,47107.23248405721,26049.277736230048,26049.277736230048,7612.769948326193,7612.769948326193,7612.769948326193,11683.959076253106,11683.959076253106,11683.959076253106,-4071.1891279269144,-4071.1891279269144,-4071.1891279269144,0.0,0.0,0.0,33662.04768455624
2010-03-19,26051.515717262697,13520.267016369537,37585.51449988431,26051.515717262697,26051.515717262697,-585.9434235052322,-585.9434235052322,-585.9434235052322,3041.0391225052845,3041.0391225052845,3041.0391225052845,-3626.9825460105167,-3626.9825460105167,-3626.9825460105167,0.0,0.0,0.0,25465.572293757465
2010-03-20,26053.75369829534,-16162.311253072097,9885.859218932992,26053.75369829534,26053.75369829534,-29023.016088329347,-29023.016088329347,-29023.016088329347,-25867.65597814503,-25867.65597814503,-25867.65597814503,-3155.3601101843205,-3155.3601101843205,-3155.3601101843205,0.0,0.0,0.0,-2969.2623900340077
2010-03-21,26055.991679327984,1556.605344926966,27916.2408113716,26055.991679327984,26055.991679327984,-11471.579496241393,-11471.579496241393,-11471.579496241393,-8801.10998144106,-8801.10998144106,-8801.10998144106,-2670.4695148003316,-2670.4695148003316,-2670.4695148003316,0.0,0.0,0.0,14584.412183086592
2010-03-22,26058.22966036063,15793.810831744608,41296.11468430065,26058.22966036063,26058.22966036063,2675.9941356187996,2675.9941356187996,2675.9941356187996,4863.236747097249,4863.236747097249,4863.236747097249,-2187.2426114784485,-2187.2426114784485,-2187.2426114784485,0.0,0.0,0.0,28734.22379597943
2010-03-23,26060.467641393276,20473.681749116746,47731.96299075439,26060.467641393276,26060.467641393276,8087.38261579536,8087.38261579536,8087.38261579536,9808.312711129778,9808.312711129778,9808.312711129778,-1720.9300953344186,-1720.9300953344186,-1720.9300953344186,0.0,0.0,0.0,34147.850257188635
2010-03-24,26062.70562242592,17486.94689389402,43950.57402939915,26062.70562242592,26062.70562242592,3985.5927580193156,3985.5927580193156,3985.5927580193156,5272.218302582792,5272.218302582792,5272.218302582792,-1286.6255445634754,-1286.6255445634754,-1286.6255445634754,0.0,0.0,0.0,30048.298380445238
2010-03-25,26064.94360263178,24357.383909665135,49094.129136640324,26064.94360263178,26064.94360263178,10785.165888578907,10785.165888578907,10785.165888578907,11683.959076275989,11683.959076275989,11683.959076275989,-898.7931876970807,-898.7931876970807,-898.7931876970807,0.0,0.0,0.0,36850.10949121069
2010-03-26,26067.181582837642,16079.288645727247,41572.26817604917,26067.181582837642,26067.181582837642,2470.225516863569,2470.225516863569,2470.225516863569,3041.0391225426724,3041.0391225426724,3041.0391225426724,-570.8136056791034,-570.8136056791034,-570.8136056791034,0.0,0.0,0.0,28537.40709970121
2010-03-27,26069.419563043502,-12749.945649466154,13001.457684466763,26069.419563043502,26069.419563043502,-26182.216967778688,-26182.216967778688,-26182.216967778688,-25867.655978154424,-25867.655978154424,-25867.655978154424,-314.56098962426597,-314.56098962426597,-314.56098962426597,0.0,0.0,0.0,-112.79740473518541
2010-03-28,26071.657543249363,3130.827081674466,29726.651302674247,26071.657543249363,26071.657543249363,-8941.134570510781,-8941.134570510781,-8941.134570510781,-8801.10998142456,-8801.10998142456,-8801.10998142456,-140.0245890862206,-140.0245890862206,-140.0245890862206,0.0,0.0,0.0,17130.52297273858
2010-03-29,26073.895523455223,17668.979075728672,43838.176970480075,26073.895523455223,26073.895523455223,4808.251115953636,4808.251115953636,4808.251115953636,4863.236747093034,4863.236747093034,4863.236747093034,-54.98563113939831,-54.98563113939831,-54.98563113939831,0.0,0.0,0.0,30882.14663940886
2010-03-30,26076.133503661084,22874.132666943533,48554.95738187517,26076.133503661084,26076.133503661084,9743.553402001002,9743.553402001002,9743.553402001002,9808.312711144063,9808.312711144063,9808.312711144063,-64.75930914306105,-64.75930914306105,-64.75930914306105,0.0,0.0,0.0,35819.686905662085
2010-03-31,26078.371483866944,17821.876850169276,45497.42516113457,26078.371483866944,26078.371483866944,5100.208819726193,5100.208819726193,5100.208819726193,5272.218302581593,5272.218302581593,5272.218302581593,-172.009482855401,-172.009482855401,-172.009482855401,0.0,0.0,0.0,31178.58030359314
2010-04-01,26080.609464072804,24164.627093407234,51854.59312644569,26080.609464072804,26080.609464072804,11307.317518802192,11307.317518802192,11307.317518802192,11683.959076236579,11683.959076236579,11683.959076236579,-376.6415574343867,-376.6415574343867,-376.6415574343867,0.0,0.0,0.0,37387.926982875
2010-04-02,26082.847444278665,14509.236333812898,41812.476824503545,26082.847444278665,26082.847444278665,2365.2624396502188,2365.2624396502188,2365.2624396502188,3041.039122528866,3041.039122528866,3041.039122528866,-675.7766828786473,-675.7766828786473,-675.7766828786473,0.0,0.0,0.0,28448.109883928882
2010-04-03,26085.085424484525,-14154.118341632475,12550.128157589395,26085.085424484525,26085.085424484525,-26931.463984614253,-26931.463984614253,-26931.463984614253,-25867.655978163817,-25867.655978163817,-25867.655978163817,-1063.808006450434,-1063.808006450434,-1063.808006450434,0.0,0.0,0.0,-846.3785601297277
2010-04-04,26087.323404690385,1927.8969253733756,29102.853428602724,26087.323404690385,26087.323404690385,-10333.647271452724,-10333.647271452724,-10333.647271452724,-8801.109981404337,-8801.109981404337,-8801.109981404337,-1532.5372900483887,-1532.5372900483887,-1532.5372900483887,0.0,0.0,0.0,15753.67613323766
2010-04-05,26089.561384896246,15839.19889294409,41827.97214650531,26089.561384896246,26089.561384896246,2791.8489039042443,2791.8489039042443,2791.8489039042443,4863.236747082046,4863.236747082046,4863.236747082046,-2071.3878431778026,-2071.3878431778026,-2071.3878431778026,0.0,0.0,0.0,28881.41028880049
2010-04-06,26091.799365102106,19859.482295398826,47277.09898329051,26091.799365102106,26091.799365102106,7140.625221794744,7140.625221794744,7140.625221794744,9808.312711147932,9808.312711147932,9808.312711147932,-2667.687489353187,-2667.687489353187,-2667.687489353187,0.0,0.0,0.0,33232.42458689685
2010-04-07,26094.037345307966,15017.415126561838,41048.95694927869,26094.037345307966,26094.037345307966,1965.2050583588446,1965.2050583588446,1965.2050583588446,5272.218302592977,5272.218302592977,5272.218302592977,-3307.013244234133,-3307.013244234133,-3307.013244234133,0.0,0.0,0.0,28059.242403666813
2010-04-08,26096.27532551383,21130.31236769491,47374.444031899155,26096.27532551383,26096.27532551383,7710.371479626315,7710.371479626315,7710.371479626315,11683.959076231182,11683.959076231182,11683.959076231182,-3973.587596604867,-3973.587596604867,-3973.587596604867,0.0,0.0,0.0,33806.646805140146
2010-04-09,26098.513305719687,10912.5905948827,36230.749251330904,26098.513305719687,26098.513305719687,-1609.6756770254726,-1609.6756770254726,-1609.6756770254726,3041.039122494042,3041.039122494042,3041.039122494042,-4650.714799519515,-4650.714799519515,-4650.714799519515,0.0,0.0,0.0,24488.837628694215
2010-04-10,26100.751285925548,-18333.10468544695,7757.429284049652,26100.751285925548,26100.751285925548,-31188.900418980797,-31188.900418980797,-31188.900418980797,-25867.655978163613,-25867.655978163613,-25867.655978163613,-5321.2444408171805,-5321.2444408171805,-5321.2444408171805,0.0,0.0,0.0,-5088.149133055249
2010-04-11,26102.989266131408,-1676.135231566775,23976.6560837336,26102.989266131408,26102.989266131408,-14769.15878286701,-14769.15878286701,-14769.15878286701,-8801.109981435608,-8801.109981435608,-8801.109981435608,-5968.048801431407,-5968.048801431407,-5968.048801431407,0.0,0.0,0.0,11333.830483264397
2010-04-12,26105.227246337272,12291.098369111127,37689.109036593494,26105.227246337272,26105.227246337272,-1711.2633998597466,-1711.2633998597466,-1711.2633998597466,4863.236747094142,4863.236747094142,4863.236747094142,-6574.500146953888,-6574.500146953888,-6574.500146953888,0.0,0.0,0.0,24393.963846477527
2010-04-13,26107.465226543132,15825.064106640864,42078.42926942688,26107.465226543132,26107.465226543132,2683.3785694251214,2683.3785694251214,2683.3785694251214,9808.312711136548,9808.312711136548,9808.312711136548,-7124.934141711428,-7124.934141711428,-7124.934141711428,0.0,0.0,0.0,28790.843795968252
2010-04-14,26109.70320674899,9745.14485524179,37114.37576677308,26109.70320674899,26109.70320674899,-2332.8677191387155,-2332.8677191387155,-2332.8677191387155,5272.218302604361,5272.218302604361,5272.218302604361,-7605.086021743077,-7605.086021743077,-7605.086021743077,0.0,0.0,0.0,23776.835487610275
2010-04-15,26111.94118695485,16283.67779783762,43951.997643762516,26111.94118695485,26111.94118695485,3681.4720773792765,3681.4720773792765,3681.4720773792765,11683.959076254067,11683.959076254067,11683.959076254067,-8002.486998874789,-8002.486998874789,-8002.486998874789,0.0,0.0,0.0,29793.413264334125
2010-04-16,26114.179167160706,6875.1927855533395,34026.700902454635,26114.179167160706,26114.179167160706,-5265.770443333211,-5265.770443333211,-5265.770443333211,3041.0391225314274,3041.0391225314274,3041.0391225314274,-8306.80956586464,-8306.80956586464,-8306.80956586464,0.0,0.0,0.0,20848.408723827495
2010-04-17,26116.417147168555,-22434.04691528893,4798.733155451104,26116.417147168555,26116.417147168555,-34377.80787408249,-34377.80787408249,-34377.80787408249,-25867.655978153154,-25867.655978153154,-25867.655978153154,-8510.151895929339,-8510.151895929339,-8510.151895929339,0.0,0.0,0.0,-8261.390726913938
2010-04-18,26118.655127176407,-4705.789636115845,22178.627648333426,26118.655127176407,26118.655127176407,-17408.363314070906,-17408.363314070906,-17408.363314070906,-8801.109981470603,-8801.109981470603,-8801.109981470603,-8607.253332600301,-8607.253332600301,-8607.253332600301,0.0,0.0,0.0,8710.291813105501
2010-04-19,26120.893107184256,9357.251167703322,35088.76376535111,26120.893107184256,26120.893107184256,-3732.3982464676546,-3732.3982464676546,-3732.3982464676546,4863.236747106237,4863.236747106237,4863.236747106237,-8595.63499357389,-8595.63499357389,-8595.63499357389,0.0,0.0,0.0,22388.4948607166
2010-04-20,26123.131087192105,13358.834031914508,41002.431925644174,26123.131087192105,26123.131087192105,1332.651006197152,1332.651006197152,1332.651006197152,9808.312711150831,9808.312711150831,9808.312711150831,-8475.66170495368,-8475.66170495368,-8475.66170495368,0.0,0.0,0.0,27455.782093389258
2010-04-21,26125.369067199957,10443.671945480322,35749.77492619547,26125.369067199957,26125.369067199957,-2978.305472199278,-2978.305472199278,-2978.305472199278,5272.218302585808,5272.218302585808,5272.218302585808,-8250.523774785086,-8250.523774785086,-8250.523774785086,0.0,0.0,0.0,23147.06359500068
2010-04-22,26127.607047207806,17584.38820554145,43291.87303393065,26127.607047207806,26127.607047207806,3757.8196364425644,3757.8196364425644,3757.8196364425644,11683.959076245801,11683.959076245801,11683.959076245801,-7926.139439803236,-7926.139439803236,-7926.139439803236,0.0,0.0,0.0,29885.42668365037
2010-04-23,26129.845027215655,9339.884002149973,34394.036757883965,26129.845027215655,26129.845027215655,-4469.941986083119,-4469.941986083119,-4469.941986083119,3041.0391225176218,3041.0391225176218,3041.0391225176218,-7510.981108600741,-7510.981108600741,-7510.981108600741,0.0,0.0,0.0,21659.903041132537
2010-04-24,26132.083007223504,-19276.665567951393,6351.666180119357,26132.083007223504,26132.083007223504,-32883.486689513105,-32883.486689513105,-32883.486689513105,-25867.65597816255,-25867.65597816255,-25867.65597816255,-7015.8307113505525,-7015.8307113505525,-7015.8307113505525,0.0,0.0,0.0,-6751.403682289601
2010-04-25,26134.320987231356,-2956.5923108995485,23924.31517659262,26134.320987231356,26134.320987231356,-15254.581468915298,-15254.581468915298,-15254.581468915298,-8801.10998145038,-8801.10998145038,-8801.10998145038,-6453.471487464918,-6453.471487464918,-6453.471487464918,0.0,0.0,0.0,10879.739518316059
2010-04-26,26136.558967239205,11885.72118212729,38814.35574372845,26136.558967239205,26136.558967239205,-975.0885927301497,-975.0885927301497,-975.0885927301497,4863.236747102019,4863.236747102019,4863.236747102019,-5838.3253398321685,-5838.3253398321685,-5838.3253398321685,0.0,0.0,0.0,25161.470374509056
2010-04-27,26138.796947247054,17975.745740485298,44138.170010525944,26138.796947247054,26138.796947247054,4622.266304565486,4622.266304565486,4622.266304565486,9808.312711154706,9808.312711154706,9808.312711154706,-5186.046406589219,-5186.046406589219,-5186.046406589219,0.0,0.0,0.0,30761.063251812542
2010-04-28,26141.034927254903,13087.86010755908,39207.23305709254,26141.034927254903,26141.034927254903,759.1355972440291,759.1355972440291,759.1355972440291,5272.218302601962,5272.218302601962,5272.218302601962,-4513.082705357933,-4513.082705357933,-4513.082705357933,0.0,0.0,0.0,26900.17052449893
2010-04-29,26143.27290726275,21549.77377461242,46881.35050391807,26143.27290726275,26143.27290726275,7847.740518623482,7847.740518623482,7847.740518623482,11683.959076240406,11683.959076240406,11683.959076240406,-3836.2185576169236,-3836.2185576169236,-3836.2185576169236,0.0,0.0,0.0,33991.01342588623
2010-04-30,26145.5108872706,12793.563763836668,38704.37692069258,26145.5108872706,26145.5108872706,-131.07185664189294,-131.07185664189294,-131.07185664189294,3041.0391225038175,3041.0391225038175,3041.0391225038175,-3172.11097914571,-3172.11097914571,-3172.11097914571,0.0,0.0,0.0,26014.439030628706
2010-05-01,26147.74886727845,-15963.359842717786,10424.22444661066,26147.74886727845,26147.74886727845,-28404.489292709473,-28404.489292709473,-28404.489292709473,-25867.655978162347,-25867.655978162347,-25867.655978162347,-2536.8333145471265,-2536.8333145471265,-2536.8333145471265,0.0,0.0,0.0,-2256.740425431024
2010-05-02,26149.986847286298,1573.1545753067674,29176.443033319523,26149.986847286298,26149.986847286298,-10746.549080986397,-10746.549080986397,-10746.549080986397,-8801.109981481648,-8801.109981481648,-8801.109981481648,-1945.4390995047497,-1945.4390995047497,-1945.4390995047497,0.0,0.0,0.0,15403.437766299901
2010-05-03,26152.22482729415,16783.97422661592,42825.853548766674,26152.22482729415,26152.22482729415,3451.6782828142173,3451.6782828142173,3451.6782828142173,4863.236747091034,4863.236747091034,4863.236747091034,-1411.558464276817,-1411.558464276817,-1411.558464276817,0.0,0.0,0.0,29603.903110108367
2010-05-04,26154.462807302,20955.390228345153,48463.10089147082,26154.462807302,26154.462807302,8861.274342975994,8861.274342975994,8861.274342975994,9808.312711143322,9808.312711143322,9808.312711143322,-947.0383681673283,-947.0383681673283,-947.0383681673283,0.0,0.0,0.0,35015.73715027799
2010-05-05,26156.70078730985,18302.2002342924,43825.18061921889,26156.70078730985,26156.70078730985,4710.581693458871,4710.581693458871,4710.581693458871,5272.218302613346,5272.218302613346,5272.218302613346,-561.6366091544747,-561.6366091544747,-561.6366091544747,0.0,0.0,0.0,30867.28248076872
2010-05-06,26158.938767317697,23619.99089176341,50934.03711767103,26158.938767317697,26158.938767317697,11421.18114909084,11421.18114909084,11421.18114909084,11683.959076263289,11683.959076263289,11683.959076263289,-262.77792717244705,-262.77792717244705,-262.77792717244705,0.0,0.0,0.0,37580.11991640854
2010-05-07,26161.17674732555,14441.24784494442,42334.953683630025,26161.17674732555,26161.17674732555,2985.6604596544503,2985.6604596544503,2985.6604596544503,3041.039122468992,3041.039122468992,3041.039122468992,-55.3786628145419,-55.3786628145419,-55.3786628145419,0.0,0.0,0.0,29146.83720698
2010-05-08,26163.4147273334,-12927.723773246087,14008.326193832938,26163.4147273334,26163.4147273334,-25809.400379537536,-25809.400379537536,-25809.400379537536,-25867.655978151888,-25867.655978151888,-25867.655978151888,58.25559861435359,58.25559861435359,58.25559861435359,0.0,0.0,0.0,354.0143477958627
2010-05-09,26165.65270721775,4739.886593630301,30720.26902472495,26165.65270721775,26165.65270721775,-8722.652867420484,-8722.652867420484,-8722.652867420484,-8801.109981465148,-8801.109981465148,-8801.109981465148,78.45711404466262,78.45711404466262,78.45711404466262,0.0,0.0,0.0,17442.999839797267
2010-05-10,26167.890687102095,17639.692688080435,43804.24432330481,26167.890687102095,26167.890687102095,4871.384461397288,4871.384461397288,4871.384461397288,4863.236747103129,4863.236747103129,4863.236747103129,8.147714294158366,8.147714294158366,8.147714294158366,0.0,0.0,0.0,31039.275148499382
2010-05-11,26170.128666986442,22574.842303412315,48738.526679912684,26170.128666986442,26170.128666986442,9661.029988669607,9661.029988669607,9661.029988669607,9808.312711131943,9808.312711131943,9808.312711131943,-147.28272246233504,-147.28272246233504,-147.28272246233504,0.0,0.0,0.0,35831.15865565605
2010-05-12,26172.366646870785,17764.30230852255,44857.177731924385,26172.366646870785,26172.366646870785,4892.051450278321,4892.051450278321,4892.051450278321,5272.218302594793,5272.218302594793,5272.218302594793,-380.1668523164727,-380.1668523164727,-380.1668523164727,0.0,0.0,0.0,31064.418097149108
2010-05-13,26174.604626755136,23189.052087665357,51587.46380377051,26174.604626755136,26174.604626755136,11003.145744064748,11003.145744064748,11003.145744064748,11683.959076255023,11683.959076255023,11683.959076255023,-680.8133321902743,-680.8133321902743,-680.8133321902743,0.0,0.0,0.0,37177.750370819886
2010-05-14,26176.842606639482,15066.172629854702,41611.22433539576,26176.842606639482,26176.842606639482,2003.223892947698,2003.223892947698,2003.223892947698,3041.039122506379,3041.039122506379,3041.039122506379,-1037.815229558681,-1037.815229558681,-1037.815229558681,0.0,0.0,0.0,28180.06649958718
2010-05-15,26179.08058652383,-14460.332688878156,11813.635396769458,26179.08058652383,26179.08058652383,-27306.05988605036,-27306.05988605036,-27306.05988605036,-25867.655978151022,-25867.655978151022,-25867.655978151022,-1438.4039078993342,-1438.4039078993342,-1438.4039078993342,0.0,0.0,0.0,-1126.9792995265307
2010-05-16,26181.318566408176,1808.9615603269829,28590.6956757891,26181.318566408176,26181.318566408176,-10669.947665308466,-10669.947665308466,-10669.947665308466,-8801.109981448648,-8801.109981448648,-8801.109981448648,-1868.8376838598172,-1868.8376838598172,-1868.8376838598172,0.0,0.0,0.0,15511.37090109971
2010-05-17,26183.556546292526,15825.114640934305,41795.9376676865,26183.556546292526,26183.556546292526,2548.42310849174,2548.42310849174,2548.42310849174,4863.236747098914,4863.236747098914,4863.236747098914,-2314.813638607173,-2314.813638607173,-2314.813638607173,0.0,0.0,0.0,28731.979654784267
2010-05-18,26185.794526176873,20321.51069649306,46322.93250281086,26185.794526176873,26185.794526176873,7046.422311178129,7046.422311178129,7046.422311178129,9808.312711146225,9808.312711146225,9808.312711146225,-2761.8903999680956,-2761.8903999680956,-2761.8903999680956,0.0,0.0,0.0,33232.216837355
2010-05-19,26188.03250606122,15658.16603610561,41127.78613471001,26188.03250606122,26188.03250606122,2076.3087949882674,2076.3087949882674,2076.3087949882674,5272.218302593597,5272.218302593597,5272.218302593597,-3195.9095076053295,-3195.9095076053295,-3195.9095076053295,0.0,0.0,0.0,28264.341301049488
2010-05-20,26190.270485945566,21270.049956960287,47559.31944816028,26190.270485945566,26190.270485945566,8080.555942365321,8080.555942365321,8080.555942365321,11683.95907624963,11683.95907624963,11683.95907624963,-3603.4031338843088,-3603.4031338843088,-3603.4031338843088,0.0,0.0,0.0,34270.82642831089
2010-05-21,26192.508465829917,11571.704644925438,37568.41046811821,26192.508465829917,26192.508465829917,-930.9373282519332,-930.9373282519332,-930.9373282519332,3041.0391224925734,3041.0391224925734,3041.0391224925734,-3971.976450744506,-3971.976450744506,-3971.976450744506,0.0,0.0,0.0,25261.571137577983
2010-05-22,26194.74644571426,-16398.804254293005,9550.435769461597,26194.74644571426,26194.74644571426,-30158.3097678571,-30158.3097678571,-30158.3097678571,-25867.655978150822,-25867.655978150822,-25867.655978150822,-4290.653789706274,-4290.653789706274,-4290.653789706274,0.0,0.0,0.0,-3963.5633221428398
2010-05-23,26196.984425598606,295.5586354805833,26531.502350983523,26196.984425598606,26196.984425598606,-13351.288891463164,-13351.288891463164,-13351.288891463164,-8801.109981428424,-8801.109981428424,-8801.109981428424,-4550.178910034738,-4550.178910034738,-4550.178910034738,0.0,0.0,0.0,12845.695534135442
2010-05-24,26199.222405482957,13464.333279651162,39837.54312845846,26199.222405482957,26199.222405482957,119.97561467685635,119.97561467685635,119.97561467685635,4863.236747087927,4863.236747087927,4863.236747087927,-4743.26113241107,-4743.26113241107,-4743.26113241107,0.0,0.0,0.0,26319.198020159813
2010-05-25,26201.460385367303,18033.173451498744,44593.95849129326,26201.460385367303,26201.460385367303,4943.551944163316,4943.551944163316,4943.551944163316,9808.312711150096,9808.312711150096,9808.312711150096,-4864.76076698678,-4864.76076698678,-4864.76076698678,0.0,0.0,0.0,31145.01232953062
2010-05-26,26203.69836525165,13779.137468993878,40032.14028154879,26203.69836525165,26203.69836525165,360.40918807347174,360.40918807347174,360.40918807347174,5272.218302604981,5272.218302604981,5272.218302604981,-4911.809114531509,-4911.809114531509,-4911.809114531509,0.0,0.0,0.0,26564.10755332512
2010-05-27,26205.936345135997,20724.683461246586,46215.772999269226,26205.936345135997,26205.936345135997,6800.098785119411,6800.098785119411,6800.098785119411,11683.959076244233,11683.959076244233,11683.959076244233,-4883.860291124822,-4883.860291124822,-4883.860291124822,0.0,0.0,0.0,33006.035130255405
2010-05-28,26208.174325020347,12050.172057515758,37912.665256999644,26208.174325020347,26208.174325020347,-1741.6350387515324,-1741.6350387515324,-1741.6350387515324,3041.0391224577493,3041.0391224577493,3041.0391224577493,-4782.674161209282,-4782.674161209282,-4782.674161209282,0.0,0.0,0.0,24466.539286268813
2010-05-29,26210.412304904694,-16735.952046460687,8320.188539447365,26210.412304904694,26210.412304904694,-30479.887678164887,-30479.887678164887,-30479.887678164887,-25867.655978140367,-25867.655978140367,-25867.655978140367,-4612.231700024523,-4612.231700024523,-4612.231700024523,0.0,0.0,0.0,-4269.475373260193
2010-05-30,26212.65028478904,213.60960997942547,26278.081540929732,26212.65028478904,26212.65028478904,-13179.6960655282,-13179.6960655282,-13179.6960655282,-8801.109981459696,-8801.109981459696,-8801.109981459696,-4378.5860840685045,-4378.5860840685045,-4378.5860840685045,0.0,0.0,0.0,13032.95421926084
2010-05-31,26214.888264673387,14284.906354071649,40177.16038843164,26214.888264673387,26214.888264673387,773.582077895065,773.582077895065,773.582077895065,4863.236747100021,4863.236747100021,4863.236747100021,-4089.6546692049556,-4089.6546692049556,-4089.6546692049556,0.0,0.0,0.0,26988.470342568453
2010-06-01,26217.126243670147,19374.38542792846,44773.650614531114,26217.126243670147,26217.126243670147,6053.354005230877,6053.354005230877,6053.354005230877,9808.312711128305,9808.312711128305,9808.312711128305,-3754.958705897427,-3754.958705897427,-3754.958705897427,0.0,0.0,0.0,32270.480248901025
2010-06-02,26219.36422266691,14687.17510820393,41762.08066061368,26219.36422266691,26219.36422266691,1886.899191206337,1886.899191206337,1886.899191206337,5272.218302586428,5272.218302586428,5272.218302586428,-3385.319111380091,-3385.319111380091,-3385.319111380091,0.0,0.0,0.0,28106.263413873246
2010-06-03,26221.602201663667,21123.23468641218,48471.658902926036,26221.602201663667,26221.602201663667,8691.441249109223,8691.441249109223,8691.441249109223,11683.959076267116,11683.959076267116,11683.959076267116,-2992.5178271578943,-2992.5178271578943,-2992.5178271578943,0.0,0.0,0.0,34913.04345077289
2010-06-04,26223.84018066043,14046.706096230546,40698.084220917546,26223.84018066043,26223.84018066043,452.10391879543255,452.10391879543255,452.10391879543255,3041.0391224951354,3041.0391224951354,3041.0391224951354,-2588.935203699703,-2588.935203699703,-2588.935203699703,0.0,0.0,0.0,26675.944099455864
2010-06-05,26226.07815965719,-15813.446355674794,11416.06554813341,26226.07815965719,26226.07815965719,-28054.830425958484,-28054.830425958484,-28054.830425958484,-25867.65597814976,-25867.65597814976,-25867.65597814976,-2187.1744478087226,-2187.1744478087226,-2187.1744478087226,0.0,0.0,0.0,-1828.7522663012933
2010-06-06,26228.31613865395,1913.435015622707,29080.812690041996,26228.31613865395,26228.31613865395,-10600.794408369798,-10600.794408369798,-10600.794408369798,-8801.109981443198,-8801.109981443198,-8801.109981443198,-1799.6844269266012,-1799.6844269266012,-1799.6844269266012,0.0,0.0,0.0,15627.521730284152
2010-06-07,26230.55411765071,16567.191336807202,42714.11658141593,26230.55411765071,26230.55411765071,3424.844702977639,3424.844702977639,3424.844702977639,4863.236747112114,4863.236747112114,4863.236747112114,-1438.3920441344753,-1438.3920441344753,-1438.3920441344753,0.0,0.0,0.0,29655.39882062835
2010-06-08,26232.792096647474,21762.436222054734,48612.90476985659,26232.792096647474,26232.792096647474,8693.957728154393,8693.957728154393,8693.957728154393,9808.312711142586,9808.312711142586,9808.312711142586,-1114.354982988193,-1114.354982988193,-1114.354982988193,0.0,0.0,0.0,34926.74982480187
2010-06-09,26235.030075644234,17039.371692860463,43121.90181344587,26235.030075644234,26235.030075644234,4434.773414401895,4434.773414401895,4434.773414401895,5272.218302585227,5272.218302585227,5272.218302585227,-837.4448881833331,-837.4448881833331,-837.4448881833331,0.0,0.0,0.0,30669.803490046128
2010-06-10,26237.268054640994,24070.70113618611,50507.94764981913,26237.268054640994,26237.268054640994,11067.889054945323,11067.889054945323,11067.889054945323,11683.959076258852,11683.959076258852,11683.959076258852,-616.07002131353,-616.07002131353,-616.07002131353,0.0,0.0,0.0,37305.15710958632
2010-06-11,26239.506033637754,15592.586841474495,41448.02154757687,26239.506033637754,26239.506033637754,2584.0939786795193,2584.0939786795193,2584.0939786795193,3041.039122553542,3041.039122553542,3041.039122553542,-456.94514387402256,-456.94514387402256,-456.94514387402256,0.0,0.0,0.0,28823.600012317274
2010-06-12,26241.744012634517,-12569.430731320335,13467.575898722756,26241.744012634517,26241.744012634517,-26232.570851789707,-26232.570851789707,-26232.570851789707,-25867.655978159157,-25867.655978159157,-25867.655978159157,-364.9148736305524,-364.9148736305524,-364.9148736305524,0.0,0.0,0.0,9.1731608448099
2010-06-13,26243.981991631274,4483.986558695912,30964.682602816833,26243.981991631274,26243.981991631274,-9143.945063832418,-9143.945063832418,-9143.945063832418,-8801.109981422971,-8801.109981422971,-8801.109981422971,-342.8350824094459,-342.8350824094459,-342.8350824094459,0.0,0.0,0.0,17100.036927798858
2010-06-14,26246.219970628037,18058.554195508037,43110.32357691759,26246.219970628037,26246.219970628037,4471.721641364256,4471.721641364256,4471.721641364256,4863.2367471079,4863.2367471079,4863.2367471079,-391.51510574364374,-391.51510574364374,-391.51510574364374,0.0,0.0,0.0,30717.941611992293
2010-06-15,26248.457949624797,21951.73461424316,49367.52439806515,26248.457949624797,26248.457949624797,9298.591038443008,9298.591038443008,9298.591038443008,9808.312711146458,9808.312711146458,9808.312711146458,-509.72167270345005,-509.72167270345005,-509.72167270345005,0.0,0.0,0.0,35547.04898806781
2010-06-16,26250.69592862156,18669.105575319743,43621.918697318804,26250.69592862156,26250.69592862156,4577.974707976178,4577.974707976178,4577.974707976178,5272.218302596614,5272.218302596614,5272.218302596614,-694.2435946204357,-694.2435946204357,-694.2435946204357,0.0,0.0,0.0,30828.670636597737
2010-06-17,26252.933907618317,24580.427730158382,50215.7433434673,26252.933907618317,26252.933907618317,10743.944645495952,10743.944645495952,10743.944645495952,11683.959076253455,11683.959076253455,11683.959076253455,-940.0144307575038,-940.0144307575038,-940.0144307575038,0.0,0.0,0.0,36996.87855311427
2010-06-18,26255.17188661508,15014.632253686887,40728.29420849357,26255.17188661508,26255.17188661508,1800.7504903625977,1800.7504903625977,1800.7504903625977,3041.0391225187163,3041.0391225187163,3041.0391225187163,-1240.2886321561186,-1240.2886321561186,-1240.2886321561186,0.0,0.0,0.0,28055.92237697768
2010-06-19,26257.40986561184,-14428.479724158073,12662.71041466145,26257.40986561184,26257.40986561184,-27454.521080847357,-27454.521080847357,-27454.521080847357,-25867.655978158953,-25867.655978158953,-25867.655978158953,-1586.8651026884027,-1586.8651026884027,-1586.8651026884027,0.0,0.0,0.0,-1197.1112152355163
2010-06-20,26259.6478446086,2460.139418693198,28625.029398701445,26259.6478446086,26259.6478446086,-10771.460736597219,-10771.460736597219,-10771.460736597219,-8801.109981454241,-8801.109981454241,-8801.109981454241,-1970.3507551429764,-1970.3507551429764,-1970.3507551429764,0.0,0.0,0.0,15488.187108011381
2010-06-21,26261.88582360536,16208.570026374073,41983.46427485028,26261.88582360536,26261.88582360536,2482.78122787529,2482.78122787529,2482.78122787529,4863.236747096915,4863.236747096915,4863.236747096915,-2380.4555192216244,-2380.4555192216244,-2380.4555192216244,0.0,0.0,0.0,28744.66705148065
2010-06-22,26264.123802602124,19419.246270017604,47001.05658353432,26264.123802602124,26264.123802602124,7002.00330141752,7002.00330141752,7002.00330141752,9808.312711135077,9808.312711135077,9808.312711135077,-2806.3094097175563,-2806.3094097175563,-2806.3094097175563,0.0,0.0,0.0,33266.127104019644
2010-06-23,26266.361781598884,15296.359199793047,41297.30147647162,26266.361781598884,26266.361781598884,2035.4265923711057,2035.4265923711057,2035.4265923711057,5272.218302607997,5272.218302607997,5272.218302607997,-3236.7917102368915,-3236.7917102368915,-3236.7917102368915,0.0,0.0,0.0,28301.78837396999
2010-06-24,26268.599760328776,21531.436556555665,47553.85929664024,26268.599760328776,26268.599760328776,8023.096991459149,8023.096991459149,8023.096991459149,11683.959076276338,11683.959076276338,11683.959076276338,-3660.8620848171895,-3660.8620848171895,-3660.8620848171895,0.0,0.0,0.0,34291.696751787924
2010-06-25,26270.83773905866,11657.371047713414,38843.578551124934,26270.83773905866,26270.83773905866,-1026.8443788456643,-1026.8443788456643,-1026.8443788456643,3041.0391225561043,3041.0391225561043,3041.0391225561043,-4067.883501401768,-4067.883501401768,-4067.883501401768,0.0,0.0,0.0,25243.993360212997
2010-06-26,26273.07571778855,-18407.189688024388,8392.844789951894,26273.07571778855,26273.07571778855,-30315.583210333232,-30315.583210333232,-30315.583210333232,-25867.65597814849,-25867.65597814849,-25867.65597814849,-4447.927232184744,-4447.927232184744,-4447.927232184744,0.0,0.0,0.0,-4042.5074925446825
2010-06-27,26275.313696518435,415.5501429884506,26450.707992431184,26275.313696518435,26275.313696518435,-13593.160853545423,-13593.160853545423,-13593.160853545423,-8801.109981437743,-8801.109981437743,-8801.109981437743,-4792.05087210768,-4792.05087210768,-4792.05087210768,0.0,0.0,0.0,12682.152842973012
2010-06-28,26277.551675248324,12871.269550331597,39425.02998288413,26277.551675248324,26277.551675248324,-229.30451766705878,-229.30451766705878,-229.30451766705878,4863.236747102239,4863.236747102239,4863.236747102239,-5092.541264769297,-5092.541264769297,-5092.541264769297,0.0,0.0,0.0,26048.247157581263
2010-06-29,26279.789653978212,17183.56239053452,43232.722915840866,26279.789653978212,26279.789653978212,4465.197298000049,4465.197298000049,4465.197298000049,9808.31271114936,9808.31271114936,9808.31271114936,-5343.1154131493095,-5343.1154131493095,-5343.1154131493095,0.0,0.0,0.0,30744.986951978262
2010-06-30,26282.0276327081,13142.07950672422,39383.705136917924,26282.0276327081,26282.0276327081,-266.8555396439934,-266.8555396439934,-266.8555396439934,5272.218302589446,5272.218302589446,5272.218302589446,-5539.073842233438,-5539.073842233438,-5539.073842233438,0.0,0.0,0.0,26015.172093064106
2010-07-01,26284.26561143799,19103.38588297903,45982.19566505808,26284.26561143799,26284.26561143799,6006.556649077872,6006.556649077872,6006.556649077872,11683.959076268075,11683.959076268075,11683.959076268075,-5677.402427190203,-5677.402427190203,-5677.402427190203,0.0,0.0,0.0,32290.822260515863
2010-07-02,26286.50359016788,10293.177597570411,36658.550959647444,26286.50359016788,26286.50359016788,-2715.781232467602,-2715.781232467602,-2715.781232467602,3041.0391225423,3041.0391225423,3041.0391225423,-5756.8203550099015,-5756.8203550099015,-5756.8203550099015,0.0,0.0,0.0,23570.722357700277
2010-07-03,26288.741568897763,-17835.117662520657,7585.639768425319,26288.741568897763,26288.741568897763,-31645.429575576538,-31645.429575576538,-31645.429575576538,-25867.655978157887,-25867.655978157887,-25867.655978157887,-5777.773597418653,-5777.773597418653,-5777.773597418653,0.0,0.0,0.0,-5356.688006678774
2010-07-04,26290.979547627652,-1652.5514441908065,25004.557883068443,26290.979547627652,26290.979547627652,-14543.48496623282,-14543.48496623282,-14543.48496623282,-8801.109981421243,-8801.109981421243,-8801.109981421243,-5742.374984811578,-5742.374984811578,-5742.374984811578,0.0,0.0,0.0,11747.494581394832
2010-07-05,26293.217526357545,13088.763138229171,39197.780936785246,26293.217526357545,26293.217526357545,-791.0568846846762,-791.0568846846762,-791.0568846846762,4863.236747098023,4863.236747098023,4863.236747098023,-5654.293631782699,-5654.293631782699,-5654.293631782699,0.0,0.0,0.0,25502.16064167287
2010-07-06,26295.45550508743,17851.099051947564,43493.14450213699,26295.45550508743,26295.45550508743,4289.714687970222,4289.714687970222,4289.714687970222,9808.31271115323,9808.31271115323,9808.31271115323,-5518.598023183008,-5518.598023183008,-5518.598023183008,0.0,0.0,0.0,30585.170193057653
2010-07-07,26297.69348381732,13954.249698252008,39081.94875350336,26297.69348381732,26297.69348381732,-69.34017511574207,-69.34017511574207,-69.34017511574207,5272.218302588247,5272.218302588247,5272.218302588247,-5341.5584777039885,-5341.5584777039885,-5341.5584777039885,0.0,0.0,0.0,26228.353308701575
2010-07-08,26299.931462547207,19245.587629294285,45772.96364992987,26299.931462547207,26299.931462547207,6553.543155366415,6553.543155366415,6553.543155366415,11683.959076262678,11683.959076262678,11683.959076262678,-5130.415920896265,-5130.415920896265,-5130.415920896265,0.0,0.0,0.0,32853.47461791362
2010-07-09,26302.169441277092,10973.489756980973,36863.14595903424,26302.169441277092,26302.169441277092,-1852.0857622149044,-1852.0857622149044,-1852.0857622149044,3041.0391225284925,3041.0391225284925,3041.0391225284925,-4893.124884743397,-4893.124884743397,-4893.124884743397,0.0,0.0,0.0,24450.083679062187
2010-07-10,26304.407420006984,-17132.249722160082,9734.481445349184,26304.407420006984,26304.407420006984,-30505.73535507753,-30505.73535507753,-30505.73535507753,-25867.65597815768,-25867.65597815768,-25867.65597815768,-4638.07937691985,-4638.07937691985,-4638.07937691985,0.0,0.0,0.0,-4201.327935070545
2010-07-11,26306.645398736873,408.2573138305199,25963.319572359043,26306.645398736873,26306.645398736873,-13174.940690416,-13174.940690416,-13174.940690416,-8801.10998140102,-8801.10998140102,-8801.10998140102,-4373.830709014981,-4373.830709014981,-4373.830709014981,0.0,0.0,0.0,13131.704708320873
2010-07-12,26308.88337746676,14201.698918417473,41647.46120323938,26308.88337746676,26308.88337746676,754.4302204681782,754.4302204681782,754.4302204681782,4863.236747087039,4863.236747087039,4863.236747087039,-4108.8065266188605,-4108.8065266188605,-4108.8065266188605,0.0,0.0,0.0,27063.313597934935
2010-07-13,26311.121356196647,19210.01981665166,45158.02610554558,26311.121356196647,26311.121356196647,5957.272568433132,5957.272568433132,5957.272568433132,9808.31271114185,9808.31271114185,9808.31271114185,-3851.040142708718,-3851.040142708718,-3851.040142708718,0.0,0.0,0.0,32268.393924629778
2010-07-14,26313.359334926536,13752.378200525736,41254.79862619465,26313.359334926536,26313.359334926536,1664.2994574827292,1664.2994574827292,1664.2994574827292,5272.218302599631,5272.218302599631,5272.218302599631,-3607.918845116901,-3607.918845116901,-3607.918845116901,0.0,0.0,0.0,27977.658792409264
2010-07-15,26315.59731365642,21809.445552515586,48011.279925285395,26315.59731365642,26315.59731365642,8297.999931817016,8297.999931817016,8297.999931817016,11683.959076254416,11683.959076254416,11683.959076254416,-3385.959144437401,-3385.959144437401,-3385.959144437401,0.0,0.0,0.0,34613.59724547344
2010-07-16,26317.835291581458,13216.093880513527,38719.7314646177,26317.835291581458,26317.835291581458,-149.57685178235263,-149.57685178235263,-149.57685178235263,3041.039122493669,3041.039122493669,3041.039122493669,-3190.6159742760215,-3190.6159742760215,-3190.6159742760215,0.0,0.0,0.0,26168.258439799105
2010-07-17,26320.07326950649,-16317.75736603817,9943.604578467255,26320.07326950649,26320.07326950649,-28893.78766087803,-28893.78766087803,-28893.78766087803,-25867.65597814722,-25867.65597814722,-25867.65597814722,-3026.131682730809,-3026.131682730809,-3026.131682730809,0.0,0.0,0.0,-2573.714391371541
2010-07-18,26322.311247431524,965.5883125488359,29015.03719017262,26322.311247431524,26322.311247431524,-11696.539282176946,-11696.539282176946,-11696.539282176946,-8801.109981432288,-8801.109981432288,-8801.109981432288,-2895.4293007446568,-2895.4293007446568,-2895.4293007446568,0.0,0.0,0.0,14625.771965254578
2010-07-19,26324.549225356557,15941.131179113752,41392.28043112127,26324.549225356557,26324.549225356557,2063.183663897164,2063.183663897164,2063.183663897164,4863.236747099133,4863.236747099133,4863.236747099133,-2800.05308320197,-2800.05308320197,-2800.05308320197,0.0,0.0,0.0,28387.732889253723
2010-07-20,26326.78720328159,20560.712708327064,46961.85641013982,26326.78720328159,26326.78720328159,7068.154970731806,7068.154970731806,7068.154970731806,9808.31271113047,9808.31271113047,9808.31271113047,-2740.1577403986626,-2740.1577403986626,-2740.1577403986626,0.0,0.0,0.0,33394.9421740134
2010-07-21,26329.025181206624,15446.670108144037,42333.96097685596,26329.025181206624,26329.025181206624,2557.672141278298,2557.672141278298,2557.672141278298,5272.218302581078,5272.218302581078,5272.218302581078,-2714.54616130278,-2714.54616130278,-2714.54616130278,0.0,0.0,0.0,28886.69732248492
2010-07-22,26331.26315913166,22395.392613405256,48561.21243964454,26331.26315913166,26331.26315913166,8963.205248666693,8963.205248666693,8963.205248666693,11683.95907624615,11683.95907624615,11683.95907624615,-2720.7538275794595,-2720.7538275794595,-2720.7538275794595,0.0,0.0,0.0,35294.468407798355
2010-07-23,26333.501137056694,13067.333989380302,40350.72460790797,26333.501137056694,26333.501137056694,285.8625427220033,285.8625427220033,285.8625427220033,3041.0391225310536,3041.0391225310536,3041.0391225310536,-2755.1765798090505,-2755.1765798090505,-2755.1765798090505,0.0,0.0,0.0,26619.363679778697
2010-07-24,26335.739114981727,-14969.007824475728,11007.512101858149,26335.739114981727,26335.739114981727,-28680.892951712805,-28680.892951712805,-28680.892951712805,-25867.655978156617,-25867.655978156617,-25867.655978156617,-2813.2369735561883,-2813.2369735561883,-2813.2369735561883,0.0,0.0,0.0,-2345.1538367310786
2010-07-25,26337.977092906756,2698.219993185605,28037.953941930336,26337.977092906756,26337.977092906756,-11690.693179934517,-11690.693179934517,-11690.693179934517,-8801.109981467285,-8801.109981467285,-8801.109981467285,-2889.583198467231,-2889.583198467231,-2889.583198467231,0.0,0.0,0.0,14647.28391297224
2010-07-26,26340.215070831793,15260.577930414644,41366.045033564624,26340.215070831793,26340.215070831793,1884.9232787267765,1884.9232787267765,1884.9232787267765,4863.236747094914,4863.236747094914,4863.236747094914,-2978.313468368138,-2978.313468368138,-2978.313468368138,0.0,0.0,0.0,28225.13834955857
2010-07-27,26342.453048756826,20008.732194932047,47041.60539213511,26342.453048756826,26342.453048756826,6735.094752673389,6735.094752673389,6735.094752673389,9808.312711144754,9808.312711144754,9808.312711144754,-3073.217958471364,-3073.217958471364,-3073.217958471364,0.0,0.0,0.0,33077.54780143021
2010-07-28,26344.69102668186,14961.769088677598,41528.14876646695,26344.69102668186,26344.69102668186,2104.1885087895157,2104.1885087895157,2104.1885087895157,5272.218302579879,5272.218302579879,5272.218302579879,-3168.029793790363,-3168.029793790363,-3168.029793790363,0.0,0.0,0.0,28448.879535471377
2010-07-29,26346.929004606896,21596.0529215482,47685.286131085224,26346.929004606896,26346.929004606896,8427.28277749119,8427.28277749119,8427.28277749119,11683.959076240755,11683.959076240755,11683.959076240755,-3256.6762987495667,-3256.6762987495667,-3256.6762987495667,0.0,0.0,0.0,34774.211782098086
2010-07-30,26349.166982531926,12985.67625023771,39342.23827245867,26349.166982531926,26349.166982531926,-292.48258915001225,-292.48258915001225,-292.48258915001225,3041.0391225172507,3041.0391225172507,3041.0391225172507,-3333.521711667263,-3333.521711667263,-3333.521711667263,0.0,0.0,0.0,26056.684393381915
2010-07-31,26351.40496045696,-16116.733612064467,10397.743804729243,26351.40496045696,26351.40496045696,-29261.248827332052,-29261.248827332052,-29261.248827332052,-25867.655978166014,-25867.655978166014,-25867.655978166014,-3393.5928491660384,-3393.5928491660384,-3393.5928491660384,0.0,0.0,0.0,-2909.843866875093
2010-08-01,26353.642938381996,701.7320008569102,27609.046621800087,26353.642938381996,26353.642938381996,-12233.889747847907,-12233.889747847907,-12233.889747847907,-8801.10998144706,-8801.10998144706,-8801.10998144706,-3432.7797664008485,-3432.7797664008485,-3432.7797664008485,0.0,0.0,0.0,14119.75319053409
2010-08-02,26355.88091630703,14036.619523473328,40165.66409862739,26355.88091630703,26355.88091630703,1415.2324656951935,1415.2324656951935,1415.2324656951935,4863.23674708393,4863.23674708393,4863.23674708393,-3448.004281388736,-3448.004281388736,-3448.004281388736,0.0,0.0,0.0,27771.113382002222
2010-08-03,26358.118894232062,20139.825055777656,45848.20949371492,26358.118894232062,26358.118894232062,6370.96242117707,6370.96242117707,6370.96242117707,9808.312711148623,9808.312711148623,9808.312711148623,-3437.350289971553,-3437.350289971553,-3437.350289971553,0.0,0.0,0.0,32729.08131540913
2010-08-04,26360.356872157095,14508.709147148053,42143.27018615117,26360.356872157095,26360.356872157095,1872.067243984312,1872.067243984312,1872.067243984312,5272.218302591264,5272.218302591264,5272.218302591264,-3400.1510586069517,-3400.1510586069517,-3400.1510586069517,0.0,0.0,0.0,28232.424116141407
2010-08-05,26362.59485008213,20680.925073987608,46933.43742777043,26362.59485008213,26362.59485008213,8346.928970706696,8346.928970706696,8346.928970706696,11683.959076235358,11683.959076235358,11683.959076235358,-3337.0301055286627,-3337.0301055286627,-3337.0301055286627,0.0,0.0,0.0,34709.523820788825
2010-08-06,26364.832828007162,13345.581611037736,39820.79415736034,26364.832828007162,26364.832828007162,-208.85469906910885,-208.85469906910885,-208.85469906910885,3041.039122482424,3041.039122482424,3041.039122482424,-3249.8938215515327,-3249.8938215515327,-3249.8938215515327,0.0,0.0,0.0,26155.97812893805
2010-08-07,26367.0708059322,-15639.416652107035,10711.023075937579,26367.0708059322,26367.0708059322,-29009.53156942054,-29009.53156942054,-29009.53156942054,-25867.65597816581,-25867.65597816581,-25867.65597816581,-3141.875591254728,-3141.875591254728,-3141.875591254728,0.0,0.0,0.0,-2642.4607634883396
2010-08-08,26369.30878399301,464.18394019454695,27702.394960842426,26369.30878399301,26369.30878399301,-11818.34278343675,-11818.34278343675,-11818.34278343675,-8801.10998147833,-8801.10998147833,-8801.10998147833,-3017.2328019584215,-3017.2328019584215,-3017.2328019584215,0.0,0.0,0.0,14550.966000556258
2010-08-09,26371.54676205382,14719.367286871146,40324.86337460688,26371.54676205382,26371.54676205382,1982.037027032695,1982.037027032695,1982.037027032695,4863.236747096023,4863.236747096023,4863.236747096023,-2881.1997200633277,-2881.1997200633277,-2881.1997200633277,0.0,0.0,0.0,28353.583789086515
2010-08-10,26373.784740114625,20707.136099130174,47404.120917439875,26373.784740114625,26373.784740114625,7068.511990484227,7068.511990484227,7068.511990484227,9808.312711137243,9808.312711137243,9808.312711137243,-2739.8007206530156,-2739.8007206530156,-2739.8007206530156,0.0,0.0,0.0,33442.29673059885
2010-08-11,26376.02271817543,15346.211485582215,42192.366589385616,26376.02271817543,26376.02271817543,2672.5885741997804,2672.5885741997804,2672.5885741997804,5272.218302590066,5272.218302590066,5272.218302590066,-2599.6297283902854,-2599.6297283902854,-2599.6297283902854,0.0,0.0,0.0,29048.61129237521
2010-08-12,26378.260696236244,22753.2355647932,48607.82029914817,26378.260696236244,26378.260696236244,9216.356155333759,9216.356155333759,9216.356155333759,11683.959076258243,11683.959076258243,11683.959076258243,-2467.6029209244834,-2467.6029209244834,-2467.6029209244834,0.0,0.0,0.0,35594.616851570005
2010-08-13,26380.49867429705,13141.500780712839,40028.132104359654,26380.49867429705,26380.49867429705,690.3464013049885,690.3464013049885,690.3464013049885,3041.0391225198105,3041.0391225198105,3041.0391225198105,-2350.692721214822,-2350.692721214822,-2350.692721214822,0.0,0.0,0.0,27070.84507560204
2010-08-14,26382.73665235786,-14728.882913923644,10862.868267672637,26382.73665235786,26382.73665235786,-28123.307808045247,-28123.307808045247,-28123.307808045247,-25867.65597815535,-25867.65597815535,-25867.65597815535,-2255.6518298898955,-2255.6518298898955,-2255.6518298898955,0.0,0.0,0.0,-1740.5711556873866
2010-08-15,26384.97463041867,1557.7035243110115,28680.166127280205,26384.97463041867,26384.97463041867,-10989.846479538102,-10989.846479538102,-10989.846479538102,-8801.10998146183,-8801.10998146183,-8801.10998146183,-2188.736498076271,-2188.736498076271,-2188.736498076271,0.0,0.0,0.0,15395.128150880568
2010-08-16,26387.21260847948,15279.36930274766,40989.17416146415,26387.21260847948,26387.21260847948,2707.798348106064,2707.798348106064,2707.798348106064,4863.236747108117,4863.236747108117,4863.236747108117,-2155.4383990020524,-2155.4383990020524,-2155.4383990020524,0.0,0.0,0.0,29095.010956585546
2010-08-17,26389.450586540286,21223.27845907549,46568.70889835147,26389.450586540286,26389.450586540286,7648.078395560688,7648.078395560688,7648.078395560688,9808.312711151526,9808.312711151526,9808.312711151526,-2160.234315590838,-2160.234315590838,-2160.234315590838,0.0,0.0,0.0,34037.52898210097
2010-08-18,26391.688564601092,17097.822695070277,42939.38735563572,26391.688564601092,26391.688564601092,3065.855879068759,3065.855879068759,3065.855879068759,5272.218302588866,5272.218302588866,5272.218302588866,-2206.3624235201073,-2206.3624235201073,-2206.3624235201073,0.0,0.0,0.0,29457.544443669853
2010-08-19,26393.926542661906,21770.237187913917,48231.806494931705,26393.926542661906,26393.926542661906,9388.325850170084,9388.325850170084,9388.325850170084,11683.959076249977,11683.959076249977,11683.959076249977,-2295.633226079893,-2295.633226079893,-2295.633226079893,0.0,0.0,0.0,35782.252392831986
2010-08-20,26396.164520722712,14868.705556834972,40076.5787931287,26396.164520722712,26396.164520722712,612.7569135633089,612.7569135633089,612.7569135633089,3041.0391225060066,3041.0391225060066,3041.0391225060066,-2428.2822089426977,-2428.2822089426977,-2428.2822089426977,0.0,0.0,0.0,27008.92143428602
2010-08-21,26398.402498783522,-15271.902223682395,11933.251346067671,26398.402498783522,26398.402498783522,-28470.52603673205,-28470.52603673205,-28470.52603673205,-25867.65597816475,-25867.65597816475,-25867.65597816475,-2602.870058567302,-2602.870058567302,-2602.870058567302,0.0,0.0,0.0,-2072.1235379485297
2010-08-22,26400.640476844328,1776.466279396132,28507.838527427284,26400.640476844328,26400.640476844328,-11617.34484501196,-11617.34484501196,-11617.34484501196,-8801.109981441607,-8801.109981441607,-8801.109981441607,-2816.234863570354,-2816.234863570354,-2816.234863570354,0.0,0.0,0.0,14783.295631832369
2010-08-23,26402.87845490514,16212.025278164043,41405.7462402463,26402.87845490514,26402.87845490514,1799.7376103483482,1799.7376103483482,1799.7376103483482,4863.2367471039015,4863.2367471039015,4863.2367471039015,-3063.499136755554,-3063.499136755554,-3063.499136755554,0.0,0.0,0.0,28202.61606525349
2010-08-24,26405.116432965948,18927.737508371614,45597.46858756847,26405.116432965948,26405.116432965948,6470.179906302602,6470.179906302602,6470.179906302602,9808.3127111554,9808.3127111554,9808.3127111554,-3338.132804852797,-3338.132804852797,-3338.132804852797,0.0,0.0,0.0,32875.29633926855
2010-08-25,26407.354411026758,15782.447488590575,43024.82248975444,26407.354411026758,26407.354411026758,1640.146737968881,1640.146737968881,1640.146737968881,5272.218302600249,5272.218302600249,5272.218302600249,-3632.071564631368,-3632.071564631368,-3632.071564631368,0.0,0.0,0.0,28047.501148995638
2010-08-26,26409.592389087567,21343.92985174046,46903.63082868823,26409.592389087567,26409.592389087567,7748.070823976032,7748.070823976032,7748.070823976032,11683.959076244582,11683.959076244582,11683.959076244582,-3935.8882522685494,-3935.8882522685494,-3935.8882522685494,0.0,0.0,0.0,34157.6632130636
2010-08-27,26411.830367148374,11689.632120908354,37931.42365520854,26411.830367148374,26411.830367148374,-1197.9740491228922,-1197.9740491228922,-1197.9740491228922,3041.0391224922014,3041.0391224922014,3041.0391224922014,-4239.0131716150945,-4239.0131716150945,-4239.0131716150945,0.0,0.0,0.0,25213.856318025482
2010-08-28,26414.068345209183,-17297.606798858636,9453.246886007148,26414.068345209183,26414.068345209183,-30397.653708068516,-30397.653708068516,-30397.653708068516,-25867.655978154286,-25867.655978154286,-25867.655978154286,-4529.997729914227,-4529.997729914227,-4529.997729914227,0.0,0.0,0.0,-3983.5853628593322
2010-08-29,26416.30632326999,-1663.8948302040194,25920.022883550457,26416.30632326999,26416.30632326999,-13597.924268142051,-13597.924268142051,-13597.924268142051,-8801.109981472877,-8801.109981472877,-8801.109981472877,-4796.814286669174,-4796.814286669174,-4796.814286669174,0.0,0.0,0.0,12818.382055127939
2010-08-30,26418.5443013308,13635.541755402604,39974.8773479625,26418.5443013308,26418.5443013308,-163.94713198789344,-163.94713198789344,-163.94713198789344,4863.236747092916,4863.236747092916,4863.236747092916,-5027.18387908081,-5027.18387908081,-5027.18387908081,0.0,0.0,0.0,26254.597169342906
2010-08-31,26420.782278329523,17387.81852924367,44645.118794819224,26420.782278329523,26420.782278329523,4599.390225337808,4599.390225337808,4599.390225337808,9808.312711144019,9808.312711144019,9808.312711144019,-5208.92248580621,-5208.92248580621,-5208.92248580621,0.0,0.0,0.0,31020.17250366733
2010-09-01,26423.02025532825,14154.374769816033,40120.91736219213,26423.02025532825,26423.02025532825,-58.07746042625936,-58.07746042625936,-58.07746042625936,5272.218302611635,5272.218302611635,5272.218302611635,-5330.295763037895,-5330.295763037895,-5330.295763037895,0.0,0.0,0.0,26364.942794901992
2010-09-02,26425.25823232697,19385.613682682335,46042.9207811749,26425.25823232697,26425.25823232697,6303.587318224729,6303.587318224729,6303.587318224729,11683.959076267465,11683.959076267465,11683.959076267465,-5380.371758042737,-5380.371758042737,-5380.371758042737,0.0,0.0,0.0,32728.845550551698
2010-09-03,26427.496209325698,11114.184618488976,37290.473941297736,26427.496209325698,26427.496209325698,-2308.3218689513924,-2308.3218689513924,-2308.3218689513924,3041.039122457377,3041.039122457377,3041.039122457377,-5349.360991408769,-5349.360991408769,-5349.360991408769,0.0,0.0,0.0,24119.174340374306
2010-09-04,26429.73418632442,-17136.60460102646,8516.684607052492,26429.73418632442,26429.73418632442,-31096.589485085988,-31096.589485085988,-31096.589485085988,-25867.655978143823,-25867.655978143823,-25867.655978143823,-5228.933506942162,-5228.933506942162,-5228.933506942162,0.0,0.0,0.0,-4666.855298761569
2010-09-05,26431.972163323146,-556.9129261279662,24997.022886632887,26431.972163323146,26431.972163323146,-13813.612995653513,-13813.612995653513,-13813.612995653513,-8801.109981456375,-8801.109981456375,-8801.109981456375,-5012.503014197138,-5012.503014197138,-5012.503014197138,0.0,0.0,0.0,12618.359167669632
2010-09-06,26434.210140321866,14007.584524251097,38990.089704368766,26434.210140321866,26434.210140321866,167.76766700611014,167.76766700611014,167.76766700611014,4863.236747105009,4863.236747105009,4863.236747105009,-4695.469080098899,-4695.469080098899,-4695.469080098899,0.0,0.0,0.0,26601.977807327978
2010-09-07,26436.448117320593,18764.931722554215,45235.65504530851,26436.448117320593,26436.448117320593,5532.903270418313,5532.903270418313,5532.903270418313,9808.312711132636,9808.312711132636,9808.312711132636,-4275.409440714324,-4275.409440714324,-4275.409440714324,0.0,0.0,0.0,31969.351387738905
2010-09-08,26438.686094319317,14767.275040794935,40221.912771923766,26438.686094319317,26438.686094319317,1520.0024317750613,1520.0024317750613,1520.0024317750613,5272.218302593083,5272.218302593083,5272.218302593083,-3752.2158708180214,-3752.2158708180214,-3752.2158708180214,0.0,0.0,0.0,27958.688526094378
2010-09-09,26440.92407131804,20765.632562117975,48570.51847018715,26440.92407131804,26440.92407131804,8555.790447799563,8555.790447799563,8555.790447799563,11683.959076259202,11683.959076259202,11683.959076259202,-3128.1686284596367,-3128.1686284596367,-3128.1686284596367,0.0,0.0,0.0,34996.7145191176
2010-09-10,26443.162048316764,13824.049076628331,39294.22223305389,26443.162048316764,26443.162048316764,633.0928839384428,633.0928839384428,633.0928839384428,3041.0391224947634,3041.0391224947634,3041.0391224947634,-2407.9462385563206,-2407.9462385563206,-2407.9462385563206,0.0,0.0,0.0,27076.254932255208
2010-09-11,26445.400025315488,-14662.778349548113,11882.66754347234,26445.400025315488,26445.400025315488,-27466.22522045061,-27466.22522045061,-27466.22522045061,-25867.65597815322,-25867.65597815322,-25867.65597815322,-1598.5692422973902,-1598.5692422973902,-1598.5692422973902,0.0,0.0,0.0,-1020.8251951351231
2010-09-12,26447.638002314212,4600.078420468088,30775.50875766743,26447.638002314212,26447.638002314212,-9510.388444370356,-9510.388444370356,-9510.388444370356,-8801.109981439877,-8801.109981439877,-8801.109981439877,-709.2784629304771,-709.2784629304771,-709.2784629304771,0.0,0.0,0.0,16937.249557943855
2010-09-13,26449.87597931294,18370.793382608175,45503.67232297636,26449.87597931294,26449.87597931294,5111.886481269076,5111.886481269076,5111.886481269076,4863.236747100796,4863.236747100796,4863.236747100796,248.64973416828127,248.64973416828127,248.64973416828127,0.0,0.0,0.0,31561.762460582017
2010-09-14,26452.113956311663,24787.27340537304,51386.94344914766,26452.113956311663,26452.113956311663,11070.459547392431,11070.459547392431,11070.459547392431,9808.312711151757,9808.312711151757,9808.312711151757,1262.1468362406736,1262.1468362406736,1262.1468362406736,0.0,0.0,0.0,37522.573503704094
2010-09-15,26454.351933310387,20800.196401449175,47685.93307431522,26454.351933310387,26454.351933310387,7588.866422301143,7588.866422301143,7588.866422301143,5272.218302591885,5272.218302591885,5272.218302591885,2316.648119709257,2316.648119709257,2316.648119709257,0.0,0.0,0.0,34043.21835561153
2010-09-16,26456.58991030911,28365.488131565515,54837.58472285071,26456.58991030911,26456.58991030911,15080.392494397445,15080.392494397445,15080.392494397445,11683.959076253806,11683.959076253806,11683.959076253806,3396.4334181436398,3396.4334181436398,3396.4334181436398,0.0,0.0,0.0,41536.982404706556
2010-09-17,26458.827887307834,20363.19280668128,46567.193173812724,26458.827887307834,26458.827887307834,7526.042750266119,7526.042750266119,7526.042750266119,3041.0391224809573,3041.0391224809573,3041.0391224809573,4485.003627785161,4485.003627785161,4485.003627785161,0.0,0.0,0.0,33984.87063757396
2010-09-18,26461.065864306558,-7667.840966013302,18994.536095708787,26461.065864306558,26461.065864306558,-20302.173248063664,-20302.173248063664,-20302.173248063664,-25867.65597815302,-25867.65597815302,-25867.65597815302,5565.482730089354,5565.482730089354,5565.482730089354,0.0,0.0,0.0,6158.892616242894
2010-09-19,26463.303841305282,11051.871736028786,36571.660239039964,26463.303841305282,26463.303841305282,-2180.0757046448193,-2180.0757046448193,-2180.0757046448193,-8801.109981419653,-8801.109981419653,-8801.109981419653,6621.034276774833,6621.034276774833,6621.034276774833,0.0,0.0,0.0,24283.228136660462
2010-09-20,26465.54181830401,25068.123673944046,52378.01309383842,26465.54181830401,26465.54181830401,12498.517515525846,12498.517515525846,12498.517515525846,4863.236747089807,4863.236747089807,4863.236747089807,7635.280768436039,7635.280768436039,7635.280768436039,0.0,0.0,0.0,38964.05933382986
2010-09-21,26467.779795302733,31075.347658632854,57994.8873619228,26467.779795302733,26467.779795302733,18401.02689195762,18401.02689195762,18401.02689195762,9808.31271114038,9808.31271114038,9808.31271114038,8592.714180817236,8592.714180817236,8592.714180817236,0.0,0.0,0.0,44868.80668726035
2010-09-22,26470.017776885194,27968.8043403681,54979.717754775746,26470.017776885194,26470.017776885194,14751.304363293477,14751.304363293477,14751.304363293477,5272.218302603268,5272.218302603268,5272.218302603268,9479.086060690208,9479.086060690208,9479.086060690208,0.0,0.0,0.0,41221.32214017867
2010-09-23,26472.255758467654,36056.21734587623,60692.18271130264,26472.255758467654,26472.255758467654,21965.725199930886,21965.725199930886,21965.725199930886,11683.95907624841,11683.95907624841,11683.95907624841,10281.766123682479,10281.766123682479,10281.766123682479,0.0,0.0,0.0,48437.98095839854
2010-09-24,26474.493740050122,28017.48134931621,53559.68247422199,26474.493740050122,26474.493740050122,14031.098248623575,14031.098248623575,14031.098248623575,3041.039122518345,3041.039122518345,3041.039122518345,10990.05912610523,10990.05912610523,10990.05912610523,0.0,0.0,0.0,40505.591988673696
2010-09-25,26476.731721632583,-127.55930995245426,25644.879168632237,26476.731721632583,26476.731721632583,-14272.185048956528,-14272.185048956528,-14272.185048956528,-25867.65597814256,-25867.65597814256,-25867.65597814256,11595.47092918603,11595.47092918603,11595.47092918603,0.0,0.0,0.0,12204.546672676055
2010-09-26,26478.969703215043,16802.820118655767,42421.92304334929,26478.969703215043,26478.969703215043,3290.806113240337,3290.806113240337,3290.806113240337,-8801.109981450922,-8801.109981450922,-8801.109981450922,12091.91609469126,12091.91609469126,12091.91609469126,0.0,0.0,0.0,29769.77581645538
2010-09-27,26481.207684797504,30642.029887685083,57679.68298695999,26481.207684797504,26481.207684797504,17339.09775249361,17339.09775249361,17339.09775249361,4863.236747101902,4863.236747101902,4863.236747101902,12475.86100539171,12475.86100539171,12475.86100539171,0.0,0.0,0.0,43820.305437291114
2010-09-28,26483.44566637997,36307.97130370961,62978.39606691895,26483.44566637997,26483.44566637997,22554.711055051084,22554.711055051084,22554.711055051084,9808.312711128998,9808.312711128998,9808.312711128998,12746.398343922088,12746.398343922088,12746.398343922088,0.0,0.0,0.0,49038.15672143105
2010-09-29,26485.68364796243,31208.439688006118,57493.27861918126,26485.68364796243,26485.68364796243,18177.469038496838,18177.469038496838,18177.469038496838,5272.218302584714,5272.218302584714,5272.218302584714,12905.250735912125,12905.250735912125,12905.250735912125,0.0,0.0,0.0,44663.15268645927
2010-09-30,26487.92162954489,36861.54398266428,64721.57662064003,26487.92162954489,26487.92162954489,24640.662485907338,24640.662485907338,24640.662485907338,11683.959076271292,11683.959076271292,11683.959076271292,12956.703409636044,12956.703409636044,12956.703409636044,0.0,0.0,0.0,51128.58411545223
2010-10-01,26490.159611127357,29039.1017019084,55571.18083496108,26490.159611127357,26490.159611127357,15948.506906799688,15948.506906799688,15948.506906799688,3041.0391225557314,3041.0391225557314,3041.0391225557314,12907.467784243954,12907.467784243954,12907.467784243954,0.0,0.0,0.0,42438.66651792705
2010-10-02,26492.397592709818,582.8308991760767,27285.49261374493,26492.397592709818,26492.397592709818,-13101.176067395521,-13101.176067395521,-13101.176067395521,-25867.655978151954,-25867.655978151954,-25867.655978151954,12766.479910756434,12766.479910756434,12766.479910756434,0.0,0.0,0.0,13391.221525314297
2010-10-03,26494.63557429228,17087.21667328561,42924.646333774435,26494.63557429228,26494.63557429228,3743.5296124778524,3743.5296124778524,3743.5296124778524,-8801.109981434423,-8801.109981434423,-8801.109981434423,12544.639593912276,12544.639593912276,12544.639593912276,0.0,0.0,0.0,30238.16518677013
2010-10-04,26496.873555874743,30372.71796455444,57170.14328359025,26496.873555874743,26496.873555874743,17117.734508697195,17117.734508697195,17117.734508697195,4863.236747113996,4863.236747113996,4863.236747113996,12254.4977615832,12254.4977615832,12254.4977615832,0.0,0.0,0.0,43614.608064571934
2010-10-05,26499.111537457204,35569.45574557167,61232.41887212666,26499.111537457204,26499.111537457204,21718.213880050345,21718.213880050345,21718.213880050345,9808.312711143282,9808.312711143282,9808.312711143282,11909.901168907065,11909.901168907065,11909.901168907065,0.0,0.0,0.0,48217.32541750755
2010-10-06,26501.349519039664,30291.93792294301,56213.83312392828,26501.349519039664,26501.349519039664,16797.823082658186,16797.823082658186,16797.823082658186,5272.2183025835175,5272.2183025835175,5272.2183025835175,11525.604780074666,11525.604780074666,11525.604780074666,0.0,0.0,0.0,43299.17260169785
2010-10-07,26503.587500622125,36506.16140163031,62756.300389269425,26503.587500622125,26503.587500622125,22800.822199485923,22800.822199485923,22800.822199485923,11683.959076263029,11683.959076263029,11683.959076263029,11116.863123222893,11116.863123222893,11116.863123222893,0.0,0.0,0.0,49304.40970010805
2010-10-08,26505.825482204593,27509.680414222814,52540.46630119067,26505.825482204593,26505.825482204593,13740.051655447496,13740.051655447496,13740.051655447496,3041.039122541925,3041.039122541925,3041.039122541925,10699.012532905572,10699.012532905572,10699.012532905572,0.0,0.0,0.0,40245.87713765209
2010-10-09,26508.063463787053,-2328.616961942985,23655.210513752892,26508.063463787053,26508.063463787053,-15580.599517838225,-15580.599517838225,-15580.599517838225,-25867.65597816135,-25867.65597816135,-25867.65597816135,10287.056460323125,10287.056460323125,10287.056460323125,0.0,0.0,0.0,10927.463945948828
2010-10-10,26510.301445369514,13768.183604289146,40373.973529912924,26510.301445369514,26510.301445369514,1094.1559527900768,1094.1559527900768,1094.1559527900768,-8801.1099814142,-8801.1099814142,-8801.1099814142,9895.265934204277,9895.265934204277,9895.265934204277,0.0,0.0,0.0,27604.45739815959
2010-10-11,26512.53942695198,27507.483068993384,53609.893722219495,26512.53942695198,26512.53942695198,14400.04354308294,14400.04354308294,14400.04354308294,4863.236747079932,4863.236747079932,4863.236747079932,9536.80679600301,9536.80679600301,9536.80679600301,0.0,0.0,0.0,40912.58297003492
2010-10-12,26514.77740853444,32429.32049923753,59722.10847326384,26514.77740853444,26514.77740853444,19031.717235570257,19031.717235570257,19031.717235570257,9808.312711147153,9808.312711147153,9808.312711147153,9223.404524423104,9223.404524423104,9223.404524423104,0.0,0.0,0.0,45546.49464410469
2010-10-13,26517.0153901169,27733.516367459302,53648.9724256002,26517.0153901169,26517.0153901169,14237.274630980171,14237.274630980171,14237.274630980171,5272.218302594901,5272.218302594901,5272.218302594901,8965.05632838527,8965.05632838527,8965.05632838527,0.0,0.0,0.0,40754.29002109707
2010-10-14,26519.25337169936,33090.60656719987,60954.02780573363,26519.25337169936,26519.25337169936,20453.757833743268,20453.757833743268,20453.757833743268,11683.959076257632,11683.959076257632,11683.959076257632,8769.798757485636,8769.798757485636,8769.798757485636,0.0,0.0,0.0,46973.01120544263
2010-10-15,26521.49135319447,25165.85979222287,51389.11264355422,26521.49135319447,26521.49135319447,11684.576518629383,11684.576518629383,11684.576518629383,3041.0391225071,3041.0391225071,3041.0391225071,8643.537396122283,8643.537396122283,8643.537396122283,0.0,0.0,0.0,38206.06787182385
2010-10-16,26523.729334689575,-4094.18512978587,22130.104833919737,26523.729334689575,26523.729334689575,-17277.712656741423,-17277.712656741423,-17277.712656741423,-25867.655978161147,-25867.655978161147,-25867.655978161147,8589.943321419725,8589.943321419725,8589.943321419725,0.0,0.0,0.0,9246.016677948151
2010-10-17,26525.967316184684,13388.446797947128,39684.72620708905,26525.967316184684,26525.967316184684,-190.69100970848655,-190.69100970848655,-190.69100970848655,-8801.109981445468,-8801.109981445468,-8801.109981445468,8610.418971736983,8610.418971736983,8610.418971736983,0.0,0.0,0.0,26335.276306476197
2010-10-18,26528.205297679793,26462.240068398925,52892.60979929996,26528.205297679793,26528.205297679793,13567.370699690184,13567.370699690184,13567.370699690184,4863.236747092027,4863.236747092027,4863.236747092027,8704.133952598157,8704.133952598157,8704.133952598157,0.0,0.0,0.0,40095.575997369975
2010-10-19,26530.443279174902,31284.40314601816,58612.903086758226,26530.443279174902,26530.443279174902,18676.441875008935,18676.441875008935,18676.441875008935,9808.312711135772,9808.312711135772,9808.312711135772,8868.129163873162,8868.129163873162,8868.129163873162,0.0,0.0,0.0,45206.88515418384
2010-10-20,26532.681260670008,28074.010462885286,54317.04777770961,26532.681260670008,26532.681260670008,14369.703833442096,14369.703833442096,14369.703833442096,5272.218302606286,5272.218302606286,5272.218302606286,9097.48553083581,9097.48553083581,9097.48553083581,0.0,0.0,0.0,40902.385094112105
2010-10-21,26534.919242165117,35317.41265914484,61067.54615098222,26534.919242165117,26534.919242165117,21069.510702393538,21069.510702393538,21069.510702393538,11683.959076280515,11683.959076280515,11683.959076280515,9385.551626113021,9385.551626113021,9385.551626113021,0.0,0.0,0.0,47604.42994455865
2010-10-22,26537.157223660222,25790.985577149695,53315.897396198896,26537.157223660222,26537.157223660222,12765.261763128801,12765.261763128801,12765.261763128801,3041.039122544488,3041.039122544488,3041.039122544488,9724.222640584312,9724.222640584312,9724.222640584312,0.0,0.0,0.0,39302.41898678902
2010-10-23,26539.39520515533,-2263.604909876249,23610.675809276618,26539.39520515533,26539.39520515533,-15763.394422506639,-15763.394422506639,-15763.394422506639,-25867.655978150688,-25867.655978150688,-25867.655978150688,10104.261555644047,10104.261555644047,10104.261555644047,0.0,0.0,0.0,10776.000782648693
2010-10-24,26541.633186650437,15573.224658807418,41167.78965044456,26541.633186650437,26541.633186650437,1714.542055358891,1714.542055358891,1714.542055358891,-8801.109981428968,-8801.109981428968,-8801.109981428968,10515.652036787858,10515.652036787858,10515.652036787858,0.0,0.0,0.0,28256.17524200933
2010-10-25,26543.87116814555,29842.511695229463,56318.73958864486,26543.87116814555,26543.87116814555,15811.208298832466,15811.208298832466,15811.208298832466,4863.236747104119,4863.236747104119,4863.236747104119,10947.971551728346,10947.971551728346,10947.971551728346,0.0,0.0,0.0,42355.079466978015
2010-10-26,26546.109149640655,34483.35725378959,60234.99810264457,26546.109149640655,26546.109149640655,21199.085259147138,21199.085259147138,21199.085259147138,9808.312711150053,9808.312711150053,9808.312711150053,11390.772547997083,11390.772547997083,11390.772547997083,0.0,0.0,0.0,47745.19440878779
2010-10-27,26548.347131135764,30770.263809717308,57527.60930941462,26548.347131135764,26548.347131135764,17106.177530727542,17106.177530727542,17106.177530727542,5272.218302587732,5272.218302587732,5272.218302587732,11833.959228139813,11833.959228139813,11833.959228139813,0.0,0.0,0.0,43654.52466186331
2010-10-28,26550.58511263087,37164.004021208624,64164.98828542595,26550.58511263087,26550.58511263087,23952.10662305676,23952.10662305676,23952.10662305676,11683.959076241106,11683.959076241106,11683.959076241106,12268.14754681565,12268.14754681565,12268.14754681565,0.0,0.0,0.0,50502.69173568763
2010-10-29,26552.82309412598,27502.07602596647,53983.682796135145,26552.82309412598,26552.82309412598,15726.0356462774,15726.0356462774,15726.0356462774,3041.039122530682,3041.039122530682,3041.039122530682,12684.996523746717,12684.996523746717,12684.996523746717,0.0,0.0,0.0,42278.858740403375
2010-10-30,26555.061075621084,-24.155631265691497,27037.575944097058,26555.061075621084,26555.061075621084,-12790.15617011359,-12790.15617011359,-12790.15617011359,-25867.655978160084,-25867.655978160084,-25867.655978160084,13077.49980804649,13077.49980804649,13077.49980804649,0.0,0.0,0.0,13764.904905507494
2010-10-31,26557.299057116194,18315.349964667825,44064.56039511217,26557.299057116194,26557.299057116194,4639.117639289883,4639.117639289883,4639.117639289883,-8801.10998141247,-8801.10998141247,-8801.10998141247,13440.227620702353,13440.227620702353,13440.227620702353,0.0,0.0,0.0,31196.41669640608
2010-11-01,26559.537038611303,31291.89155961537,58977.18941566252,26559.537038611303,26559.537038611303,18632.74745644127,18632.74745644127,18632.74745644127,4863.236747099905,4863.236747099905,4863.236747099905,13769.510709341364,13769.510709341364,13769.510709341364,0.0,0.0,0.0,45192.284495052576
2010-11-02,26561.77502010641,36743.62174159164,63118.54179609843,26561.77502010641,26561.77502010641,23871.872441066145,23871.872441066145,23871.872441066145,9808.312711153925,9808.312711153925,9808.312711153925,14063.55972991222,14063.55972991222,14063.55972991222,0.0,0.0,0.0,50433.64746117256
2010-11-03,26564.013001601517,33745.118205307765,59064.70464722201,26564.013001601517,26564.013001601517,19594.733774502027,19594.733774502027,19594.733774502027,5272.218302586535,5272.218302586535,5272.218302586535,14322.515471915489,14322.515471915489,14322.515471915489,0.0,0.0,0.0,46158.746776103544
2010-11-04,26566.250983096623,39908.249338438225,66416.0490445263,26566.250983096623,26566.250983096623,26232.38658464836,26232.38658464836,26232.38658464836,11683.959076235711,11683.959076235711,11683.959076235711,14548.42750841265,14548.42750841265,14548.42750841265,0.0,0.0,0.0,52798.63756774498
2010-11-05,26568.488964591732,30873.152666547485,57304.63955499008,26568.488964591732,26568.488964591732,17786.200237610607,17786.200237610607,17786.200237610607,3041.039122516878,3041.039122516878,3041.039122516878,14745.161115093731,14745.161115093731,14745.161115093731,0.0,0.0,0.0,44354.68920220234
2010-11-06,26570.72694608684,2942.39431696881,29411.60122093489,26570.72694608684,26570.72694608684,-10949.421381725924,-10949.421381725924,-10949.421381725924,-25867.65597815988,-25867.65597815988,-25867.65597815988,14918.234596433955,14918.234596433955,14918.234596433955,0.0,0.0,0.0,15621.305564360917
2010-11-07,26572.964926896293,20166.165864487302,45016.99460964254,26572.964926896293,26572.964926896293,6273.481430524028,6273.481430524028,6273.481430524028,-8801.109981491507,-8801.109981491507,-8801.109981491507,15074.591412015538,15074.591412015538,15074.591412015538,0.0,0.0,0.0,32846.44635742032
2010-11-08,26575.202907705745,33291.57428619613,59947.78638336162,26575.202907705745,26575.202907705745,20085.550390814697,20085.550390814697,20085.550390814697,4863.23674708892,4863.23674708892,4863.23674708892,15222.313643725776,15222.313643725776,15222.313643725776,0.0,0.0,0.0,46660.753298520445
2010-11-09,26577.440888515197,37953.51031685696,65251.785720147986,26577.440888515197,26577.440888515197,25178.59802941504,25178.59802941504,25178.59802941504,9808.312711142542,9808.312711142542,9808.312711142542,15370.285318272496,15370.285318272496,15370.285318272496,0.0,0.0,0.0,51756.03891793024
2010-11-10,26579.67886932465,34796.872461898296,60756.084745280896,26579.67886932465,26579.67886932465,20800.034140424374,20800.034140424374,20800.034140424374,5272.218302597918,5272.218302597918,5272.218302597918,15527.815837826456,15527.815837826456,15527.815837826456,0.0,0.0,0.0,47379.71300974902
2010-11-11,26581.9168501341,40679.86766256601,65805.84005946599,26581.9168501341,26581.9168501341,27388.194295171037,27388.194295171037,27388.194295171037,11683.959076258592,11683.959076258592,11683.959076258592,15704.235218912447,15704.235218912447,15704.235218912447,0.0,0.0,0.0,53970.11114530514
2010-11-12,26584.154830943553,32168.287751909385,58442.70989017376,26584.154830943553,26584.154830943553,18949.51307151282,18949.51307151282,18949.51307151282,3041.0391224820532,3041.0391224820532,3041.0391224820532,15908.473949030766,15908.473949030766,15908.473949030766,0.0,0.0,0.0,45533.66790245638
2010-11-13,26586.392811753005,3848.92799718048,30553.76872192274,26586.392811753005,26586.392811753005,-9719.01497420085,-9719.01497420085,-9719.01497420085,-25867.65597814942,-25867.65597814942,-25867.65597814942,16148.64100394857,16148.64100394857,16148.64100394857,0.0,0.0,0.0,16867.377837552154
2010-11-14,26588.630792562457,20461.516044874872,47155.15842932364,26588.630792562457,26588.630792562457,7630.50391807901,7630.50391807901,7630.50391807901,-8801.109981475012,-8801.109981475012,-8801.109981475012,16431.61389955402,16431.61389955402,16431.61389955402,0.0,0.0,0.0,34219.13471064147
2010-11-15,26590.86877337191,34690.78365313391,61630.1296569889,26590.86877337191,26590.86877337191,21625.89131235148,21625.89131235148,21625.89131235148,4863.236747101012,4863.236747101012,4863.236747101012,16762.65456525047,16762.65456525047,16762.65456525047,0.0,0.0,0.0,48216.76008572339
2010-11-16,26593.10675418136,39516.43143664154,67075.16366788775,26593.10675418136,26593.10675418136,26953.37702930865,26953.37702930865,26953.37702930865,9808.312711131164,9808.312711131164,9808.312711131164,17145.064318177487,17145.064318177487,17145.064318177487,0.0,0.0,0.0,53546.48378349001
2010-11-17,26595.344734990813,36560.963478453625,62986.37704293686,26595.344734990813,26595.344734990813,22852.1086012854,22852.1086012854,22852.1086012854,5272.218302579366,5272.218302579366,5272.218302579366,17579.890298706036,17579.890298706036,17579.890298706036,0.0,0.0,0.0,49447.453336276216
2010-11-18,26597.582715800265,42916.42084957673,69946.4503564738,26597.582715800265,26597.582715800265,29749.653495469072,29749.653495469072,29749.653495469072,11683.959076250329,11683.959076250329,11683.959076250329,18065.694419218744,18065.694419218744,18065.694419218744,0.0,0.0,0.0,56347.23621126934
2010-11-19,26599.820696609717,35267.910701196175,60935.6688425335,26599.820696609717,26599.820696609717,21639.433336419756,21639.433336419756,21639.433336419756,3041.039122519438,3041.039122519438,3041.039122519438,18598.394213900316,18598.394213900316,18598.394213900316,0.0,0.0,0.0,48239.25403302947
2010-11-20,26602.05867741917,6618.500325171618,33733.57752548113,26602.05867741917,26602.05867741917,-6696.472976780516,-6696.472976780516,-6696.472976780516,-25867.655978158815,-25867.655978158815,-25867.655978158815,19171.183001378296,19171.183001378296,19171.183001378296,0.0,0.0,0.0,19905.585700638654
2010-11-21,26604.29665822862,24357.355860354197,51007.88693166834,26604.29665822862,26604.29665822862,10973.42455736369,10973.42455736369,10973.42455736369,-8801.109981458512,-8801.109981458512,-8801.109981458512,19774.5345388222,19774.5345388222,19774.5345388222,0.0,0.0,0.0,37577.72121559231
2010-11-22,26606.534639038073,38369.41364036262,63904.899271990034,26606.534639038073,26606.534639038073,25259.5316647337,25259.5316647337,25259.5316647337,4863.236747096797,4863.236747096797,4863.236747096797,20396.2949176369,20396.2949176369,20396.2949176369,0.0,0.0,0.0,51866.066303771775
2010-11-23,26608.77261984753,43821.53738036653,71102.53035746598,26608.77261984753,26608.77261984753,30830.17460724429,30830.17460724429,30830.17460724429,9808.312711145447,9808.312711145447,9808.312711145447,21021.861896098846,21021.861896098846,21021.861896098846,0.0,0.0,0.0,57438.94722709182
2010-11-24,26611.010600656977,40263.13088146699,66522.73205356927,26611.010600656977,26611.010600656977,26906.667558917532,26906.667558917532,26906.667558917532,5272.218302595521,5272.218302595521,5272.218302595521,21634.449256322012,21634.449256322012,21634.449256322012,0.0,0.0,0.0,53517.67815957451
2010-11-25,26613.24858146643,47552.558039182564,72865.27435259802,26613.24858146643,26613.24858146643,33899.39026369003,33899.39026369003,33899.39026369003,11683.959076244933,11683.959076244933,11683.959076244933,22215.431187445105,22215.431187445105,22215.431187445105,0.0,0.0,0.0,60512.638845156456
2010-11-26,26615.486562275884,39432.93070534161,64710.02234090835,26615.486562275884,26615.486562275884,25785.798332360308,25785.798332360308,25785.798332360308,3041.0391225056346,3041.0391225056346,3041.0391225056346,22744.759209854674,22744.759209854674,22744.759209854674,0.0,0.0,0.0,52401.28489463619
2010-11-27,26617.724543085333,11585.275767080588,36815.46391631265,26617.724543085333,26617.724543085333,-2666.214137664489,-2666.214137664489,-2666.214137664489,-25867.655978168208,-25867.655978168208,-25867.655978168208,23201.44184050372,23201.44184050372,23201.44184050372,0.0,0.0,0.0,23951.510405420842
2010-11-28,26619.96252389478,27833.160359811318,55131.47552117307,26619.96252389478,26619.96252389478,14762.965145157694,14762.965145157694,14762.965145157694,-8801.109981438287,-8801.109981438287,-8801.109981438287,23564.07512659598,23564.07512659598,23564.07512659598,0.0,0.0,0.0,41382.92766905247
2010-11-29,26622.200505399695,42366.15245761059,68532.21956604245,26622.200505399695,26622.200505399695,28674.64715497092,28674.64715497092,28674.64715497092,4863.236747085811,4863.236747085811,4863.236747085811,23811.410407885112,23811.410407885112,23811.410407885112,0.0,0.0,0.0,55296.847660370615
2010-11-30,26624.4384869046,46947.86975014815,74079.13095977184,26624.4384869046,26624.4384869046,33731.25697292992,33731.25697292992,33731.25697292992,9808.312711149318,9808.312711149318,9808.312711149318,23922.944261780605,23922.944261780605,23922.944261780605,0.0,0.0,0.0,60355.69545983452
2010-12-01,26626.67646840951,43611.02278700883,68771.33837455788,26626.67646840951,26626.67646840951,29151.73288889528,29151.73288889528,29151.73288889528,5272.218302606905,5272.218302606905,5272.218302606905,23879.514586288373,23879.514586288373,23879.514586288373,0.0,0.0,0.0,55778.40935730479
2010-12-02,26628.914449914417,48815.12314703295,75190.01885161804,26628.914449914417,26628.914449914417,35347.84529410513,35347.84529410513,35347.84529410513,11683.959076239536,11683.959076239536,11683.959076239536,23663.886217865595,23663.886217865595,23663.886217865595,0.0,0.0,0.0,61976.759744019546
2010-12-03,26631.152431419323,39657.818779308334,65818.69774062668,26631.152431419323,26631.152431419323,26302.348509274703,26302.348509274703,26302.348509274703,3041.039122470808,3041.039122470808,3041.039122470808,23261.309386803896,23261.309386803896,23261.309386803896,0.0,0.0,0.0,52933.50094069402
2010-12-04,26633.390412924233,9460.530353578104,35836.430489326805,26633.390412924233,26633.390412924233,-3207.621287204015,-3207.621287204015,-3207.621287204015,-25867.655978168008,-25867.655978168008,-25867.655978168008,22660.034690963992,22660.034690963992,22660.034690963992,0.0,0.0,0.0,23425.769125720217
2010-12-05,26635.628394429143,26313.863913044686,52565.7760826919,26635.628394429143,26635.628394429143,13050.659133819232,13050.659133819232,13050.659133819232,-8801.109981469555,-8801.109981469555,-8801.109981469555,21851.76911528879,21851.76911528879,21851.76911528879,0.0,0.0,0.0,39686.28752824837
2010-12-06,26637.866375934052,38757.95633988866,64627.52027475651,26637.866375934052,26637.866375934052,25695.295668838502,25695.295668838502,25695.295668838502,4863.236747097905,4863.236747097905,4863.236747097905,20832.058921740594,20832.058921740594,20832.058921740594,0.0,0.0,0.0,52333.16204477256
2010-12-07,26640.10435743896,42656.87001035818,68668.79683944612,26640.10435743896,26640.10435743896,29408.899662821208,29408.899662821208,29408.899662821208,9808.312711137936,9808.312711137936,9808.312711137936,19600.58695168327,19600.58695168327,19600.58695168327,0.0,0.0,0.0,56049.00402026017
2010-12-08,26642.342338943865,37031.459917772496,63496.59995106924,26642.342338943865,26642.342338943865,23433.59227949601,23433.59227949601,23433.59227949601,5272.218302588352,5272.218302588352,5272.218302588352,18161.373976907656,18161.373976907656,18161.373976907656,0.0,0.0,0.0,50075.934618439875
2010-12-09,26644.580320448775,41907.28243287187,68966.21053592981,26644.580320448775,26644.580320448775,28206.835228958862,28206.835228958862,28206.835228958862,11683.959076262418,11683.959076262418,11683.959076262418,16522.87615269644,16522.87615269644,16522.87615269644,0.0,0.0,0.0,54851.41554940764
2010-12-10,26646.81830195368,31165.72039955441,57709.759869877525,26646.81830195368,26646.81830195368,17739.012425044606,17739.012425044606,17739.012425044606,3041.0391225081953,3041.0391225081953,3041.0391225081953,14697.973302536411,14697.973302536411,14697.973302536411,0.0,0.0,0.0,44385.83072699829
2010-12-11,26649.056283458594,138.05399546694383,26624.589736860573,26649.056283458594,26649.056283458594,-13163.81035080094,-13163.81035080094,-13163.81035080094,-25867.655978147293,-25867.655978147293,-25867.655978147293,12703.845627346353,12703.845627346353,12703.845627346353,0.0,0.0,0.0,13485.245932657654
2010-12-12,26651.2942649635,15286.11783181435,42213.91265372936,26651.2942649635,26651.2942649635,1760.6294236038934,1760.6294236038934,1760.6294236038934,-8801.109981453057,-8801.109981453057,-8801.109981453057,10561.739405056953,10561.739405056953,10561.739405056953,0.0,0.0,0.0,28411.923688567393
2010-12-13,26653.53224646841,26605.76048060482,53282.65608969988,26653.53224646841,26653.53224646841,13159.861994069539,13159.861994069539,13159.861994069539,4863.236747110001,4863.236747110001,4863.236747110001,8296.62524695954,8296.62524695954,8296.62524695954,0.0,0.0,0.0,39813.39424053795
2010-12-14,26655.770227973317,29511.29907292181,54290.17946432247,26655.770227973317,26655.770227973317,15745.068133616256,15745.068133616256,15745.068133616256,9808.312711152219,9808.312711152219,9808.312711152219,5936.7554224640335,5936.7554224640335,5936.7554224640335,0.0,0.0,0.0,42400.83836158957
2010-12-15,26658.008209478223,22591.477929954985,47984.550966041694,26658.008209478223,26658.008209478223,8785.347874111247,8785.347874111247,8785.347874111247,5272.218302587155,5272.218302587155,5272.218302587155,3513.129571524092,3513.129571524092,3513.129571524092,0.0,0.0,0.0,35443.35608358947
2010-12-16,26660.246190983133,25977.965082875173,52435.27276612974,26660.246190983133,26660.246190983133,12742.839790714597,12742.839790714597,12742.839790714597,11683.959076254157,11683.959076254157,11683.959076254157,1058.8807144604389,1058.8807144604389,1058.8807144604389,0.0,0.0,0.0,39403.08598169773
2010-12-17,26662.484172488043,15754.661706061026,40841.98337763796,26662.484172488043,26662.484172488043,1649.6348912384249,1649.6348912384249,1649.6348912384249,3041.0391224943887,3041.0391224943887,3041.0391224943887,-1391.4042312559636,-1391.4042312559636,-1391.4042312559636,0.0,0.0,0.0,28312.119063726466
2010-12-18,26664.722153992952,-15253.472707467663,10233.032260259039,26664.722153992952,26664.722153992952,-29670.069253540874,-29670.069253540874,-29670.069253540874,-25867.65597815669,-25867.65597815669,-25867.65597815669,-3802.413275384186,-3802.413275384186,-3802.413275384186,0.0,0.0,0.0,-3005.347099547922
2010-12-19,26666.96013549786,-1313.107218025169,24778.087623624433,26666.96013549786,26666.96013549786,-14939.979821428016,-14939.979821428016,-14939.979821428016,-8801.109981432834,-8801.109981432834,-8801.109981432834,-6138.869839995183,-6138.869839995183,-6138.869839995183,0.0,0.0,0.0,11726.980314069842
2010-12-20,26669.198117002765,10877.028007654584,36342.64589255134,26669.198117002765,26669.198117002765,-3503.069409340926,-3503.069409340926,-3503.069409340926,4863.236747105782,4863.236747105782,4863.236747105782,-8366.306156446708,-8366.306156446708,-8366.306156446708,0.0,0.0,0.0,23166.12870766184
2010-12-21,26671.43609850768,12162.918444291692,39401.34567478511,26671.43609850768,26671.43609850768,-643.5175392399243,-643.5175392399243,-643.5175392399243,9808.31271114568,9808.31271114568,9808.31271114568,-10451.830250385605,-10451.830250385605,-10451.830250385605,0.0,0.0,0.0,26027.918559267753
2010-12-22,26673.67408240924,6078.60822228945,33184.31794533402,26673.67408240924,26673.67408240924,-7092.648826520046,-7092.648826520046,-7092.648826520046,5272.218302598538,5272.218302598538,5272.218302598538,-12364.867129118584,-12364.867129118584,-12364.867129118584,0.0,0.0,0.0,19581.025255889195
2010-12-23,26675.912066310804,11900.61888827456,36816.51955548982,26675.912066310804,26675.912066310804,-2393.89616666593,-2393.89616666593,-2393.89616666593,11683.959076248759,11683.959076248759,11683.959076248759,-14077.85524291469,-14077.85524291469,-14077.85524291469,0.0,0.0,0.0,24282.015899644874
2010-12-24,26678.150050212367,1281.1293992121437,27890.33532503581,26678.150050212367,26678.150050212367,-12525.841137472456,-12525.841137472456,-12525.841137472456,3041.0391224805844,3041.0391224805844,3041.0391224805844,-15566.88025995304,-15566.88025995304,-15566.88025995304,0.0,0.0,0.0,14152.30891273991
2010-12-25,26680.388034113934,-29178.338803671635,-2808.7468268522193,26680.388034113934,26680.388034113934,-42679.88562853866,-42679.88562853866,-42679.88562853866,-25867.655978156483,-25867.655978156483,-25867.655978156483,-16812.22965038217,-16812.22965038217,-16812.22965038217,0.0,0.0,0.0,-15999.497594424724
2010-12-26,26682.626018015497,-13298.685335778959,13530.316384145784,26682.626018015497,26682.626018015497,-26599.96346402437,-26599.96346402437,-26599.96346402437,-8801.109981464102,-8801.109981464102,-8801.109981464102,-17798.85348256027,-17798.85348256027,-17798.85348256027,0.0,0.0,0.0,82.6625539911256
2010-12-27,26684.864001917063,229.3232453761434,26199.45161875908,26684.864001917063,26684.864001917063,-13653.482397702684,-13653.482397702684,-13653.482397702684,4863.2367470948,4863.2367470948,4863.2367470948,-18516.719144797484,-18516.719144797484,-18516.719144797484,0.0,0.0,0.0,13031.381604214379
2010-12-28,26687.101985818623,4819.357578352221,30066.23827347854,26687.101985818623,26687.101985818623,-9152.737647397353,-9152.737647397353,-9152.737647397353,9808.312711134296,9808.312711134296,9808.312711134296,-18961.050358531647,-18961.050358531647,-18961.050358531647,0.0,0.0,0.0,17534.36433842127
2010-12-29,26689.33996972019,-605.9276287051949,25488.489132663875,26689.33996972019,26689.33996972019,-13860.225471145215,-13860.225471145215,-13860.225471145215,5272.218302609922,5272.218302609922,5272.218302609922,-19132.443773755138,-19132.443773755138,-19132.443773755138,0.0,0.0,0.0,12829.114498574974
2010-12-30,26691.577953621752,5524.990156069445,32306.403198540833,26691.577953621752,26691.577953621752,-7352.900480588254,-7352.900480588254,-7352.900480588254,11683.959076271643,11683.959076271643,11683.959076271643,-19036.859556859894,-19036.859556859894,-19036.859556859894,0.0,0.0,0.0,19338.6774730335
2010-12-31,26693.81593752332,-1575.5552056926176,25370.954577049968,26693.81593752332,26693.81593752332,-15644.446488894115,-15644.446488894115,-15644.446488894115,3041.0391224457603,3041.0391224457603,3041.0391224457603,-18685.485611339875,-18685.485611339875,-18685.485611339875,0.0,0.0,0.0,11049.369448629204
2011-01-01,26696.053921424882,-29850.85547318037,-3601.3669386906154,26696.053921424882,26696.053921424882,-43962.134304070314,-43962.134304070314,-43962.134304070314,-25867.655978146024,-25867.655978146024,-25867.655978146024,-18094.478325924287,-18094.478325924287,-18094.478325924287,0.0,0.0,0.0,-17266.080382645432
2011-01-02,26698.291905326445,-11280.976224567565,13578.176922693523,26698.291905326445,26698.291905326445,-26085.695916431858,-26085.695916431858,-26085.695916431858,-8801.109981447604,-8801.109981447604,-8801.109981447604,-17284.585934984254,-17284.585934984254,-17284.585934984254,0.0,0.0,0.0,612.5959888945872
2011-01-03,26700.529889228008,1111.574325087139,27159.906457877638,26700.529889228008,26700.529889228008,-11417.42686889852,-11417.42686889852,-11417.42686889852,4863.236747106894,4863.236747106894,4863.236747106894,-16280.663616005413,-16280.663616005413,-16280.663616005413,0.0,0.0,0.0,15283.103020329489
2011-01-04,26702.76787312957,7833.1138973416955,34482.09282509295,26702.76787312957,26702.76787312957,-5302.779544638912,-5302.779544638912,-5302.779544638912,9808.312711148581,9808.312711148581,9808.312711148581,-15111.092255787493,-15111.092255787493,-15111.092255787493,0.0,0.0,0.0,21399.98832849066
2011-01-05,26705.005857031138,5828.438980838891,31439.4582009501,26705.005857031138,26705.005857031138,-8534.897012242494,-8534.897012242494,-8534.897012242494,5272.21830259137,5272.21830259137,5272.21830259137,-13807.115314833864,-13807.115314833864,-13807.115314833864,0.0,0.0,0.0,18170.108844788643
2011-01-06,26707.243840932697,13407.030955058246,40120.21621351731,26707.243840932697,26707.243840932697,-718.1512635039602,-718.1512635039602,-718.1512635039602,11683.95907626338,11683.95907626338,11683.95907626338,-12402.11033976734,-12402.11033976734,-12402.11033976734,0.0,0.0,0.0,25989.092577428735
2011-01-07,26709.481824834264,6854.497693689594,31636.794171441437,26709.481824834264,26709.481824834264,-7889.774236139275,-7889.774236139275,-7889.774236139275,3041.0391225553562,3041.0391225553562,3041.0391225553562,-10930.81335869463,-10930.81335869463,-10930.81335869463,0.0,0.0,0.0,18819.70758869499
2011-01-08,26711.719808735827,-22042.87330859074,5130.04275171693,26711.719808735827,26711.719808735827,-35296.17157671139,-35296.17157671139,-35296.17157671139,-25867.65597815542,-25867.65597815542,-25867.65597815542,-9428.515598555978,-9428.515598555978,-9428.515598555978,0.0,0.0,0.0,-8584.451767975566
2011-01-09,26713.957792637393,-4279.125611261571,23223.883407313064,26713.957792637393,26713.957792637393,-16731.36263486922,-16731.36263486922,-16731.36263486922,-8801.109981431106,-8801.109981431106,-8801.109981431106,-7930.252653438113,-7930.252653438113,-7930.252653438113,0.0,0.0,0.0,9982.595157768174
2011-01-10,26716.195776538956,12087.16277398594,38516.04104281451,26716.195776538956,26716.195776538956,-1606.7696426888276,-1606.7696426888276,-1606.7696426888276,4863.2367471026755,4863.2367471026755,4863.2367471026755,-6470.006389791503,-6470.006389791503,-6470.006389791503,0.0,0.0,0.0,25109.426133850127
2011-01-11,26718.43376044052,18422.09943305851,44440.95595069875,26718.43376044052,26718.43376044052,4728.373216515963,4728.373216515963,4728.373216515963,9808.312711152454,9808.312711152454,9808.312711152454,-5079.93949463649,-5079.93949463649,-5079.93949463649,0.0,0.0,0.0,31446.806976956483
2011-01-12,26720.671744342082,14475.73299438254,40906.782855146696,26720.671744342082,26720.671744342082,1482.5366365394234,1482.5366365394234,1482.5366365394234,5272.218302590172,5272.218302590172,5272.218302590172,-3789.681666050749,-3789.681666050749,-3789.681666050749,0.0,0.0,0.0,28203.208380881504
2011-01-13,26722.909728243645,22598.411465405145,48887.088717489176,26722.909728243645,26722.909728243645,9058.274039191554,9058.274039191554,9058.274039191554,11683.959076257985,11683.959076257985,11683.959076257985,-2625.6850370664306,-2625.6850370664306,-2625.6850370664306,0.0,0.0,0.0,35781.1837674352
2011-01-14,26725.14771280307,13916.560123512687,41308.76161947635,26725.14771280307,26725.14771280307,1430.3745699134472,1430.3745699134472,1430.3745699134472,3041.0391225415524,3041.0391225415524,3041.0391225415524,-1610.6645526281052,-1610.6645526281052,-1610.6645526281052,0.0,0.0,0.0,28155.52228271652
2011-01-15,26727.385697362497,-13022.695167795753,13591.554916290781,26727.385697362497,26727.385697362497,-26630.792714480176,-26630.792714480176,-26630.792714480176,-25867.655978155213,-25867.655978155213,-25867.655978155213,-763.1367363249633,-763.1367363249633,-763.1367363249633,0.0,0.0,0.0,96.59298288232094
2011-01-16,26729.623681921923,4544.733329974153,30917.867250047537,26729.623681921923,26729.623681921923,-8898.177632901203,-8898.177632901203,-8898.177632901203,-8801.10998141088,-8801.10998141088,-8801.10998141088,-97.06765149032336,-97.06765149032336,-97.06765149032336,0.0,0.0,0.0,17831.44604902072
2011-01-17,26731.861666481345,19187.864699210073,44804.430981102574,26731.861666481345,26731.861666481345,5241.5987951573225,5241.5987951573225,5241.5987951573225,4863.236747091691,4863.236747091691,4863.236747091691,378.3620480656319,378.3620480656319,378.3620480656319,0.0,0.0,0.0,31973.460461638668
2011-01-18,26734.09965104077,24109.507281174832,50983.28863749361,26734.09965104077,26734.09965104077,10467.182900146363,10467.182900146363,10467.182900146363,9808.31271114107,9808.31271114107,9808.31271114107,658.8701890052927,658.8701890052927,658.8701890052927,0.0,0.0,0.0,37201.282551187134
2011-01-19,26736.337635600197,20129.611031216114,46048.80062921572,26736.337635600197,26736.337635600197,6017.281004529487,6017.281004529487,6017.281004529487,5272.2183026015555,5272.2183026015555,5272.2183026015555,745.0627019279315,745.0627019279315,745.0627019279315,0.0,0.0,0.0,32753.618640129684
2011-01-20,26738.575620159623,26438.491644037556,52803.80948934615,26738.575620159623,26738.575620159623,12326.26054880139,12326.26054880139,12326.26054880139,11683.959076252586,11683.959076252586,11683.959076252586,642.301472548804,642.301472548804,642.301472548804,0.0,0.0,0.0,39064.83616896102
2011-01-21,26740.813604719046,17072.455934803533,42917.5928190161,26740.813604719046,26740.813604719046,3401.494399541709,3401.494399541709,3401.494399541709,3041.039122506727,3041.039122506727,3041.039122506727,360.45527703498186,360.45527703498186,360.45527703498186,0.0,0.0,0.0,30142.308004260754
2011-01-22,26743.051589278475,-12079.937035167588,13664.265018975968,26743.051589278475,26743.051589278475,-25954.114288399665,-25954.114288399665,-25954.114288399665,-25867.655978144754,-25867.655978144754,-25867.655978144754,-86.45831025491078,-86.45831025491078,-86.45831025491078,0.0,0.0,0.0,788.9373008788098
2011-01-23,26745.289573837897,3860.1178847297415,30368.285848908927,26745.289573837897,26745.289573837897,-9481.839329171156,-9481.839329171156,-9481.839329171156,-8801.10998144215,-8801.10998144215,-8801.10998144215,-680.729347729006,-680.729347729006,-680.729347729006,0.0,0.0,0.0,17263.45024466674
2011-01-24,26747.527558397323,17042.417992139883,43234.02290791867,26747.527558397323,26747.527558397323,3461.739634081753,3461.739634081753,3461.739634081753,4863.236747097015,4863.236747097015,4863.236747097015,-1401.4971130152624,-1401.4971130152624,-1401.4971130152624,0.0,0.0,0.0,30209.267192479077
2011-01-25,26749.765542956746,20518.410451401644,47922.20343953642,26749.765542956746,26749.765542956746,7582.951170823349,7582.951170823349,7582.951170823349,9808.312711129689,9808.312711129689,9808.312711129689,-2225.3615403063395,-2225.3615403063395,-2225.3615403063395,0.0,0.0,0.0,34332.71671378009
2011-01-26,26752.003527516175,15846.941547195707,42588.3509824021,26752.003527516175,26752.003527516175,2145.1707915018665,2145.1707915018665,2145.1707915018665,5272.218302583004,5272.218302583004,5272.218302583004,-3127.0475110811367,-3127.0475110811367,-3127.0475110811367,0.0,0.0,0.0,28897.174319018042
2011-01-27,26754.241512075598,20780.262661854784,48704.65623268713,26754.241512075598,26754.241512075598,7603.855295758955,7603.855295758955,7603.855295758955,11683.959076275469,11683.959076275469,11683.959076275469,-4080.103780516514,-4080.103780516514,-4080.103780516514,0.0,0.0,0.0,34358.096807834554
2011-01-28,26756.479496635024,11583.268921309062,37240.60325067474,26756.479496635024,26756.479496635024,-2016.5784820815757,-2016.5784820815757,-2016.5784820815757,3041.0391225441163,3041.0391225441163,3041.0391225441163,-5057.617604625692,-5057.617604625692,-5057.617604625692,0.0,0.0,0.0,24739.90101455345
2011-01-29,26758.71748119445,-18772.578231607484,8172.973810431116,26758.71748119445,26758.71748119445,-31900.58191366636,-31900.58191366636,-31900.58191366636,-25867.65597815415,-25867.65597815415,-25867.65597815415,-6032.92593551221,-6032.92593551221,-6032.92593551221,0.0,0.0,0.0,-5141.86443247191
2011-01-30,26760.955465753876,-1732.8336892687978,24313.678153528308,26760.955465753876,26760.955465753876,-15781.414357475376,-15781.414357475376,-15781.414357475376,-8801.109981425649,-8801.109981425649,-8801.109981425649,-6980.304376049725,-6980.304376049725,-6980.304376049725,0.0,0.0,0.0,10979.5411082785
2011-01-31,26763.193450313298,10066.668469154116,37204.4409132424,26763.193450313298,26763.193450313298,-3012.379171294718,-3012.379171294718,-3012.379171294718,4863.2367470928,4863.2367470928,4863.2367470928,-7875.615918387519,-7875.615918387519,-7875.615918387519,0.0,0.0,0.0,23750.81427901858
2011-02-01,26765.431434872724,15120.739798292068,41506.90469167262,26765.431434872724,26765.431434872724,1111.4099048990995,1111.4099048990995,1111.4099048990995,9808.312711143972,9808.312711143972,9808.312711143972,-8696.902806244872,-8696.902806244872,-8696.902806244872,0.0,0.0,0.0,27876.841339771825
2011-02-02,26767.66941943215,9665.178740524145,35730.622398569256,26767.66941943215,26767.66941943215,-4152.688316828596,-4152.688316828596,-4152.688316828596,5272.218302581806,5272.218302581806,5272.218302581806,-9424.906619410402,-9424.906619410402,-9424.906619410402,0.0,0.0,0.0,22614.981102603553
2011-02-03,26769.907403991576,15086.25234503767,41952.96888203627,26769.907403991576,26769.907403991576,1640.4552480299278,1640.4552480299278,1640.4552480299278,11683.95907623606,11683.95907623606,11683.95907623606,-10043.503828206132,-10043.503828206132,-10043.503828206132,0.0,0.0,0.0,28410.362652021504
2011-02-04,26772.145388550998,6750.204661048575,32938.649145201314,26772.145388550998,26772.145388550998,-7499.007420776093,-7499.007420776093,-7499.007420776093,3041.039122530309,3041.039122530309,3041.039122530309,-10540.046543306402,-10540.046543306402,-10540.046543306402,0.0,0.0,0.0,19273.137967774906
2011-02-05,26774.383375973015,-23024.92872666825,3613.6234676213744,26774.383375973015,26774.383375973015,-36773.25689933642,-36773.25689933642,-36773.25689933642,-25867.655978163544,-25867.655978163544,-25867.655978163544,-10905.600921172869,-10905.600921172869,-10905.600921172869,0.0,0.0,0.0,-9998.873523363403
2011-02-06,26776.621363395025,-6795.208402075137,19274.41871254227,26776.621363395025,26776.621363395025,-19936.18858069296,-19936.18858069296,-19936.18858069296,-8801.109981405425,-8801.109981405425,-8801.109981405425,-11135.078599287535,-11135.078599287535,-11135.078599287535,0.0,0.0,0.0,6840.432782702064
2011-02-07,26778.859350817038,7854.286319730528,33717.77717483581,26778.859350817038,26778.859350817038,-6364.022798754954,-6364.022798754954,-6364.022798754954,4863.236747081815,4863.236747081815,4863.236747081815,-11227.25954583677,-11227.25954583677,-11227.25954583677,0.0,0.0,0.0,20414.836552062083
2011-02-08,26781.09733823905,12063.782353715009,38886.445597904094,26781.09733823905,26781.09733823905,-1376.395019742938,-1376.395019742938,-1376.395019742938,9808.312711147842,9808.312711147842,9808.312711147842,-11184.707730890783,-11184.707730890783,-11184.707730890783,0.0,0.0,0.0,25404.702318496114
2011-02-09,26783.335325661064,7501.746598334191,34157.89317414414,26783.335325661064,26783.335325661064,-5741.365673243702,-5741.365673243702,-5741.365673243702,5272.21830259319,5272.21830259319,5272.21830259319,-11013.583975836891,-11013.583975836891,-11013.583975836891,0.0,0.0,0.0,21041.969652417363
2011-02-10,26785.573313083078,15234.523199256166,41214.328483883975,26785.573313083078,26785.573313083078,960.5959430774932,960.5959430774932,960.5959430774932,11683.959076230665,11683.959076230665,11683.959076230665,-10723.36313315317,-10723.36313315317,-10723.36313315317,0.0,0.0,0.0,27746.16925616057
2011-02-11,26787.81130050509,4650.366641980854,32971.27177708319,26787.81130050509,26787.81130050509,-7285.426189927408,-7285.426189927408,-7285.426189927408,3041.0391224954856,3041.0391224954856,3041.0391224954856,-10326.465312422893,-10326.465312422893,-10326.465312422893,0.0,0.0,0.0,19502.385110577685
2011-02-12,26790.049287927104,-22023.60342057759,3888.294059914224,26790.049287927104,26790.049287927104,-35705.46910919815,-35705.46910919815,-35705.46910919815,-25867.655978163344,-25867.655978163344,-25867.655978163344,-9837.813131034807,-9837.813131034807,-9837.813131034807,0.0,0.0,0.0,-8915.419821271047
2011-02-13,26792.287275349114,-4592.6791665558985,21191.682211218937,26792.287275349114,26792.287275349114,-18075.438849702976,-18075.438849702976,-18075.438849702976,-8801.109981436693,-8801.109981436693,-8801.109981436693,-9274.328868266284,-9274.328868266284,-9274.328868266284,0.0,0.0,0.0,8716.848425646138
2011-02-14,26794.52526277113,10104.683370358338,37803.32867017047,26794.52526277113,26794.52526277113,-3791.1501421756693,-3791.1501421756693,-3791.1501421756693,4863.236747093907,4863.236747093907,4863.236747093907,-8654.386889269577,-8654.386889269577,-8654.386889269577,0.0,0.0,0.0,23003.37512059546
2011-02-15,26796.76325019314,16457.417518050406,42336.143871069384,26796.76325019314,26796.76325019314,1811.0749686611764,1811.0749686611764,1811.0749686611764,9808.312711136463,9808.312711136463,9808.312711136463,-7997.237742475286,-7997.237742475286,-7997.237742475286,0.0,0.0,0.0,28607.83821885432
2011-02-16,26799.001237615154,12215.89258889852,38123.14902335545,26799.001237615154,26799.001237615154,-2050.2025926152864,-2050.2025926152864,-2050.2025926152864,5272.218302604573,5272.218302604573,5272.218302604573,-7322.420895219859,-7322.420895219859,-7322.420895219859,0.0,0.0,0.0,24748.798644999868
2011-02-17,26801.239225037167,18450.94339506039,44578.02791632367,26801.239225037167,26801.239225037167,5034.7759302094855,5034.7759302094855,5034.7759302094855,11683.959076253548,11683.959076253548,11683.959076253548,-6649.183146044062,-6649.183146044062,-6649.183146044062,0.0,0.0,0.0,31836.015155246652
2011-02-18,26803.47721245918,10676.294226797932,37439.83156813482,26803.47721245918,26803.47721245918,-2954.8802185060977,-2954.8802185060977,-2954.8802185060977,3041.03912253287,3041.03912253287,3041.03912253287,-5995.919341038968,-5995.919341038968,-5995.919341038968,0.0,0.0,0.0,23848.596993953084
2011-02-19,26805.71519988119,-18184.1035502336,8445.490237179723,26805.71519988119,26805.71519988119,-31247.30711975001,-31247.30711975001,-31247.30711975001,-25867.655978152885,-25867.655978152885,-25867.655978152885,-5379.651141597127,-5379.651141597127,-5379.651141597127,0.0,0.0,0.0,-4441.591919868821
2011-02-20,26807.953187303207,-599.161427011059,27684.774541178842,26807.953187303207,26807.953187303207,-13616.668253013944,-13616.668253013944,-13616.668253013944,-8801.109981471693,-8801.109981471693,-8801.109981471693,-4815.5582715422515,-4815.5582715422515,-4815.5582715422515,0.0,0.0,0.0,13191.284934289262
2011-02-21,26810.191174725216,14670.663327500151,40634.4100588657,26810.191174725216,26810.191174725216,546.66179243877,546.66179243877,546.66179243877,4863.236747106003,4863.236747106003,4863.236747106003,-4316.574954667233,-4316.574954667233,-4316.574954667233,0.0,0.0,0.0,27356.852967163984
2011-02-22,26812.42916214723,19760.65839060647,45792.571415443905,26812.42916214723,26812.42916214723,5915.250519381145,5915.250519381145,5915.250519381145,9808.312711150747,9808.312711150747,9808.312711150747,-3893.0621917696017,-3893.0621917696017,-3893.0621917696017,0.0,0.0,0.0,32727.679681528374
2011-02-23,26814.667149569243,15268.388503765944,41596.09660717142,26814.667149569243,26814.667149569243,1719.6541209677437,1719.6541209677437,1719.6541209677437,5272.218302586021,5272.218302586021,5272.218302586021,-3552.564181618277,-3552.564181618277,-3552.564181618277,0.0,0.0,0.0,28534.321270536988
2011-02-24,26816.905136991256,22868.321290231484,47809.601487261294,26816.905136991256,26816.905136991256,8384.304443446335,8384.304443446335,8384.304443446335,11683.959076245283,11683.959076245283,11683.959076245283,-3299.6546327989467,-3299.6546327989467,-3299.6546327989467,0.0,0.0,0.0,35201.20958043759
2011-02-25,26819.14312441327,12962.980399724811,39608.87321706199,26819.14312441327,26819.14312441327,-94.83689583744611,-94.83689583744611,-94.83689583744611,3041.039122519066,3041.039122519066,3041.039122519066,-3135.876018356512,-3135.876018356512,-3135.876018356512,0.0,0.0,0.0,26724.306228575824
2011-02-26,26821.381111835282,-15925.2390951205,11510.633857209072,26821.381111835282,26821.381111835282,-28927.428049564736,-28927.428049564736,-28927.428049564736,-25867.65597816228,-25867.65597816228,-25867.65597816228,-3059.7720714024576,-3059.7720714024576,-3059.7720714024576,0.0,0.0,0.0,-2106.046937729454
2011-02-27,26823.619099257296,1070.7925184401774,28109.359812490504,26823.619099257296,26823.619099257296,-11868.121068617987,-11868.121068617987,-11868.121068617987,-8801.109981451467,-8801.109981451467,-8801.109981451467,-3067.011087166519,-3067.011087166519,-3067.011087166519,0.0,0.0,0.0,14955.498030639308
2011-02-28,26825.857976619933,16013.178053652888,40952.57146276292,26825.857976619933,26825.857976619933,1712.641782930131,1712.641782930131,1712.641782930131,4863.236747101787,4863.236747101787,4863.236747101787,-3150.5949641716556,-3150.5949641716556,-3150.5949641716556,0.0,0.0,0.0,28538.499759550064
2011-03-01,26828.09685398257,20599.464177060847,46705.741345728784,26828.09685398257,26828.09685398257,6507.166252021257,6507.166252021257,6507.166252021257,9808.312711154618,9808.312711154618,9808.312711154618,-3301.14645913336,-3301.14645913336,-3301.14645913336,0.0,0.0,0.0,33335.263106003826
2011-03-02,26830.335731345207,15463.572731374,41902.4368104019,26830.335731345207,26830.335731345207,1764.953385712275,1764.953385712275,1764.953385712275,5272.218302584821,5272.218302584821,5272.218302584821,-3507.2649168725466,-3507.2649168725466,-3507.2649168725466,0.0,0.0,0.0,28595.28911705748
2011-03-03,26832.574608707844,21256.035006460083,47045.33775549297,26832.574608707844,26832.574608707844,7928.020246734784,7928.020246734784,7928.020246734784,11683.959076239888,11683.959076239888,11683.959076239888,-3755.938829505102,-3755.938829505102,-3755.938829505102,0.0,0.0,0.0,34760.59485544263
2011-03-04,26834.81348607048,13878.758782776393,39769.492822011154,26834.81348607048,26834.81348607048,-991.9629089640814,-991.9629089640814,-991.9629089640814,3041.0391225052613,3041.0391225052613,3041.0391225052613,-4033.0020314693425,-4033.0020314693425,-4033.0020314693425,0.0,0.0,0.0,25842.8505771064
2011-03-05,26837.05236343312,-15995.019429742084,9562.858567440262,26837.05236343312,26837.05236343312,-30191.275168564796,-30191.275168564796,-30191.275168564796,-25867.655978162078,-25867.655978162078,-25867.655978162078,-4323.619190402717,-4323.619190402717,-4323.619190402717,0.0,0.0,0.0,-3354.222805131678
2011-03-06,26839.291240795756,-586.1452286315084,26444.589263116162,26839.291240795756,26839.291240795756,-13413.895519798594,-13413.895519798594,-13413.895519798594,-8801.109981482738,-8801.109981482738,-8801.109981482738,-4612.785538315856,-4612.785538315856,-4612.785538315856,0.0,0.0,0.0,13425.395720997161
2011-03-07,26841.53011815839,13713.492812080254,39824.33047639348,26841.53011815839,26841.53011815839,-22.588773450448095,-22.588773450448095,-22.588773450448095,4863.2367470908,4863.2367470908,4863.2367470908,-4885.825520541249,-4885.825520541249,-4885.825520541249,0.0,0.0,0.0,26818.941344707942
2011-03-08,26843.768995521026,19206.501876650986,44703.051329973176,26843.768995521026,26843.768995521026,4679.43748573634,4679.43748573634,4679.43748573634,9808.312711143237,9808.312711143237,9808.312711143237,-5128.875225406897,-5128.875225406897,-5128.875225406897,0.0,0.0,0.0,31523.206481257366
2011-03-09,26846.007872883663,14693.738679672992,40912.20414613307,26846.007872883663,26846.007872883663,-57.115784114741196,-57.115784114741196,-57.115784114741196,5272.218302613558,5272.218302613558,5272.218302613558,-5329.3340867283,-5329.3340867283,-5329.3340867283,0.0,0.0,0.0,26788.892088768924
2011-03-10,26848.2467502463,19566.471289365316,46592.67158093357,26848.2467502463,26848.2467502463,6207.686674143201,6207.686674143201,6207.686674143201,11683.95907626277,11683.95907626277,11683.95907626277,-5476.272402119569,-5476.272402119569,-5476.272402119569,0.0,0.0,0.0,33055.9334243895
2011-03-11,26850.48562760894,10093.887107771674,37367.947742731034,26850.48562760894,26850.48562760894,-2519.7435263346447,-2519.7435263346447,-2519.7435263346447,3041.0391224704354,3041.0391224704354,3041.0391224704354,-5560.7826488050805,-5560.7826488050805,-5560.7826488050805,0.0,0.0,0.0,24330.742101274296
2011-03-12,26852.724504971575,-18241.24751398808,8457.473168068385,26852.724504971575,26852.724504971575,-31443.920338348806,-31443.920338348806,-31443.920338348806,-25867.655978151615,-25867.655978151615,-25867.655978151615,-5576.264360197186,-5576.264360197186,-5576.264360197186,0.0,0.0,0.0,-4591.195833377231
2011-03-13,26854.963382334212,-1361.7540633705719,26481.521093585103,26854.963382334212,26854.963382334212,-14319.744377714855,-14319.744377714855,-14319.744377714855,-8801.10998146624,-8801.10998146624,-8801.10998146624,-5518.634396248615,-5518.634396248615,-5518.634396248615,0.0,0.0,0.0,12535.219004619357
2011-03-14,26857.20225969685,13159.060529989689,40144.53815525177,26857.20225969685,26857.20225969685,-523.2199886490338,-523.2199886490338,-523.2199886490338,4863.236747102896,4863.236747102896,4863.236747102896,-5386.456735751929,-5386.456735751929,-5386.456735751929,0.0,0.0,0.0,26333.982271047815
2011-03-15,26859.441137059486,18602.060243480748,44320.40410609458,26859.441137059486,26859.441137059486,4627.324340498608,4627.324340498608,4627.324340498608,9808.312711131855,9808.312711131855,9808.312711131855,-5180.988370633248,-5180.988370633248,-5180.988370633248,0.0,0.0,0.0,31486.765477558096
2011-03-16,26861.680014422123,14654.056825835683,40373.904007213096,26861.680014422123,26861.680014422123,366.07788494181557,366.07788494181557,366.07788494181557,5272.218302595009,5272.218302595009,5272.218302595009,-4906.140417653193,-4906.140417653193,-4906.140417653193,0.0,0.0,0.0,27227.75789936394
2011-03-17,26863.918891784757,19746.628129773555,47073.339256349915,26863.918891784757,26863.918891784757,7115.602969188528,7115.602969188528,7115.602969188528,11683.959076254505,11683.959076254505,11683.959076254505,-4568.356107065977,-4568.356107065977,-4568.356107065977,0.0,0.0,0.0,33979.521860973284
2011-03-18,26866.157769147398,12768.97999635051,39462.48934140155,26866.157769147398,26866.157769147398,-1135.3706632676303,-1135.3706632676303,-1135.3706632676303,3041.0391225078224,3041.0391225078224,3041.0391225078224,-4176.409785775452,-4176.409785775452,-4176.409785775452,0.0,0.0,0.0,25730.78710587977
2011-03-19,26868.396646510035,-15684.60691966395,9985.277421011728,26868.396646510035,26868.396646510035,-29608.789390246195,-29608.789390246195,-29608.789390246195,-25867.65597815075,-25867.65597815075,-25867.65597815075,-3741.133412095445,-3741.133412095445,-3741.133412095445,0.0,0.0,0.0,-2740.39274373616
2011-03-20,26870.635523872672,1937.1454864501825,27850.933212594187,26870.635523872672,26870.635523872672,-12076.189133956717,-12076.189133956717,-12076.189133956717,-8801.109981449737,-8801.109981449737,-8801.109981449737,-3275.0791525069785,-3275.0791525069785,-3275.0791525069785,0.0,0.0,0.0,14794.446389915955
2011-03-21,26872.874401235305,14767.974633844195,41395.33762928053,26872.874401235305,26872.874401235305,2071.1081907001912,2071.1081907001912,2071.1081907001912,4863.23674709868,4863.23674709868,4863.23674709868,-2792.128556398489,-2792.128556398489,-2792.128556398489,0.0,0.0,0.0,28943.982591935495
2011-03-22,26875.113282341237,20438.29301980079,47197.237317713436,26875.113282341237,26875.113282341237,7501.252381709593,7501.252381709593,7501.252381709593,9808.31271114614,9808.31271114614,9808.31271114614,-2307.0603294365487,-2307.0603294365487,-2307.0603294365487,0.0,0.0,0.0,34376.36566405083
2011-03-23,26877.352163447173,16252.726202249907,43767.616970168965,26877.352163447173,26877.352163447173,3437.128396159477,3437.128396159477,3437.128396159477,5272.218302593809,5272.218302593809,5272.218302593809,-1835.0899064343323,-1835.0899064343323,-1835.0899064343323,0.0,0.0,0.0,30314.48055960665
2011-03-24,26879.591044553108,25133.15100737892,50770.29595471911,26879.591044553108,26879.591044553108,10292.564268418704,10292.564268418704,10292.564268418704,11683.95907624911,11683.95907624911,11683.95907624911,-1391.3948078304056,-1391.3948078304056,-1391.3948078304056,0.0,0.0,0.0,37172.15531297181
2011-03-25,26881.82992565904,15717.056835508494,42423.066683012636,26881.82992565904,26881.82992565904,2050.398993173411,2050.398993173411,2050.398993173411,3041.0391224940163,3041.0391224940163,3041.0391224940163,-990.6401293206054,-990.6401293206054,-990.6401293206054,0.0,0.0,0.0,28932.22891883245
2011-03-26,26884.06880676497,-12306.301693976524,13974.738459633503,26884.06880676497,26884.06880676497,-26514.174431492196,-26514.174431492196,-26514.174431492196,-25867.65597815055,-25867.65597815055,-25867.65597815055,-646.5184533416448,-646.5184533416448,-646.5184533416448,0.0,0.0,0.0,369.8943752727755
2011-03-27,26886.307687870907,5590.612348610034,31215.530102368975,26886.307687870907,26886.307687870907,-9172.42796973616,-9172.42796973616,-9172.42796973616,-8801.109981429514,-8801.109981429514,-8801.109981429514,-371.317988306647,-371.317988306647,-371.317988306647,0.0,0.0,0.0,17713.879718134747
2011-03-28,26888.54656897684,18656.598969487106,44743.91050070689,26888.54656897684,26888.54656897684,4687.704894226063,4687.704894226063,4687.704894226063,4863.236747087693,4863.236747087693,4863.236747087693,-175.53185286163168,-175.53185286163168,-175.53185286163168,0.0,0.0,0.0,31576.2514632029
2011-03-29,26890.785450082774,23854.008642863482,50672.41204838697,26890.785450082774,26890.785450082774,9740.792554601316,9740.792554601316,9740.792554601316,9808.31271115001,9808.31271115001,9808.31271115001,-67.52015654869537,-67.52015654869537,-67.52015654869537,0.0,0.0,0.0,36631.57800468409
2011-03-30,26893.02433118871,20273.09741088084,44976.689803256966,26893.02433118871,26893.02433118871,5218.983378491047,5218.983378491047,5218.983378491047,5272.218302605194,5272.218302605194,5272.218302605194,-53.234924114147084,-53.234924114147084,-53.234924114147084,0.0,0.0,0.0,32112.007709679758
2011-03-31,26895.263212294645,25854.30977719107,50953.436732833325,26895.263212294645,26895.263212294645,11547.943059087109,11547.943059087109,11547.943059087109,11683.959076243715,11683.959076243715,11683.959076243715,-136.01601715660587,-136.01601715660587,-136.01601715660587,0.0,0.0,0.0,38443.20627138176
2011-04-01,26897.502093400577,16302.449887092725,42564.18815389614,26897.502093400577,26897.502093400577,2724.5750413884075,2724.5750413884075,2724.5750413884075,3041.039122459193,3041.039122459193,3041.039122459193,-316.46408107078537,-316.46408107078537,-316.46408107078537,0.0,0.0,0.0,29622.077134788986
2011-04-02,26899.740974506512,-12745.88734655597,13424.460392278634,26899.740974506512,26899.740974506512,-26460.0502289872,-26460.0502289872,-26460.0502289872,-25867.65597814009,-25867.65597814009,-25867.65597814009,-592.3942508471112,-592.3942508471112,-592.3942508471112,0.0,0.0,0.0,439.6907455193141
2011-04-03,26901.979855612448,3729.432170422096,30531.068330861508,26901.979855612448,26901.979855612448,-9759.981935885713,-9759.981935885713,-9759.981935885713,-8801.109981460784,-8801.109981460784,-8801.109981460784,-958.8719544249287,-958.8719544249287,-958.8719544249287,0.0,0.0,0.0,17141.997919726735
2011-04-04,26904.21873671838,17571.93587561687,42498.66461713657,26904.21873671838,26904.21873671838,3454.9070192143945,3454.9070192143945,3454.9070192143945,4863.236747099787,4863.236747099787,4863.236747099787,-1408.3297278853925,-1408.3297278853925,-1408.3297278853925,0.0,0.0,0.0,30359.125755932775
2011-04-05,26906.45761782431,21778.293807913906,47993.07411508852,26906.45761782431,26906.45761782431,7877.551137044181,7877.551137044181,7877.551137044181,9808.312711128217,9808.312711128217,9808.312711128217,-1930.7615740840383,-1930.7615740840383,-1930.7615740840383,0.0,0.0,0.0,34784.00875486849
2011-04-06,26908.696498930247,16142.360429944927,43307.25805518211,26908.696498930247,26908.696498930247,2758.229177521524,2758.229177521524,2758.229177521524,5272.218302586642,5272.218302586642,5272.218302586642,-2513.9891250651176,-2513.9891250651176,-2513.9891250651176,0.0,0.0,0.0,29666.92567645177
2011-04-07,26910.93538003618,22824.635097237202,47463.15833542683,26910.93538003618,26910.93538003618,8539.9673012843,8539.9673012843,8539.9673012843,11683.959076266598,11683.959076266598,11683.959076266598,-3143.9917749823,-3143.9917749823,-3143.9917749823,0.0,0.0,0.0,35450.90268132048
2011-04-08,26913.174261142114,12383.50319540991,38481.12019429979,26913.174261142114,26913.174261142114,-764.2519723458565,-764.2519723458565,-764.2519723458565,3041.039122496579,3041.039122496579,3041.039122496579,-3805.291094842435,-3805.291094842435,-3805.291094842435,0.0,0.0,0.0,26148.922288796257
2011-04-09,26915.41314224805,-17179.253328174967,9799.277775786104,26915.41314224805,26915.41314224805,-30349.03425454592,-30349.03425454592,-30349.03425454592,-25867.655978149483,-25867.655978149483,-25867.655978149483,-4481.3782763964355,-4481.3782763964355,-4481.3782763964355,0.0,0.0,0.0,-3433.621112297871
2011-04-10,26917.652023353985,-1364.3213732324011,26203.57342992461,26917.652023353985,26917.652023353985,-13956.282106071145,-13956.282106071145,-13956.282106071145,-8801.109981444288,-8801.109981444288,-8801.109981444288,-5155.172124626856,-5155.172124626856,-5155.172124626856,0.0,0.0,0.0,12961.36991728284
2011-04-11,26919.890904459917,12712.702754493133,39146.577664828015,26919.890904459917,26919.890904459917,-946.2575135895023,-946.2575135895023,-946.2575135895023,4863.2367471118805,4863.2367471118805,4863.2367471118805,-5809.494260701383,-5809.494260701383,-5809.494260701383,0.0,0.0,0.0,25973.633390870415
2011-04-12,26922.129785565852,17171.246834608803,42520.493132320014,26922.129785565852,26922.129785565852,3380.7649774743536,3380.7649774743536,3380.7649774743536,9808.312711142502,9808.312711142502,9808.312711142502,-6427.547733668148,-6427.547733668148,-6427.547733668148,0.0,0.0,0.0,30302.894763040207
2011-04-13,26924.368666671788,12046.662739111689,38272.39829905382,26924.368666671788,26924.368666671788,-1721.1668784067972,-1721.1668784067972,-1721.1668784067972,5272.218302585443,5272.218302585443,5272.218302585443,-6993.38518099224,-6993.38518099224,-6993.38518099224,0.0,0.0,0.0,25203.20178826499
2011-04-14,26926.60754780353,17580.026106090263,43929.75262363043,26926.60754780353,26926.60754780353,4191.606050883098,4191.606050883098,4191.606050883098,11683.959076258334,11683.959076258334,11683.959076258334,-7492.353025375235,-7492.353025375235,-7492.353025375235,0.0,0.0,0.0,31118.213598686627
2011-04-15,26928.846428935274,9199.267969725548,35473.65804258111,26928.846428935274,26928.846428935274,-4870.459813430263,-4870.459813430263,-4870.459813430263,3041.039122482774,3041.039122482774,3041.039122482774,-7911.498935913039,-7911.498935913039,-7911.498935913039,0.0,0.0,0.0,22058.386615505013
2011-04-16,26931.085310067017,-19630.659967623942,7073.971850929695,26931.085310067017,26931.085310067017,-34107.58687016593,-34107.58687016593,-34107.58687016593,-25867.65597815888,-25867.65597815888,-25867.65597815888,-8239.930892007047,-8239.930892007047,-8239.930892007047,0.0,0.0,0.0,-7176.50156009891
2011-04-17,26933.32419119876,-3863.910724917201,23040.33719193173,26933.32419119876,26933.32419119876,-17270.22761581657,-17270.22761581657,-17270.22761581657,-8801.10998142406,-8801.10998142406,-8801.10998142406,-8469.117634392507,-8469.117634392507,-8469.117634392507,0.0,0.0,0.0,9663.096575382191
2011-04-18,26935.563072330504,10346.18133956384,36813.73583047896,26935.563072330504,26935.563072330504,-3729.8852780795405,-3729.8852780795405,-3729.8852780795405,4863.236747107666,4863.236747107666,4863.236747107666,-8593.122025187207,-8593.122025187207,-8593.122025187207,0.0,0.0,0.0,23205.677794250965
2011-04-19,26937.80195346225,14790.477243164913,40920.33624399709,26937.80195346225,26937.80195346225,1199.5518953026303,1199.5518953026303,1199.5518953026303,9808.312711146375,9808.312711146375,9808.312711146375,-8608.760815843743,-8608.760815843743,-8608.760815843743,0.0,0.0,0.0,28137.35384876488
2011-04-20,26940.040834593994,11109.339777735353,37031.49304229972,26940.040834593994,26940.040834593994,-3243.4681766047,-3243.4681766047,-3243.4681766047,5272.218302596826,5272.218302596826,5272.218302596826,-8515.686479201526,-8515.686479201526,-8515.686479201526,0.0,0.0,0.0,23696.572657989294
2011-04-21,26942.279715725737,17263.57599552501,43289.65480383666,26942.279715725737,26942.279715725737,3367.5700404950703,3367.5700404950703,3367.5700404950703,11683.959076252937,11683.959076252937,11683.959076252937,-8316.389035757868,-8316.389035757868,-8316.389035757868,0.0,0.0,0.0,30309.849756220807
2011-04-22,26944.51859685748,9549.82613805766,35111.37960826315,26944.51859685748,26944.51859685748,-4975.079004973521,-4975.079004973521,-4975.079004973521,3041.0391225201593,3041.0391225201593,3041.0391225201593,-8016.118127493681,-8016.118127493681,-8016.118127493681,0.0,0.0,0.0,21969.43959188396
2011-04-23,26946.757477989224,-19063.239463069887,6178.232560786558,26946.757477989224,26946.757477989224,-33490.3838753287,-33490.3838753287,-33490.3838753287,-25867.65597815868,-25867.65597815868,-25867.65597815868,-7622.727897170024,-7622.727897170024,-7622.727897170024,0.0,0.0,0.0,-6543.626397339474
2011-04-24,26948.996359120967,-2093.005141626966,24000.05691895728,26948.996359120967,26948.996359120967,-15947.55943110917,-15947.55943110917,-15947.55943110917,-8801.109981455327,-8801.109981455327,-8801.109981455327,-7146.449449653842,-7146.449449653842,-7146.449449653842,0.0,0.0,0.0,11001.436928011797
2011-04-25,26951.235240252714,12344.194515041783,38788.72689034302,26951.235240252714,26951.235240252714,-1736.3609930615098,-1736.3609930615098,-1736.3609930615098,4863.23674709668,4863.23674709668,4863.23674709668,-6599.5977401581895,-6599.5977401581895,-6599.5977401581895,0.0,0.0,0.0,25214.874247191205
2011-04-26,26953.474121384457,16810.326763973106,43730.95751181741,26953.474121384457,26953.474121384457,3812.0911185048208,3812.0911185048208,3812.0911185048208,9808.312711134993,9808.312711134993,9808.312711134993,-5996.2215926301715,-5996.2215926301715,-5996.2215926301715,0.0,0.0,0.0,30765.565239889278
2011-04-27,26955.7130025162,14849.417481481207,39744.810407079574,26955.7130025162,26955.7130025162,-79.48884437114386,-79.48884437114386,-79.48884437114386,5272.218302608208,5272.218302608208,5272.218302608208,-5351.707146979353,-5351.707146979353,-5351.707146979353,0.0,0.0,0.0,26876.224158145058
2011-04-28,26957.951883647944,21095.738000496796,47411.485852800375,26957.951883647944,26957.951883647944,7001.612755361849,7001.612755361849,7001.612755361849,11683.95907627582,11683.95907627582,11683.95907627582,-4682.346320913971,-4682.346320913971,-4682.346320913971,0.0,0.0,0.0,33959.56463900979
2011-04-29,26960.190764779687,12486.911433952668,38794.56390425215,26960.190764779687,26960.190764779687,-963.8436926703167,-963.8436926703167,-963.8436926703167,3041.0391225575477,3041.0391225575477,3041.0391225575477,-4004.8828152278643,-4004.8828152278643,-4004.8828152278643,0.0,0.0,0.0,25996.34707210937
2011-04-30,26962.429645911434,-15253.413741086373,10801.035969961418,26962.429645911434,26962.429645911434,-29203.704743010014,-29203.704743010014,-29203.704743010014,-25867.65597814822,-25867.65597814822,-25867.65597814822,-3336.048764861797,-3336.048764861797,-3336.048764861797,0.0,0.0,0.0,-2241.27509709858
2011-05-01,26964.668527043177,1717.6348899057746,28267.649552642357,26964.668527043177,26964.668527043177,-11493.215308590843,-11493.215308590843,-11493.215308590843,-8801.10998143883,-8801.10998143883,-8801.10998143883,-2692.1053271520113,-2692.1053271520113,-2692.1053271520113,0.0,0.0,0.0,15471.453218452334
2011-05-02,26966.90740817492,16738.441521715165,42646.28965751824,26966.90740817492,26966.90740817492,2774.8364467674837,2774.8364467674837,2774.8364467674837,4863.236747102003,4863.236747102003,4863.236747102003,-2088.40030033452,-2088.40030033452,-2088.40030033452,0.0,0.0,0.0,29741.743854942404
2011-05-03,26969.146289306667,21328.472349215954,47973.77617621231,26969.146289306667,26969.146289306667,8269.357423605357,8269.357423605357,8269.357423605357,9808.312711149276,9808.312711149276,9808.312711149276,-1538.9552875439178,-1538.9552875439178,-1538.9552875439178,0.0,0.0,0.0,35238.503712912025
2011-05-04,26971.38517043841,18782.1851439293,44826.23614696652,26971.38517043841,26971.38517043841,4216.124319014156,4216.124319014156,4216.124319014156,5272.218302589658,5272.218302589658,5272.218302589658,-1056.0939835755014,-1056.0939835755014,-1056.0939835755014,0.0,0.0,0.0,31187.50948945257
2011-05-05,26973.62405157015,24568.567696984013,51060.713279609685,26973.62405157015,26973.62405157015,11033.83718325538,11033.83718325538,11033.83718325538,11683.959076267556,11683.959076267556,11683.959076267556,-650.1218930121743,-650.1218930121743,-650.1218930121743,0.0,0.0,0.0,38007.46123482553
2011-05-06,26975.862932701897,16456.404248392922,43590.99765189277,26975.862932701897,26975.862932701897,2711.972894210713,2711.972894210713,2711.972894210713,3041.039122543741,3041.039122543741,3041.039122543741,-329.06622833302777,-329.06622833302777,-329.06622833302777,0.0,0.0,0.0,29687.83582691261
2011-05-07,26978.101815499038,-12011.932536650625,14737.841408870305,26978.101815499038,26978.101815499038,-25966.13891080004,-25966.13891080004,-25966.13891080004,-25867.655978157614,-25867.655978157614,-25867.655978157614,-98.48293264242552,-98.48293264242552,-98.48293264242552,0.0,0.0,0.0,1011.9629046989976
2011-05-08,26980.34069829618,5037.188191550318,32352.137454953743,26980.34069829618,26980.34069829618,-8762.445759518656,-8762.445759518656,-8762.445759518656,-8801.10998142233,-8801.10998142233,-8801.10998142233,38.66422190367472,38.66422190367472,38.66422190367472,0.0,0.0,0.0,18217.89493877752
2011-05-09,26982.579581093316,17527.166882511272,44302.55300543576,26982.579581093316,26982.579581093316,4945.286379586005,4945.286379586005,4945.286379586005,4863.236747097788,4863.236747097788,4863.236747097788,82.04963248821818,82.04963248821818,82.04963248821818,0.0,0.0,0.0,31927.865960679323
2011-05-10,26984.818463890453,23241.474743854695,50027.814427150115,26984.818463890453,26984.818463890453,9842.269035100504,9842.269035100504,9842.269035100504,9808.312711153145,9808.312711153145,9808.312711153145,33.95632394735668,33.95632394735668,33.95632394735668,0.0,0.0,0.0,36827.08749899096
2011-05-11,26987.057346687594,19241.449433499027,44545.593896908125,26987.057346687594,26987.057346687594,5171.390725687284,5171.390725687284,5171.390725687284,5272.218302588458,5272.218302588458,5272.218302588458,-100.82757690117506,-100.82757690117506,-100.82757690117506,0.0,0.0,0.0,32158.44807237488
2011-05-12,26989.296229484735,24855.136005651915,51860.48082904688,26989.296229484735,26989.296229484735,11368.776412615169,11368.776412615169,11368.776412615169,11683.95907626216,11683.95907626216,11683.95907626216,-315.18266364699105,-315.18266364699105,-315.18266364699105,0.0,0.0,0.0,38358.072642099905
2011-05-13,26991.535112281872,15967.87957851438,41669.91405081385,26991.535112281872,26991.535112281872,2441.142447742421,2441.142447742421,2441.142447742421,3041.0391225299354,3041.0391225299354,3041.0391225299354,-599.8966747875141,-599.8966747875141,-599.8966747875141,0.0,0.0,0.0,29432.677560024295
2011-05-14,26993.773995079013,-13133.340676996606,14417.853538298217,26993.773995079013,26993.773995079013,-26811.615978445723,-26811.615978445723,-26811.615978445723,-25867.65597815741,-25867.65597815741,-25867.65597815741,-943.9600002883112,-943.9600002883112,-943.9600002883112,0.0,0.0,0.0,182.15801663328966
2011-05-15,26996.012877876154,3991.8591202379453,29708.31077438537,26996.012877876154,26996.012877876154,-10136.019139979677,-10136.019139979677,-10136.019139979677,-8801.109981402109,-8801.109981402109,-8801.109981402109,-1334.9091585775702,-1334.9091585775702,-1334.9091585775702,0.0,0.0,0.0,16859.993737896475
2011-05-16,26998.25176067329,17222.307649421822,43043.87063086014,26998.25176067329,26998.25176067329,3104.028927054676,3104.028927054676,3104.028927054676,4863.236747086803,4863.236747086803,4863.236747086803,-1759.2078200321266,-1759.2078200321266,-1759.2078200321266,0.0,0.0,0.0,30102.280687727965
2011-05-17,27000.49064347043,22386.130028049985,48084.87973323864,27000.49064347043,27000.49064347043,7605.65875514931,7605.65875514931,7605.65875514931,9808.312711141763,9808.312711141763,9808.312711141763,-2202.653955992455,-2202.653955992455,-2202.653955992455,0.0,0.0,0.0,34606.149398619746
2011-05-18,27002.729526267573,16421.325918602568,43400.86848619745,27002.729526267573,27002.729526267573,2621.4172647935884,2621.4172647935884,2621.4172647935884,5272.218302599843,5272.218302599843,5272.218302599843,-2650.801037806255,-2650.801037806255,-2650.801037806255,0.0,0.0,0.0,29624.14679106116
2011-05-19,27004.96840906471,22875.22525217588,48609.522791178744,27004.96840906471,27004.96840906471,8594.578161219615,8594.578161219615,8594.578161219615,11683.959076253896,11683.959076253896,11683.959076253896,-3089.38091503428,-3089.38091503428,-3089.38091503428,0.0,0.0,0.0,35599.54657028432
2011-05-20,27007.20729186185,12640.417810741279,38580.947674452604,27007.20729186185,27007.20729186185,-463.6769488742601,-463.6769488742601,-463.6769488742601,3041.039122495112,3041.039122495112,3041.039122495112,-3504.7160713693725,-3504.7160713693725,-3504.7160713693725,0.0,0.0,0.0,26543.53034298759
2011-05-21,27009.44617465899,-16468.58381037844,9979.563094341973,27009.44617465899,27009.44617465899,-29751.76536464519,-29751.76536464519,-29751.76536464519,-25867.655978146948,-25867.655978146948,-25867.655978146948,-3884.109386498238,-3884.109386498238,-3884.109386498238,0.0,0.0,0.0,-2742.3191899861995
2011-05-22,27011.685057456132,1204.9831081267014,26093.034722869015,27011.685057456132,27011.685057456132,-13017.310287840979,-13017.310287840979,-13017.310287840979,-8801.109981433377,-8801.109981433377,-8801.109981433377,-4216.200306407603,-4216.200306407603,-4216.200306407603,0.0,0.0,0.0,13994.374769615153
2011-05-23,27013.92394025327,14080.839782030363,40176.624458215214,27013.92394025327,27013.92394025327,371.959329203719,371.959329203719,371.959329203719,4863.236747098898,4863.236747098898,4863.236747098898,-4491.2774178951795,-4491.2774178951795,-4491.2774178951795,0.0,0.0,0.0,27385.88326945699
2011-05-24,27016.16282305041,18994.11683433657,45177.691603554165,27016.16282305041,27016.16282305041,5106.773910471538,5106.773910471538,5106.773910471538,9808.312711130382,9808.312711130382,9808.312711130382,-4701.538800658845,-4701.538800658845,-4701.538800658845,0.0,0.0,0.0,32122.93673352195
2011-05-25,27018.40170584755,13979.616217945728,40037.72093964533,27018.40170584755,27018.40170584755,430.92515341692456,430.92515341692456,430.92515341692456,5272.218302581291,5272.218302581291,5272.218302581291,-4841.293149164367,-4841.293149164367,-4841.293149164367,0.0,0.0,0.0,27449.326859264474
2011-05-26,27020.64058864469,21309.674244656537,46960.65129523115,27020.64058864469,27020.64058864469,6776.862609400771,6776.862609400771,6776.862609400771,11683.959076245632,11683.959076245632,11683.959076245632,-4907.0964668448605,-4907.0964668448605,-4907.0964668448605,0.0,0.0,0.0,33797.50319804546
2011-05-27,27022.87947144183,11889.92038718091,38264.15583270188,27022.87947144183,27022.87947144183,-1856.7819593921456,-1856.7819593921456,-1856.7819593921456,3041.0391225324975,3041.0391225324975,3041.0391225324975,-4897.821081924643,-4897.821081924643,-4897.821081924643,0.0,0.0,0.0,25166.097512049684
2011-05-28,27025.118354238966,-16912.855020018633,10047.320317690204,27025.118354238966,27025.118354238966,-30682.31173668864,-30682.31173668864,-30682.31173668864,-25867.655978156345,-25867.655978156345,-25867.655978156345,-4814.655758532294,-4814.655758532294,-4814.655758532294,0.0,0.0,0.0,-3657.1933824496737
2011-05-29,27027.35723797953,698.973631454939,26204.837234696563,27027.35723797953,27027.35723797953,-13462.147699654843,-13462.147699654843,-13462.147699654843,-8801.109981416877,-8801.109981416877,-8801.109981416877,-4661.0377182379625,-4661.0377182379625,-4661.0377182379625,0.0,0.0,0.0,13565.209538324687
2011-05-30,27029.596121720097,15287.481703873289,41125.749717373066,27029.596121720097,27029.596121720097,420.71736213290154,420.71736213290154,420.71736213290154,4863.236747094682,4863.236747094682,4863.236747094682,-4442.519384961781,-4442.519384961781,-4442.519384961781,0.0,0.0,0.0,27450.313483853
2011-05-31,27031.83500546066,19270.862381594903,45212.834481169,27031.83500546066,27031.83500546066,5641.738149505625,5641.738149505625,5641.738149505625,9808.312711144667,9808.312711144667,9808.312711144667,-4166.574561639041,-4166.574561639041,-4166.574561639041,0.0,0.0,0.0,32673.573154966285
2011-06-01,27034.073889201227,14610.734915032546,41974.2518354364,27034.073889201227,27034.073889201227,1429.8678181287517,1429.8678181287517,1429.8678181287517,5272.218302580093,5272.218302580093,5272.218302580093,-3842.3504844513413,-3842.3504844513413,-3842.3504844513413,0.0,0.0,0.0,28463.941707329977
2011-06-02,27036.31277294179,22600.70885759937,48017.97536206038,27036.31277294179,27036.31277294179,8203.585346364787,8203.585346364787,8203.585346364787,11683.959076240237,11683.959076240237,11683.959076240237,-3480.3737298754486,-3480.3737298754486,-3480.3737298754486,0.0,0.0,0.0,35239.89811930658
2011-06-03,27038.551656682353,14227.177070514093,41244.55867938087,27038.551656682353,27038.551656682353,-51.18010476524407,-51.18010476524407,-51.18010476524407,3041.039122518693,3041.039122518693,3041.039122518693,-3092.219227283937,-3092.219227283937,-3092.219227283937,0.0,0.0,0.0,26987.37155191711
2011-06-04,27040.79054042292,-14143.836616905413,11914.418007042052,27040.79054042292,27040.79054042292,-28557.80859799076,-28557.80859799076,-28557.80859799076,-25867.65597816574,-25867.65597816574,-25867.65597816574,-2690.1526198250176,-2690.1526198250176,-2690.1526198250176,0.0,0.0,0.0,-1517.0180575678387
2011-06-05,27043.029424163484,3068.8507964464566,29357.592006380048,27043.029424163484,27043.029424163484,-11087.86687303511,-11087.86687303511,-11087.86687303511,-8801.10998144815,-8801.10998144815,-8801.10998144815,-2286.7568915869606,-2286.7568915869606,-2286.7568915869606,0.0,0.0,0.0,15955.162551128375
2011-06-06,27045.268307904047,16569.767036676374,44284.12754354144,27045.268307904047,27045.268307904047,2968.6822246332376,2968.6822246332376,2968.6822246332376,4863.236747083695,4863.236747083695,4863.236747083695,-1894.554522450458,-1894.554522450458,-1894.554522450458,0.0,0.0,0.0,30013.950532537285
2011-06-07,27047.507191644614,23370.110428618616,48595.13293584678,27047.507191644614,27047.507191644614,8282.676274946314,8282.676274946314,8282.676274946314,9808.31271114854,9808.31271114854,9808.31271114854,-1525.6364362022248,-1525.6364362022248,-1525.6364362022248,0.0,0.0,0.0,35330.18346659093
2011-06-08,27049.74607538518,18509.899865528492,44233.65966703624,27049.74607538518,27049.74607538518,4080.909627246274,4080.909627246274,4080.909627246274,5272.2183025914765,5272.2183025914765,5272.2183025914765,-1191.3086753452028,-1191.3086753452028,-1191.3086753452028,0.0,0.0,0.0,31130.655702631455
2011-06-09,27051.984959125744,25131.483742865606,51264.108628342736,27051.984959125744,27051.984959125744,10782.191995697021,10782.191995697021,10782.191995697021,11683.95907623484,11683.95907623484,11683.95907623484,-901.76708053782,-901.76708053782,-901.76708053782,0.0,0.0,0.0,37834.17695482277
2011-06-10,27054.223842866308,16436.880544666546,42042.82224496575,27054.223842866308,27054.223842866308,2375.229826041757,2375.229826041757,2375.229826041757,3041.0391224838672,3041.0391224838672,3041.0391224838672,-665.8092964421103,-665.8092964421103,-665.8092964421103,0.0,0.0,0.0,29429.453668908063
2011-06-11,27056.462726606875,-13256.00715568476,14566.198629277542,27056.462726606875,27056.462726606875,-26358.248178371843,-26358.248178371843,-26358.248178371843,-25867.655978165538,-25867.655978165538,-25867.655978165538,-490.5922002063045,-490.5922002063045,-490.5922002063045,0.0,0.0,0.0,698.2145482350315
2011-06-12,27058.701610347438,4386.193323904054,31094.14360866508,27058.701610347438,27058.701610347438,-9182.55137469842,-9182.55137469842,-9182.55137469842,-8801.10998147942,-8801.10998147942,-8801.10998147942,-381.44139321900053,-381.44139321900053,-381.44139321900053,0.0,0.0,0.0,17876.150235649016
2011-06-13,27060.940494088,18255.362169825392,44132.50149009449,27060.940494088,27060.940494088,4521.518990032892,4521.518990032892,4521.518990032892,4863.23674709579,4863.23674709579,4863.23674709579,-341.71775706289765,-341.71775706289765,-341.71775706289765,0.0,0.0,0.0,31582.459484120893
2011-06-14,27063.17937782857,22764.08643140006,49102.26888418145,27063.17937782857,27063.17937782857,9435.568409399064,9435.568409399064,9435.568409399064,9808.312711137158,9808.312711137158,9808.312711137158,-372.7443017380928,-372.7443017380928,-372.7443017380928,0.0,0.0,0.0,36498.747787227636
2011-06-15,27065.418261569135,19499.17625040162,44442.9354504692,27065.418261569135,27065.418261569135,4798.423619653998,4798.423619653998,4798.423619653998,5272.218302590278,5272.218302590278,5272.218302590278,-473.7946829362809,-473.7946829362809,-473.7946829362809,0.0,0.0,0.0,31863.841881223132
2011-06-16,27067.657145309695,24809.8754839161,51159.26985778911,27067.657145309695,27067.657145309695,11041.816184163228,11041.816184163228,11041.816184163228,11683.959076257725,11683.959076257725,11683.959076257725,-642.1428920944965,-642.1428920944965,-642.1428920944965,0.0,0.0,0.0,38109.47332947292
2011-06-17,27069.896029050262,14786.830062046476,43013.47348822844,27069.896029050262,27069.896029050262,2167.8673377249106,2167.8673377249106,2167.8673377249106,3041.0391225212543,3041.0391225212543,3041.0391225212543,-873.1717847963437,-873.1717847963437,-873.1717847963437,0.0,0.0,0.0,29237.763366775172
2011-06-18,27072.13491279083,-12872.784639491478,13319.443885086315,27072.13491279083,27072.13491279083,-27028.19234351543,-27028.19234351543,-27028.19234351543,-25867.65597815508,-25867.65597815508,-25867.65597815508,-1160.5363653603524,-1160.5363653603524,-1160.5363653603524,0.0,0.0,0.0,43.942569275397545
2011-06-19,27074.37379653139,2167.472669412594,30738.110819822992,27074.37379653139,27074.37379653139,-10297.486121542921,-10297.486121542921,-10297.486121542921,-8801.109981462918,-8801.109981462918,-8801.109981462918,-1496.3761400800024,-1496.3761400800024,-1496.3761400800024,0.0,0.0,0.0,16776.887674988466
2011-06-20,27076.612680271955,16119.261364251111,43221.57967642154,27076.612680271955,27076.612680271955,2991.667310989867,2991.667310989867,2991.667310989867,4863.236747107883,4863.236747107883,4863.236747107883,-1871.569436118016,-1871.569436118016,-1871.569436118016,0.0,0.0,0.0,30068.27999126182
2011-06-21,27078.851566022182,21198.21292864566,47274.4733650943,27078.851566022182,27078.851566022182,7532.2913123965545,7532.2913123965545,7532.2913123965545,9808.312711151442,9808.312711151442,9808.312711151442,-2276.021398754887,-2276.021398754887,-2276.021398754887,0.0,0.0,0.0,34611.14287841874
2011-06-22,27081.090451772405,16891.184113576757,42672.429650771985,27081.090451772405,27081.090451772405,2573.2418421319812,2573.2418421319812,2573.2418421319812,5272.21830258908,5272.21830258908,5272.21830258908,-2698.9764604570987,-2698.9764604570987,-2698.9764604570987,0.0,0.0,0.0,29654.332293904386
2011-06-23,27083.32933752263,22771.225492935628,48802.19362569956,27083.32933752263,27083.32933752263,8554.613629568896,8554.613629568896,8554.613629568896,11683.959076249459,11683.959076249459,11683.959076249459,-3129.3454466805642,-3129.3454466805642,-3129.3454466805642,0.0,0.0,0.0,35637.94296709153
2011-06-24,27085.568223272854,12452.597776799032,39698.72840996627,27085.568223272854,27085.568223272854,-514.9980395512098,-514.9980395512098,-514.9980395512098,3041.039122507449,3041.039122507449,3041.039122507449,-3556.037162058659,-3556.037162058659,-3556.037162058659,0.0,0.0,0.0,26570.570183721644
2011-06-25,27087.80710902308,-17174.173586424717,10756.060488597052,27087.80710902308,27087.80710902308,-29835.940271806106,-29835.940271806106,-29835.940271806106,-25867.655978164476,-25867.655978164476,-25867.655978164476,-3968.2842936416296,-3968.2842936416296,-3968.2842936416296,0.0,0.0,0.0,-2748.133162783026
2011-06-26,27090.045994773307,616.8047552674525,26730.77362065736,27090.045994773307,27090.045994773307,-13157.06375398053,-13157.06375398053,-13157.06375398053,-8801.109981442694,-8801.109981442694,-8801.109981442694,-4355.953772537836,-4355.953772537836,-4355.953772537836,0.0,0.0,0.0,13932.982240792777
2011-06-27,27092.28488052353,13684.686292755905,40144.72917393072,27092.28488052353,27092.28488052353,153.40440742809346,153.40440742809346,153.40440742809346,4863.236747103669,4863.236747103669,4863.236747103669,-4709.832339675575,-4709.832339675575,-4709.832339675575,0.0,0.0,0.0,27245.689287951624
2011-06-28,27094.523766273756,17217.242392539505,44494.965281816934,27094.523766273756,27094.523766273756,4786.433767139138,4786.433767139138,4786.433767139138,9808.31271115531,9808.31271115531,9808.31271115531,-5021.878944016173,-5021.878944016173,-5021.878944016173,0.0,0.0,0.0,31880.957533412893
2011-06-29,27096.762652023983,14150.942466646615,41501.61406908888,27096.762652023983,27096.762652023983,-13.218430516255989,-13.218430516255989,-13.218430516255989,5272.218302600464,5272.218302600464,5272.218302600464,-5285.4367331167205,-5285.4367331167205,-5285.4367331167205,0.0,0.0,0.0,27083.544221507727
2011-06-30,27099.001537774206,21078.33691396034,46926.549637265336,27099.001537774206,27099.001537774206,6188.5603370989365,6188.5603370989365,6188.5603370989365,11683.959076244064,11683.959076244064,11683.959076244064,-5495.398739145128,-5495.398739145128,-5495.398739145128,0.0,0.0,0.0,33287.56187487314
2011-07-01,27101.240423524432,11109.74631707338,38230.36042190897,27101.240423524432,27101.240423524432,-2607.2837527873257,-2607.2837527873257,-2607.2837527873257,3041.0391224936434,3041.0391224936434,3041.0391224936434,-5648.322875280969,-5648.322875280969,-5648.322875280969,0.0,0.0,0.0,24493.956670737105
2011-07-02,27103.47930927466,-17816.65881672853,8441.658123343595,27103.47930927466,27103.47930927466,-31610.1494677141,-31610.1494677141,-31610.1494677141,-25867.655978154013,-25867.655978154013,-25867.655978154013,-5742.493489560088,-5742.493489560088,-5742.493489560088,0.0,0.0,0.0,-4506.670158439443
2011-07-03,27105.71819502488,-606.7050862665989,25291.655607268443,27105.71819502488,27105.71819502488,-14579.038405684758,-14579.038405684758,-14579.038405684758,-8801.109981473966,-8801.109981473966,-8801.109981473966,-5777.928424210793,-5777.928424210793,-5777.928424210793,0.0,0.0,0.0,12526.679789340124
2011-07-04,27107.957080775104,12793.798563540302,39537.287320604875,27107.957080775104,27107.957080775104,-893.0954978788487,-893.0954978788487,-893.0954978788487,4863.236747092685,4863.236747092685,4863.236747092685,-5756.332244971533,-5756.332244971533,-5756.332244971533,0.0,0.0,0.0,26214.861582896254
2011-07-05,27110.19596652533,16628.51240675795,44061.54929359595,27110.19596652533,27110.19596652533,4127.314727722087,4127.314727722087,4127.314727722087,9808.31271114393,9808.31271114393,9808.31271114393,-5680.997983421844,-5680.997983421844,-5680.997983421844,0.0,0.0,0.0,31237.510694247416
2011-07-06,27112.434852275554,12872.338156005791,38924.52372918046,27112.434852275554,27112.434852275554,-284.44302133902465,-284.44302133902465,-284.44302133902465,5272.218302611847,5272.218302611847,5272.218302611847,-5556.6613239508715,-5556.6613239508715,-5556.6613239508715,0.0,0.0,0.0,26827.991830936528
2011-07-07,27114.67373802578,19879.82553103015,46432.74701942625,27114.67373802578,27114.67373802578,6294.6464593888995,6294.6464593888995,6294.6464593888995,11683.959076266947,11683.959076266947,11683.959076266947,-5389.312616878046,-5389.312616878046,-5389.312616878046,0.0,0.0,0.0,33409.32019741468
2011-07-08,27116.912623776003,12181.871087978001,38078.67489056356,27116.912623776003,27116.912623776003,-2144.9342436809097,-2144.9342436809097,-2144.9342436809097,3041.0391224588197,3041.0391224588197,3041.0391224588197,-5185.9733661397295,-5185.9733661397295,-5185.9733661397295,0.0,0.0,0.0,24971.978380095094
2011-07-09,27119.15150952623,-17073.84320676479,8996.479682633311,27119.15150952623,27119.15150952623,-30822.100863778975,-30822.100863778975,-30822.100863778975,-25867.655978143554,-25867.655978143554,-25867.655978143554,-4954.44488563542,-4954.44488563542,-4954.44488563542,0.0,0.0,0.0,-3702.9493542527453
2011-07-10,27121.390395276456,528.2969211909317,27252.50609963516,27121.390395276456,27121.390395276456,-13504.147592895564,-13504.147592895564,-13504.147592895564,-8801.109981457466,-8801.109981457466,-8801.109981457466,-4703.037611438096,-4703.037611438096,-4703.037611438096,0.0,0.0,0.0,13617.242802380892
2011-07-11,27123.62928102668,14241.714512635595,39952.47477049822,27123.62928102668,27123.62928102668,422.9466723994125,422.9466723994125,422.9466723994125,4863.236747104776,4863.236747104776,4863.236747104776,-4440.290074705364,-4440.290074705364,-4440.290074705364,0.0,0.0,0.0,27546.57595342609
2011-07-12,27125.868166776905,20238.596770012242,46677.26902413147,27125.868166776905,27125.868166776905,5633.625943647883,5633.625943647883,5633.625943647883,9808.31271113255,9808.31271113255,9808.31271113255,-4174.686767484666,-4174.686767484666,-4174.686767484666,0.0,0.0,0.0,32759.49411042479
2011-07-13,27128.10705252713,15395.54980770282,42631.6974128893,27128.10705252713,27128.10705252713,1357.834236851466,1357.834236851466,1357.834236851466,5272.218302593295,5272.218302593295,5272.218302593295,-3914.38406574183,-3914.38406574183,-3914.38406574183,0.0,0.0,0.0,28485.9412893786
2011-07-14,27130.345938277354,21335.380338417093,47888.277640688495,27130.345938277354,27130.345938277354,8017.00606179189,8017.00606179189,8017.00606179189,11683.959076258681,11683.959076258681,11683.959076258681,-3666.953014466794,-3666.953014466794,-3666.953014466794,0.0,0.0,0.0,35147.352000069244
2011-07-15,27132.58482402758,13657.527819419853,39782.11349329123,27132.58482402758,27132.58482402758,-398.10801931526095,-398.10801931526095,-398.10801931526095,3041.039122496205,3041.039122496205,3041.039122496205,-3439.1471418114656,-3439.1471418114656,-3439.1471418114656,0.0,0.0,0.0,26734.47680471232
2011-07-16,27134.823709777804,-15969.256265445398,11413.004443391996,27134.823709777804,27134.823709777804,-29104.35855279957,-29104.35855279957,-29104.35855279957,-25867.65597815295,-25867.65597815295,-25867.65597815295,-3236.7025746466234,-3236.7025746466234,-3236.7025746466234,0.0,0.0,0.0,-1969.5348430217673
2011-07-17,27137.06259552803,2152.1202544586636,27663.31795831212,27137.06259552803,27137.06259552803,-11865.286587592536,-11865.286587592536,-11865.286587592536,-8801.109981440966,-8801.109981440966,-8801.109981440966,-3064.176606151569,-3064.176606151569,-3064.176606151569,0.0,0.0,0.0,15271.776007935494
2011-07-18,27139.301481278257,15863.88005561292,42163.66017498751,27139.301481278257,27139.301481278257,1938.4071930953382,1938.4071930953382,1938.4071930953382,4863.236747100562,4863.236747100562,4863.236747100562,-2924.829554005223,-2924.829554005223,-2924.829554005223,0.0,0.0,0.0,29077.708674373596
2011-07-19,27141.54036702848,20466.93063331822,47372.08620007648,27141.54036702848,27141.54036702848,6987.759423456725,6987.759423456725,6987.759423456725,9808.312711151673,9808.312711151673,9808.312711151673,-2820.553287694949,-2820.553287694949,-2820.553287694949,0.0,0.0,0.0,34129.2997904852
2011-07-20,27143.779252778706,16129.219369680617,42597.15360068558,27143.779252778706,27143.779252778706,2520.370059874895,2520.370059874895,2520.370059874895,5272.218302592097,5272.218302592097,5272.218302592097,-2751.848242717201,-2751.848242717201,-2751.848242717201,0.0,0.0,0.0,29664.1493126536
2011-07-21,27146.018138528932,22289.389541329798,49660.15274790248,27146.018138528932,27146.018138528932,8966.109948392375,8966.109948392375,8966.109948392375,11683.959076253288,11683.959076253288,11683.959076253288,-2717.849127860911,-2717.849127860911,-2717.849127860911,0.0,0.0,0.0,36112.12808692131
2011-07-22,27148.257024279155,14087.893749208231,40784.270801626575,27148.257024279155,27148.257024279155,324.64120143253535,324.64120143253535,324.64120143253535,3041.0391224824007,3041.0391224824007,3041.0391224824007,-2716.397921049865,-2716.397921049865,-2716.397921049865,0.0,0.0,0.0,27472.89822571169
2011-07-23,27150.49591002938,-15138.845980528193,11059.989561412489,27150.49591002938,27150.49591002938,-28611.817168909372,-28611.817168909372,-28611.817168909372,-25867.655978152747,-25867.655978152747,-25867.655978152747,-2744.161190756632,-2744.161190756632,-2744.161190756632,0.0,0.0,0.0,-1461.3212588799906
2011-07-24,27152.734795779605,1890.2558973994664,28685.4306352249,27152.734795779605,27152.734795779605,-11597.897304765487,-11597.897304765487,-11597.897304765487,-8801.10998142074,-8801.10998142074,-8801.10998142074,-2796.7873233447485,-2796.7873233447485,-2796.7873233447485,0.0,0.0,0.0,15554.837491014117
2011-07-25,27154.973681529827,15833.78020428039,41937.37529496246,27154.973681529827,27154.973681529827,1994.138818659037,1994.138818659037,1994.138818659037,4863.236747089575,4863.236747089575,4863.236747089575,-2869.0979284305386,-2869.0979284305386,-2869.0979284305386,0.0,0.0,0.0,29149.112500188865
2011-07-26,27157.212567280054,20937.158940810816,47060.83984214461,27157.212567280054,27157.212567280054,6853.006135275339,6853.006135275339,6853.006135275339,9808.312711140292,9808.312711140292,9808.312711140292,-2955.3065758649527,-2955.3065758649527,-2955.3065758649527,0.0,0.0,0.0,34010.218702555394
2011-07-27,27159.451453030277,16111.824670977869,42948.06700707971,27159.451453030277,27159.451453030277,2222.9611776535903,2222.9611776535903,2222.9611776535903,5272.218302603481,5272.218302603481,5272.218302603481,-3049.257124949891,-3049.257124949891,-3049.257124949891,0.0,0.0,0.0,29382.412630683866
2011-07-28,27161.690338780503,23131.444808449232,49570.30774923108,27161.690338780503,27161.690338780503,8539.285808749399,8539.285808749399,8539.285808749399,11683.959076247891,11683.959076247891,11683.959076247891,-3144.6732674984933,-3144.6732674984933,-3144.6732674984933,0.0,0.0,0.0,35700.9761475299
2011-07-29,27163.92922453073,14146.88470106609,39022.421839684765,27163.92922453073,27163.92922453073,-194.3714189887224,-194.3714189887224,-194.3714189887224,3041.0391225197864,3041.0391225197864,3041.0391225197864,-3235.4105415085087,-3235.4105415085087,-3235.4105415085087,0.0,0.0,0.0,26969.55780554201
2011-07-30,27166.168110280953,-15337.88615807995,11196.421347206837,27166.168110280953,27166.168110280953,-29183.357971705667,-29183.357971705667,-29183.357971705667,-25867.655978142284,-25867.655978142284,-25867.655978142284,-3315.7019935633843,-3315.7019935633843,-3315.7019935633843,0.0,0.0,0.0,-2017.1898614247148
2011-07-31,27168.40699603118,1837.8011262676916,28043.627340295316,27168.40699603118,27168.40699603118,-12181.498859454949,-12181.498859454949,-12181.498859454949,-8801.109981452011,-8801.109981452011,-8801.109981452011,-3380.3888780029392,-3380.3888780029392,-3380.3888780029392,0.0,0.0,0.0,14986.90813657623
2011-08-01,27170.645881781405,15700.999887558215,41252.299358332,27170.645881781405,27170.645881781405,1438.1084739257465,1438.1084739257465,1438.1084739257465,4863.2367471016705,4863.2367471016705,4863.2367471016705,-3425.1282731759247,-3425.1282731759247,-3425.1282731759247,0.0,0.0,0.0,28608.75435570715
2011-08-02,27172.88476753163,19350.972694438235,46936.70921305234,27172.88476753163,27172.88476753163,6361.742456909532,6361.742456909532,6361.742456909532,9808.31271112891,9808.31271112891,9808.31271112891,-3446.5702542193785,-3446.5702542193785,-3446.5702542193785,0.0,0.0,0.0,33534.62722444116
2011-08-03,27175.123653281855,15971.22445093803,41977.50467488091,27175.123653281855,27175.123653281855,1829.7200386858913,1829.7200386858913,1829.7200386858913,5272.218302584928,5272.218302584928,5272.218302584928,-3442.4982638990364,-3442.4982638990364,-3442.4982638990364,0.0,0.0,0.0,29004.843691967748
2011-08-04,27177.362539032078,21428.856787137574,48935.47061502898,27177.362539032078,27177.362539032078,8272.031539579473,8272.031539579473,8272.031539579473,11683.959076270774,11683.959076270774,11683.959076270774,-3411.9275366913007,-3411.9275366913007,-3411.9275366913007,0.0,0.0,0.0,35449.39407861155
2011-08-05,27179.601424782304,13963.457767397893,39363.98485637979,27179.601424782304,27179.601424782304,-314.118695342102,-314.118695342102,-314.118695342102,3041.0391225571725,3041.0391225571725,3041.0391225571725,-3355.1578178992745,-3355.1578178992745,-3355.1578178992745,0.0,0.0,0.0,26865.482729440202
2011-08-06,27181.84031053253,-13997.392162841123,11081.425469587495,27181.84031053253,27181.84031053253,-29141.43411370711,-29141.43411370711,-29141.43411370711,-25867.65597815168,-25867.65597815168,-25867.65597815168,-3273.778135555426,-3273.778135555426,-3273.778135555426,0.0,0.0,0.0,-1959.593803174579
2011-08-07,27184.079196282753,2358.2051578238475,28678.752390089805,27184.079196282753,27184.079196282753,-11971.73296121484,-11971.73296121484,-11971.73296121484,-8801.109981435513,-8801.109981435513,-8801.109981435513,-3170.6229797793294,-3170.6229797793294,-3170.6229797793294,0.0,0.0,0.0,15212.346235067913
2011-08-08,27186.31808203298,16883.359408298773,41121.46249868653,27186.31808203298,27186.31808203298,1813.5558755183422,1813.5558755183422,1813.5558755183422,4863.236747113764,4863.236747113764,4863.236747113764,-3049.6808715954216,-3049.6808715954216,-3049.6808715954216,0.0,0.0,0.0,28999.87395755132
2011-08-09,27188.556967783206,20386.156625292253,47271.000944347135,27188.556967783206,27188.556967783206,6892.354802363449,6892.354802363449,6892.354802363449,9808.312711143195,9808.312711143195,9808.312711143195,-2915.9579087797447,-2915.9579087797447,-2915.9579087797447,0.0,0.0,0.0,34080.91177014665
2011-08-10,27190.79585353343,15486.877172284594,42037.28229959751,27190.79585353343,27190.79585353343,2496.917893756786,2496.917893756786,2496.917893756786,5272.218302583731,5272.218302583731,5272.218302583731,-2775.300408826945,-2775.300408826945,-2775.300408826945,0.0,0.0,0.0,29687.713747290214
2011-08-11,27193.034739283656,23835.118858041056,48694.91648468733,27193.034739283656,27193.034739283656,9049.776897129344,9049.776897129344,9049.776897129344,11683.95907626251,11683.95907626251,11683.95907626251,-2634.1821791331654,-2634.1821791331654,-2634.1821791331654,0.0,0.0,0.0,36242.811636413
2011-08-12,27195.273625033882,15412.000457559556,41095.57918936506,27195.273625033882,27195.273625033882,541.5759362054181,541.5759362054181,541.5759362054181,3041.03912254337,3041.03912254337,3041.03912254337,-2499.463186337952,-2499.463186337952,-2499.463186337952,0.0,0.0,0.0,27736.8495612393
2011-08-13,27197.512510784105,-14222.003970867401,11732.095804447703,27197.512510784105,27197.512510784105,-28245.783407922805,-28245.783407922805,-28245.783407922805,-25867.655978161078,-25867.655978161078,-25867.655978161078,-2378.127429761727,-2378.127429761727,-2378.127429761727,0.0,0.0,0.0,-1048.2708971387
2011-08-14,27199.751396534328,3417.3435604962388,30068.729447806694,27199.751396534328,27199.751396534328,-11078.1185953048,-11078.1185953048,-11078.1185953048,-8801.109981415288,-8801.109981415288,-8801.109981415288,-2277.008613889513,-2277.008613889513,-2277.008613889513,0.0,0.0,0.0,16121.632801229527
2011-08-15,27201.990282284554,17408.445275080085,43887.8508955072,27201.990282284554,27201.990282284554,2660.7240122708636,2660.7240122708636,2660.7240122708636,4863.236747079698,4863.236747079698,4863.236747079698,-2202.512734808834,-2202.512734808834,-2202.512734808834,0.0,0.0,0.0,29862.71429455542
2011-08-16,27204.229168034777,21336.4580222946,48666.32038788462,27204.229168034777,27204.229168034777,7647.9657837592285,7647.9657837592285,7647.9657837592285,9808.312711147062,9808.312711147062,9808.312711147062,-2160.346927387834,-2160.346927387834,-2160.346927387834,0.0,0.0,0.0,34852.19495179401
2011-08-17,27206.468053785004,16675.937520168984,43179.202759653715,27206.468053785004,27206.468053785004,3116.9544489030236,3116.9544489030236,3116.9544489030236,5272.2183025951135,5272.2183025951135,5272.2183025951135,-2155.26385369209,-2155.26385369209,-2155.26385369209,0.0,0.0,0.0,30323.422502688027
2011-08-18,27208.706939535226,23305.626874076355,50100.22040068729,27208.706939535226,27208.706939535226,9493.128527327332,9493.128527327332,9493.128527327332,11683.959076257113,11683.959076257113,11683.959076257113,-2190.830548929782,-2190.830548929782,-2190.830548929782,0.0,0.0,0.0,36701.835466862554
2011-08-19,27210.945825285453,15589.861839938116,40243.80147209407,27210.945825285453,27210.945825285453,771.8091346655144,771.8091346655144,771.8091346655144,3041.039122508543,3041.039122508543,3041.039122508543,-2269.229987843029,-2269.229987843029,-2269.229987843029,0.0,0.0,0.0,27982.754959950966
2011-08-20,27213.18471103568,-14292.25587456246,12721.603777264705,27213.18471103568,27213.18471103568,-28258.75868825524,-28258.75868825524,-28258.75868825524,-25867.655978160874,-25867.655978160874,-25867.655978160874,-2391.1027100943634,-2391.1027100943634,-2391.1027100943634,0.0,0.0,0.0,-1045.5739772195593
2011-08-21,27215.423596785902,1332.8332129296514,29332.63994947412,27215.423596785902,27215.423596785902,-11356.54465622614,-11356.54465622614,-11356.54465622614,-8801.109981446558,-8801.109981446558,-8801.109981446558,-2555.4346747795835,-2555.4346747795835,-2555.4346747795835,0.0,0.0,0.0,15858.878940559762
2011-08-22,27217.66248253613,15153.246970998927,43476.64654241934,27217.66248253613,27217.66248253613,2103.740611105227,2103.740611105227,2103.740611105227,4863.236747091793,4863.236747091793,4863.236747091793,-2759.496135986567,-2759.496135986567,-2759.496135986567,0.0,0.0,0.0,29321.403093641355
2011-08-23,27219.901368286355,20931.418053768706,47412.30664328623,27219.901368286355,27219.901368286355,6809.477926440737,6809.477926440737,6809.477926440737,9808.312711135684,9808.312711135684,9808.312711135684,-2998.834784694947,-2998.834784694947,-2998.834784694947,0.0,0.0,0.0,34029.37929472709
2011-08-24,27222.140254036578,15592.534282638137,42210.410889940256,27222.140254036578,27222.140254036578,2004.8935684235691,2004.8935684235691,2004.8935684235691,5272.218302606497,5272.218302606497,5272.218302606497,-3267.3247341829283,-3267.3247341829283,-3267.3247341829283,0.0,0.0,0.0,29227.033822460147
2011-08-25,27224.379139786804,21748.108877749364,48991.801911995164,27224.379139786804,27224.379139786804,8126.687889103151,8126.687889103151,8126.687889103151,11683.959076279996,11683.959076279996,11683.959076279996,-3557.271187176845,-3557.271187176845,-3557.271187176845,0.0,0.0,0.0,35351.06702888996
2011-08-26,27226.618025537027,13464.601991809097,39864.02397725539,27226.618025537027,27226.618025537027,-818.5297443708105,-818.5297443708105,-818.5297443708105,3041.039122545932,3041.039122545932,3041.039122545932,-3859.5688669167425,-3859.5688669167425,-3859.5688669167425,0.0,0.0,0.0,26408.088281166216
2011-08-27,27228.856911287254,-15157.388735124963,10730.010347668062,27228.856911287254,27228.856911287254,-30031.566553557415,-30031.566553557415,-30031.566553557415,-25867.655978150415,-25867.655978150415,-25867.655978150415,-4163.910575406997,-4163.910575406997,-4163.910575406997,0.0,0.0,0.0,-2802.7096422701616
2011-08-28,27231.09579703748,672.3666958344432,27269.383261180483,27231.09579703748,27231.09579703748,-13260.150595511594,-13260.150595511594,-13260.150595511594,-8801.10998143006,-8801.10998143006,-8801.10998143006,-4459.040614081537,-4459.040614081537,-4459.040614081537,0.0,0.0,0.0,13970.945201525887
2011-08-29,27233.334682787703,14917.486721253857,39699.49142426831,27233.334682787703,27233.334682787703,130.1904308598685,130.1904308598685,130.1904308598685,4863.236747103888,4863.236747103888,4863.236747103888,-4733.046316244019,-4733.046316244019,-4733.046316244019,0.0,0.0,0.0,27363.52511364757
2011-08-30,27235.57356853793,18910.5509084748,45417.23801273705,27235.57356853793,27235.57356853793,4834.633067001499,4834.633067001499,4834.633067001499,9808.312711149965,9808.312711149965,9808.312711149965,-4973.6796441484685,-4973.6796441484685,-4973.6796441484685,0.0,0.0,0.0,32070.206635539427
2011-08-31,27237.812454288156,14761.568323985219,40394.3011730724,27237.812454288156,27237.812454288156,103.5185642053464,103.5185642053464,103.5185642053464,5272.218302587945,5272.218302587945,5272.218302587945,-5168.699738382598,-5168.699738382598,-5168.699738382598,0.0,0.0,0.0,27341.331018493504
2011-09-01,27240.05134003838,21175.61868457285,47294.22552084625,27240.05134003838,27240.05134003838,6377.732567941793,6377.732567941793,6377.732567941793,11683.959076240586,11683.959076240586,11683.959076240586,-5306.226508298792,-5306.226508298792,-5306.226508298792,0.0,0.0,0.0,33617.78390798017
2011-09-02,27242.290225788605,11979.659048566125,37702.13602509368,27242.290225788605,27242.290225788605,-2334.055724258161,-2334.055724258161,-2334.055724258161,3041.0391225321255,3041.0391225321255,3041.0391225321255,-5375.094846790286,-5375.094846790286,-5375.094846790286,0.0,0.0,0.0,24908.234501530445
2011-09-03,27244.52911153883,-16547.216958734385,8972.367742846065,27244.52911153883,27244.52911153883,-31232.854837232153,-31232.854837232153,-31232.854837232153,-25867.65597815981,-25867.65597815981,-25867.65597815981,-5365.198859072341,-5365.198859072341,-5365.198859072341,0.0,0.0,0.0,-3988.325725693321
2011-09-04,27246.76799728905,-295.0199583529606,26385.696288933163,27246.76799728905,27246.76799728905,-14068.925603764941,-14068.925603764941,-14068.925603764941,-8801.10998141356,-8801.10998141356,-8801.10998141356,-5267.815622351382,-5267.815622351382,-5267.815622351382,0.0,0.0,0.0,13177.84239352411
2011-09-05,27249.006883039277,13875.419256602021,40612.186122517,27249.006883039277,27249.006883039277,-212.66169345250202,-212.66169345250202,-212.66169345250202,4863.236747099671,4863.236747099671,4863.236747099671,-5075.898440552173,-5075.898440552173,-5075.898440552173,0.0,0.0,0.0,27036.345189586777
2011-09-06,27251.2457687895,19384.50243460251,45588.87963282864,27251.2457687895,27251.2457687895,5023.982396037028,5023.982396037028,5023.982396037028,9808.312711153838,9808.312711153838,9808.312711153838,-4784.330315116811,-4784.330315116811,-4784.330315116811,0.0,0.0,0.0,32275.228164826527
2011-09-07,27253.484654539727,15587.15239794666,40916.48944587206,27253.484654539727,27253.484654539727,882.0889032767213,882.0889032767213,882.0889032767213,5272.218302586746,5272.218302586746,5272.218302586746,-4390.129399310024,-4390.129399310024,-4390.129399310024,0.0,0.0,0.0,28135.57355781645
2011-09-08,27255.723540289953,20692.421177645076,47502.22546221497,27255.723540289953,27255.723540289953,7791.359565831095,7791.359565831095,7791.359565831095,11683.95907623519,11683.95907623519,11683.95907623519,-3892.5995104040953,-3892.5995104040953,-3892.5995104040953,0.0,0.0,0.0,35047.08310612105
2011-09-09,27257.962426040176,13987.685010739298,39778.211434305784,27257.962426040176,27257.962426040176,-252.38118197998247,-252.38118197998247,-252.38118197998247,3041.03912251832,3041.03912251832,3041.03912251832,-3293.420304498302,-3293.420304498302,-3293.420304498302,0.0,0.0,0.0,27005.581244060195
2011-09-10,27260.201311790403,-15030.896009656964,12003.66518632012,27260.201311790403,27260.201311790403,-28464.329406492958,-28464.329406492958,-28464.329406492958,-25867.655978159608,-25867.655978159608,-25867.655978159608,-2596.673428333348,-2596.673428333348,-2596.673428333348,0.0,0.0,0.0,-1204.1280947025552
2011-09-11,27262.44019754063,3301.2914839334617,30336.14407968321,27262.44019754063,27262.44019754063,-10609.91278277335,-10609.91278277335,-10609.91278277335,-8801.1099814926,-8801.1099814926,-8801.1099814926,-1808.8028012807501,-1808.8028012807501,-1808.8028012807501,0.0,0.0,0.0,16652.52741476728
2011-09-12,27264.679083290852,19094.93083026789,44022.4570675233,27264.679083290852,27264.679083290852,3924.727652557196,3924.727652557196,3924.727652557196,4863.236747088685,4863.236747088685,4863.236747088685,-938.509094531489,-938.509094531489,-938.509094531489,0.0,0.0,0.0,31189.406735848046
2011-09-13,27266.91796904108,23968.560979322112,49403.27564633662,27266.91796904108,27266.91796904108,9811.732304741405,9811.732304741405,9811.732304741405,9808.312711142456,9808.312711142456,9808.312711142456,3.419593598947787,3.419593598947787,3.419593598947787,0.0,0.0,0.0,37078.650273782485
2011-09-14,27269.1568547913,20035.658335644497,46631.90232412459,27269.1568547913,27269.1568547913,6276.555277998454,6276.555277998454,6276.555277998454,5272.218302598131,5272.218302598131,5272.218302598131,1004.3369754003228,1004.3369754003228,1004.3369754003228,0.0,0.0,0.0,33545.712132789755
2011-09-15,27271.395740541528,27979.39505633003,54965.799673655645,27271.395740541528,27271.395740541528,13733.98111487015,13733.98111487015,13733.98111487015,11683.959076258074,11683.959076258074,11683.959076258074,2050.0220386120773,2050.0220386120773,2050.0220386120773,0.0,0.0,0.0,41005.376855411676
2011-09-16,27273.634626291754,20915.912835792802,47329.61989378022,27273.634626291754,27273.634626291754,6166.048531628617,6166.048531628617,6166.048531628617,3041.039122483495,3041.039122483495,3041.039122483495,3125.0094091451215,3125.0094091451215,3125.0094091451215,0.0,0.0,0.0,33439.68315792037
2011-09-17,27275.873512041977,-8286.007703090718,19737.51127731014,27275.873512041977,27275.873512041977,-21654.69813702822,-21654.69813702822,-21654.69813702822,-25867.655978149145,-25867.655978149145,-25867.655978149145,4212.957841120925,4212.957841120925,4212.957841120925,0.0,0.0,0.0,5621.175375013758
2011-09-18,27278.112397792203,11170.82509355012,36679.92388951095,27278.112397792203,27278.112397792203,-3504.063112238997,-3504.063112238997,-3504.063112238997,-8801.109981476098,-8801.109981476098,-8801.109981476098,5297.046869237103,5297.046869237103,5297.046869237103,0.0,0.0,0.0,23774.049285553207
2011-09-19,27280.35128354243,24163.86863437891,50320.66356569187,27280.35128354243,27280.35128354243,11223.627495446694,11223.627495446694,11223.627495446694,4863.236747100781,4863.236747100781,4863.236747100781,6360.390748345913,6360.390748345913,6360.390748345913,0.0,0.0,0.0,38503.97877898913
2011-09-20,27282.590169292653,31273.413494783155,57808.41499819435,27282.590169292653,27282.590169292653,17194.770919942894,17194.770919942894,17194.770919942894,9808.312711131079,9808.312711131079,9808.312711131079,7386.458208811816,7386.458208811816,7386.458208811816,0.0,0.0,0.0,44477.36108923555
2011-09-21,27284.82905504288,27984.707651018354,54589.427164263245,27284.82905504288,27284.82905504288,13631.704596362353,13631.704596362353,13631.704596362353,5272.218302579579,5272.218302579579,5272.218302579579,8359.486293782775,8359.486293782775,8359.486293782775,0.0,0.0,0.0,40916.53365140523
2011-09-22,27287.067940793106,35192.14429165179,61972.11289547674,27287.067940793106,27287.067940793106,20948.83570220357,20948.83570220357,20948.83570220357,11683.959076249808,11683.959076249808,11683.959076249808,9264.876625953759,9264.876625953759,9264.876625953759,0.0,0.0,0.0,48235.90364299668
2011-09-23,27289.30682654333,27155.825237266785,53219.76031245969,27289.30682654333,27289.30682654333,13130.601999560988,13130.601999560988,13130.601999560988,3041.0391225208805,3041.0391225208805,3041.0391225208805,10089.562877040107,10089.562877040107,10089.562877040107,0.0,0.0,0.0,40419.908826104314
2011-09-24,27291.545712293555,-501.0977001393666,25046.75675444374,27291.545712293555,27291.545712293555,-15045.317005914292,-15045.317005914292,-15045.317005914292,-25867.655978158546,-25867.655978158546,-25867.655978158546,10822.338972244252,10822.338972244252,10822.338972244252,0.0,0.0,0.0,12246.228706379263
2011-09-25,27293.784598043778,16951.350981644555,42098.96658493176,27293.784598043778,27293.784598043778,2653.0286529650316,2653.0286529650316,2653.0286529650316,-8801.109981459602,-8801.109981459602,-8801.109981459602,11454.138634424635,11454.138634424635,11454.138634424635,0.0,0.0,0.0,29946.81325100881
2011-09-26,27296.023483794,31293.56336087653,58122.30669750828,27296.023483794,27296.023483794,16841.494975299145,16841.494975299145,16841.494975299145,4863.236747096565,4863.236747096565,4863.236747096565,11978.258228202581,11978.258228202581,11978.258228202581,0.0,0.0,0.0,44137.518459093146
2011-09-27,27298.262369544227,35957.30505521372,63503.46834194724,27298.262369544227,27298.262369544227,22198.829175510964,22198.829175510964,22198.829175510964,9808.31271114536,9808.31271114536,9808.31271114536,12390.516464365603,12390.516464365603,12390.516464365603,0.0,0.0,0.0,49497.09154505519
2011-09-28,27300.50125529445,31765.720996803826,58256.83753924761,27300.50125529445,27300.50125529445,17961.56462620337,17961.56462620337,17961.56462620337,5272.218302595735,5272.218302595735,5272.218302595735,12689.346323607637,12689.346323607637,12689.346323607637,0.0,0.0,0.0,45262.06588149782
2011-09-29,27302.740141044676,38730.92701249537,65919.5677271474,27302.740141044676,27302.740141044676,24559.775579324833,24559.775579324833,24559.775579324833,11683.959076244413,11683.959076244413,11683.959076244413,12875.816503080418,12875.816503080418,12875.816503080418,0.0,0.0,0.0,51862.51572036951
2011-09-30,27304.979026794903,30174.18652389149,55168.822916943245,27304.979026794903,27304.979026794903,15994.620845278227,15994.620845278227,15994.620845278227,3041.0391225070775,3041.0391225070775,3041.0391225070775,12953.581722771149,12953.581722771149,12953.581722771149,0.0,0.0,0.0,43299.59987207313
2011-10-01,27307.217912545126,1489.0682094913498,27180.518359695918,27307.217912545126,27307.217912545126,-12938.892687262256,-12938.892687262256,-12938.892687262256,-25867.65597816793,-25867.65597816793,-25867.65597816793,12928.76329090568,12928.76329090568,12928.76329090568,0.0,0.0,0.0,14368.32522528287
2011-10-02,27309.456798295352,18115.53907277667,44396.58072157275,27309.456798295352,27309.456798295352,4008.6533758996584,4008.6533758996584,4008.6533758996584,-8801.109981439375,-8801.109981439375,-8801.109981439375,12809.763357339034,12809.763357339034,12809.763357339034,0.0,0.0,0.0,31318.11017419501
2011-10-03,27311.69568404558,31047.967978032673,58433.59685485486,27311.69568404558,27311.69568404558,17470.25496747144,17470.25496747144,17470.25496747144,4863.23674708558,4863.23674708558,4863.23674708558,12607.01822038586,12607.01822038586,12607.01822038586,0.0,0.0,0.0,44781.95065151702
2011-10-04,27313.9345697958,36918.71343180367,62335.0446659877,27313.9345697958,27313.9345697958,22141.010548771537,22141.010548771537,22141.010548771537,9808.31271114923,9808.31271114923,9808.31271114923,12332.697837622307,12332.697837622307,12332.697837622307,0.0,0.0,0.0,49454.94511856734
2011-10-05,27316.173455546028,31236.08396641398,56944.567813005655,27316.173455546028,27316.173455546028,17272.578573440427,17272.578573440427,17272.578573440427,5272.218302607117,5272.218302607117,5272.218302607117,12000.360270833311,12000.360270833311,12000.360270833311,0.0,0.0,0.0,44588.752028986455
2011-10-06,27318.41234129625,37700.87681113691,64060.42980554676,27318.41234129625,27318.41234129625,23308.530197374068,23308.530197374068,23308.530197374068,11683.959076239016,11683.959076239016,11683.959076239016,11624.571121135048,11624.571121135048,11624.571121135048,0.0,0.0,0.0,50626.94253867032
2011-10-07,27320.651227046477,28600.901237985505,54714.4827143742,27320.651227046477,27320.651227046477,14261.538164354874,14261.538164354874,14261.538164354874,3041.039122472251,3041.039122472251,3041.039122472251,11220.499041882624,11220.499041882624,11220.499041882624,0.0,0.0,0.0,41582.18939140135
2011-10-08,27322.890112796704,-958.3217272072073,25230.659927304703,27322.890112796704,27322.890112796704,-15064.156856615742,-15064.156856615742,-15064.156856615742,-25867.65597816773,-25867.65597816773,-25867.65597816773,10803.499121551991,10803.499121551991,10803.499121551991,0.0,0.0,0.0,12258.733256180962
2011-10-09,27325.128998546927,16413.841691177666,41387.67001428172,27325.128998546927,27325.128998546927,1587.5863027675016,1587.5863027675016,1587.5863027675016,-8801.109981470647,-8801.109981470647,-8801.109981470647,10388.696284238149,10388.696284238149,10388.696284238149,0.0,0.0,0.0,28912.715301314427
2011-10-10,27327.367884297153,28991.664561421687,54954.30427587151,27327.367884297153,27327.367884297153,14853.817596197841,14853.817596197841,14853.817596197841,4863.2367470976715,4863.2367470976715,4863.2367470976715,9990.580849100168,9990.580849100168,9990.580849100168,0.0,0.0,0.0,42181.185480495
2011-10-11,27329.60677004738,33012.71887089594,59926.44995804704,27329.60677004738,27329.60677004738,19430.940731829895,19430.940731829895,19430.940731829895,9808.312711137849,9808.312711137849,9808.312711137849,9622.628020692044,9622.628020692044,9622.628020692044,0.0,0.0,0.0,46760.54750187727
2011-10-12,27331.845655797602,28112.305808242527,54162.153665023245,27331.845655797602,27331.845655797602,14569.170661643402,14569.170661643402,14569.170661643402,5272.218302588566,5272.218302588566,5272.218302588566,9296.952359054838,9296.952359054838,9296.952359054838,0.0,0.0,0.0,41901.016317441005
2011-10-13,27334.08454154783,35340.41591330805,61166.907794107414,27334.08454154783,27334.08454154783,20707.96629794604,20707.96629794604,20707.96629794604,11683.959076261901,11683.959076261901,11683.959076261901,9024.00722168414,9024.00722168414,9024.00722168414,0.0,0.0,0.0,48042.050839493866
2011-10-14,27336.323427298055,26296.29933822619,52619.6211940234,27336.323427298055,27336.323427298055,11853.376931937251,11853.376931937251,11853.376931937251,3041.0391225096387,3041.0391225096387,3041.0391225096387,8812.337809427612,8812.337809427612,8812.337809427612,0.0,0.0,0.0,39189.70035923531
2011-10-15,27338.562313048278,-4064.6271029608984,23363.033755671677,27338.562313048278,27338.562313048278,-17199.261153852334,-17199.261153852334,-17199.261153852334,-25867.655978147017,-25867.655978147017,-25867.655978147017,8668.394824294683,8668.394824294683,8668.394824294683,0.0,0.0,0.0,10139.301159195944
2011-10-16,27340.8011987985,14476.114777313927,39764.4066973628,27340.8011987985,27340.8011987985,-204.6960745584338,-204.6960745584338,-204.6960745584338,-8801.109981454147,-8801.109981454147,-8801.109981454147,8596.413906895712,8596.413906895712,8596.413906895712,0.0,0.0,0.0,27136.105124240068
2011-10-17,27343.040084548727,26714.018722568788,54446.9989801297,27343.040084548727,27343.040084548727,13461.6007663375,13461.6007663375,13461.6007663375,4863.236747109765,4863.236747109765,4863.236747109765,8598.364019227734,8598.364019227734,8598.364019227734,0.0,0.0,0.0,40804.64085088623
2011-10-18,27345.27897029895,33083.23270175571,58832.29997957414,27345.27897029895,27345.27897029895,18482.27854541054,18482.27854541054,18482.27854541054,9808.312711152133,9808.312711152133,9808.312711152133,8673.965834258406,8673.965834258406,8673.965834258406,0.0,0.0,0.0,45827.557515709486
2011-10-19,27347.517856049177,27970.92863555373,54536.49246082514,27347.517856049177,27347.517856049177,14092.997353134806,14092.997353134806,14092.997353134806,5272.218302587366,5272.218302587366,5272.218302587366,8820.779050547439,8820.779050547439,8820.779050547439,0.0,0.0,0.0,41440.515209183985
2011-10-20,27349.7567417994,34317.190440166545,61434.93569401306,27349.7567417994,27349.7567417994,20718.314508614385,20718.314508614385,20718.314508614385,11683.959076253635,11683.959076253635,11683.959076253635,9034.35543236075,9034.35543236075,9034.35543236075,0.0,0.0,0.0,48068.071250413785
2011-10-21,27351.995627549626,25971.234895990205,52260.48602967042,27351.995627549626,27351.995627549626,12349.49147041041,12349.49147041041,12349.49147041041,3041.039122495833,3041.039122495833,3041.039122495833,9308.452347914577,9308.452347914577,9308.452347914577,0.0,0.0,0.0,39701.48709796004
2011-10-22,27354.234513299853,-2622.787434664938,24329.706740206104,27354.234513299853,27354.234513299853,-16232.356275944912,-16232.356275944912,-16232.356275944912,-25867.655978156414,-25867.655978156414,-25867.655978156414,9635.299702211501,9635.299702211501,9635.299702211501,0.0,0.0,0.0,11121.87823735494
2011-10-23,27356.473399050075,15358.782408644522,41405.95981132855,27356.473399050075,27356.473399050075,1204.8015130820336,1204.8015130820336,1204.8015130820336,-8801.109981433921,-8801.109981433921,-8801.109981433921,10005.911494515954,10005.911494515954,10005.911494515954,0.0,0.0,0.0,28561.27491213211
2011-10-24,27358.712284800302,30140.928647242283,56504.7185383546,27358.712284800302,27358.712284800302,15273.66857256131,15273.66857256131,15273.66857256131,4863.23674710555,4863.23674710555,4863.23674710555,10410.43182545576,10410.43182545576,10410.43182545576,0.0,0.0,0.0,42632.38085736161
2011-10-25,27360.951170550525,35422.565214378556,61255.73405786218,27360.951170550525,27360.951170550525,20646.816790729383,20646.816790729383,20646.816790729383,9808.312711145592,9808.312711145592,9808.312711145592,10838.504079583789,10838.504079583789,10838.504079583789,0.0,0.0,0.0,48007.76796127991
2011-10-26,27363.19005630075,30688.006387429672,56913.73108466449,27363.19005630075,27363.19005630075,16551.86955391202,16551.86955391202,16551.86955391202,5272.21830259875,5272.21830259875,5272.21830259875,11279.65125131327,11279.65125131327,11279.65125131327,0.0,0.0,0.0,43915.059610212775
2011-10-27,27365.428942050978,37843.85218357561,63706.60394248178,27365.428942050978,27365.428942050978,23407.614067138587,23407.614067138587,23407.614067138587,11683.959076248242,11683.959076248242,11683.959076248242,11723.654990890349,11723.654990890349,11723.654990890349,0.0,0.0,0.0,50773.04300918957
2011-10-28,27367.6678278012,30253.990048316966,54705.98188839825,27367.6678278012,27367.6678278012,15201.96005952452,15201.96005952452,15201.96005952452,3041.0391224820273,3041.0391224820273,3041.0391224820273,12160.920937042492,12160.920937042492,12160.920937042492,0.0,0.0,0.0,42569.62788732572
2011-10-29,27369.906713551427,1011.6284615775227,26825.280501355137,27369.906713551427,27369.906713551427,-13284.837700836286,-13284.837700836286,-13284.837700836286,-25867.655978156206,-25867.655978156206,-25867.655978156206,12582.818277319922,12582.818277319922,12582.818277319922,0.0,0.0,0.0,14085.069012715141
2011-10-30,27372.145599301653,19417.074615416506,44387.46876186402,27372.145599301653,27372.145599301653,4180.872245958256,4180.872245958256,4180.872245958256,-8801.109981465193,-8801.109981465193,-8801.109981465193,12981.98222742345,12981.98222742345,12981.98222742345,0.0,0.0,0.0,31553.01784525991
2011-10-31,27374.384485051876,31952.304905233792,60217.323236534554,27374.384485051876,27374.384485051876,18215.805974454168,18215.805974454168,18215.805974454168,4863.236747094565,4863.236747094565,4863.236747094565,13352.569227359605,13352.569227359605,13352.569227359605,0.0,0.0,0.0,45590.19045950605
2011-11-01,27376.623370802103,38330.70401601161,63465.08819868355,27376.623370802103,27376.623370802103,23498.76879541262,23498.76879541262,23498.76879541262,9808.312711134213,9808.312711134213,9808.312711134213,13690.456084278409,13690.456084278409,13690.456084278409,0.0,0.0,0.0,50875.39216621472
2011-11-02,27378.86225655233,33185.80088603911,58995.280154350796,27378.86225655233,27378.86225655233,19265.594311179695,19265.594311179695,19265.594311179695,5272.218302610135,5272.218302610135,5272.218302610135,13993.376008569563,13993.376008569563,13993.376008569563,0.0,0.0,0.0,46644.45656773202
2011-11-03,27381.101142302552,40131.87126751538,66244.39727473592,27381.101142302552,27381.101142302552,25944.945517986005,25944.945517986005,25944.945517986005,11683.959076271125,11683.959076271125,11683.959076271125,14260.986441714882,14260.986441714882,14260.986441714882,0.0,0.0,0.0,53326.04666028856
2011-11-04,27383.34002805278,31108.80971560867,57789.73179670342,27383.34002805278,27383.34002805278,17535.904826601938,17535.904826601938,17535.904826601938,3041.0391224472023,3041.0391224472023,3041.0391224472023,14494.865704154736,14494.865704154736,14494.865704154736,0.0,0.0,0.0,44919.24485465472
2011-11-05,27385.578913803,3998.0303315922083,30267.496819463122,27385.578913803,27385.578913803,-11169.218242025374,-11169.218242025374,-11169.218242025374,-25867.65597814575,-25867.65597814575,-25867.65597814575,14698.437736120377,14698.437736120377,14698.437736120377,0.0,0.0,0.0,16216.360671777627
2011-11-06,27387.817799553224,20609.96721947879,46686.286814200525,27387.817799553224,27387.817799553224,6075.716515504352,6075.716515504352,6075.716515504352,-8801.109981448693,-8801.109981448693,-8801.109981448693,14876.826496953045,14876.826496953045,14876.826496953045,0.0,0.0,0.0,33463.53431505758
2011-11-07,27390.05668530345,33767.93550215977,60804.1288531992,27390.05668530345,27390.05668530345,19899.88060670784,19899.88060670784,19899.88060670784,4863.236747106659,4863.236747106659,4863.236747106659,15036.643859601181,15036.643859601181,15036.643859601181,0.0,0.0,0.0,47289.937292011295
2011-11-08,27392.295571053673,38571.801247877534,66019.53119057583,27392.295571053673,27392.295571053673,24994.029729051796,24994.029729051796,24994.029729051796,9808.312711148494,9808.312711148494,9808.312711148494,15185.717017903302,15185.717017903302,15185.717017903302,0.0,0.0,0.0,52386.32530010547
2011-11-09,27394.5344568039,34485.91424734054,59910.88026532981,27394.5344568039,27394.5344568039,20604.981749999413,20604.981749999413,20604.981749999413,5272.218302591581,5272.218302591581,5272.218302591581,15332.76344740783,15332.76344740783,15332.76344740783,0.0,0.0,0.0,47999.51620680331
2011-11-10,27396.773342554126,41252.44667192275,67566.82843628663,27396.773342554126,27396.773342554126,27170.982339446404,27170.982339446404,27170.982339446404,11683.95907626286,11683.95907626286,11683.95907626286,15487.023263183544,15487.023263183544,15487.023263183544,0.0,0.0,0.0,54567.75568200053
2011-11-11,27399.01222830435,32872.447043592154,59558.51450325469,27399.01222830435,27399.01222830435,18698.899465486706,18698.899465486706,18698.899465486706,3041.039122556801,3041.039122556801,3041.039122556801,15657.860342929902,15657.860342929902,15657.860342929902,0.0,0.0,0.0,46097.91169379106
2011-11-12,27401.251114054576,4001.9513347910406,31986.57747230295,27401.251114054576,27401.251114054576,-10013.311196708413,-10013.311196708413,-10013.311196708413,-25867.655978155144,-25867.655978155144,-25867.655978155144,15854.344781446733,15854.344781446733,15854.344781446733,0.0,0.0,0.0,17387.939917346164
2011-11-13,27403.489999804802,21196.739541239665,47385.37185798669,27403.489999804802,27403.489999804802,7283.720091515905,7283.720091515905,7283.720091515905,-8801.109981432193,-8801.109981432193,-8801.109981432193,16084.830072948098,16084.830072948098,16084.830072948098,0.0,0.0,0.0,34687.21009132071
2011-11-14,27405.728885555025,35544.52702043341,61611.94786913958,27405.728885555025,27405.728885555025,21219.775598236167,21219.775598236167,21219.775598236167,4863.236747102442,4863.236747102442,4863.236747102442,16356.538851133724,16356.538851133724,16356.538851133724,0.0,0.0,0.0,48625.50448379119
2011-11-15,27407.96777130525,40582.60645124235,67207.6869303482,27407.96777130525,27407.96777130525,26483.48374644611,26483.48374644611,26483.48374644611,9808.312711152368,9808.312711152368,9808.312711152368,16675.17103529374,16675.17103529374,16675.17103529374,0.0,0.0,0.0,53891.45151775136
2011-11-16,27410.206657055474,37313.641663162634,63494.50324794929,27410.20665638919,27410.206663440476,22316.766130360895,22316.766130360895,22316.766130360895,5272.218302590384,5272.218302590384,5272.218302590384,17044.54782777051,17044.54782777051,17044.54782777051,0.0,0.0,0.0,49726.972787416365
2011-11-17,27412.4455428057,42715.22285703699,69623.74579958378,27412.445517457734,27412.445562050758,29150.263266772665,29150.263266772665,29150.263266772665,11683.959076257464,11683.959076257464,11683.959076257464,17466.304190515206,17466.304190515206,17466.304190515206,0.0,0.0,0.0,56562.70880957837
2011-11-18,27414.684428555927,35176.9761469461,61071.279313262785,27414.684374178145,27414.684465005583,20980.68033728204,20980.68033728204,20980.68033728204,3041.0391225429953,3041.0391225429953,3041.0391225429953,17939.641214739044,17939.641214739044,17939.641214739044,0.0,0.0,0.0,48395.36476583796
2011-11-19,27416.92331430615,7508.449753136967,34337.37094580699,27416.923231386743,27416.923364309627,-7406.507759596646,-7406.507759596646,-7406.507759596646,-25867.65597815494,-25867.65597815494,-25867.65597815494,18461.148218558297,18461.148218558297,18461.148218558297,0.0,0.0,0.0,20010.415554709503
2011-11-20,27419.162200056377,23975.14453268334,51990.2090945435,27419.162091185335,27419.16228267432,10223.59252344164,10223.59252344164,10223.59252344164,-8801.109981411972,-8801.109981411972,-8801.109981411972,19024.702504853612,19024.702504853612,19024.702504853612,0.0,0.0,0.0,37642.754723498016
2011-11-21,27421.401085806603,39111.17478980796,65397.74867023761,27421.400935295842,27421.401200770695,24484.689284199336,24484.689284199336,24484.689284199336,4863.236747091457,4863.236747091457,4863.236747091457,19621.452537107874,19621.452537107874,19621.452537107874,0.0,0.0,0.0,51906.09037000594
2011-11-22,27423.639971556826,44258.277772988455,71177.5119593499,27423.63978761765,27423.640121490273,30048.2006162487,30048.2006162487,30048.2006162487,9808.312711140987,9808.312711140987,9808.312711140987,20239.887905107717,20239.887905107717,20239.887905107717,0.0,0.0,0.0,57471.84058780553
2011-11-23,27425.878857307052,40509.77807778696,66987.94194892315,27425.87863170891,27425.87903991143,26138.215225056018,26138.215225056018,26138.215225056018,5272.2183026017665,5272.2183026017665,5272.2183026017665,20865.99692245425,20865.99692245425,20865.99692245425,0.0,0.0,0.0,53564.094082363066
2011-11-24,27428.11774305728,47089.18537070098,74177.25562543496,27428.11746864523,27428.117954909038,33167.46917237252,33167.46917237252,33167.46917237252,11683.959076252067,11683.959076252067,11683.959076252067,21483.510096120448,21483.510096120448,21483.510096120448,0.0,0.0,0.0,60595.5869154298
2011-11-25,27430.3566288075,39238.73663127624,64930.62603185536,27430.35631408993,27430.356893224518,25115.264232559603,25115.264232559603,25115.264232559603,3041.0391225081685,3041.0391225081685,3041.0391225081685,22074.225110051433,22074.225110051433,22074.225110051433,0.0,0.0,0.0,52545.620861367104
2011-11-26,27432.595514557728,10586.146678037192,36389.54816073032,27432.595141090012,27432.595812877138,-3249.2495320591865,-3249.2495320591865,-3249.2495320591865,-25867.65597814448,-25867.65597814448,-25867.65597814448,22618.406446085293,22618.406446085293,22618.406446085293,0.0,0.0,0.0,24183.34598249854
2011-11-27,27434.834400307947,29460.239945493024,54911.94112495405,27434.833959285315,27434.83473412908,14294.140419400863,14294.140419400863,14294.140419400863,-8801.10998144324,-8801.10998144324,-8801.10998144324,23095.250400844103,23095.250400844103,23095.250400844103,0.0,0.0,0.0,41728.97481970881
2011-11-28,27437.073286058174,42346.0474481608,68092.61058760122,27437.072772054107,27437.073682350267,28346.640864908266,28346.640864908266,28346.640864908266,4863.236747096781,4863.236747096781,4863.236747096781,23483.404117811486,23483.404117811486,23483.404117811486,0.0,0.0,0.0,55783.714150966436
2011-11-29,27439.3121718084,47223.579545456094,73548.64317591648,27439.311616899427,27439.312613747108,33569.83811586468,33569.83811586468,33569.83811586468,9808.312711129603,9808.312711129603,9808.312711129603,23761.52540473508,23761.52540473508,23761.52540473508,0.0,0.0,0.0,61009.15028767308
2011-11-30,27441.551057558623,43742.484628970196,70038.28162311492,27441.55043883996,27441.551573203138,29181.086908118752,29181.086908118752,29181.086908118752,5272.218302583217,5272.218302583217,5272.218302583217,23908.868605535536,23908.868605535536,23908.868605535536,0.0,0.0,0.0,56622.63796567738
2011-12-01,27443.78994330885,50531.93643184751,76722.85816842238,27443.789256017182,27443.790527797486,35589.83976758982,35589.83976758982,35589.83976758982,11683.95907627495,11683.95907627495,11683.95907627495,23905.880691314876,23905.880691314876,23905.880691314876,0.0,0.0,0.0,63033.62971089868
2011-12-02,27446.028829059076,41058.09567412071,67600.54192031287,27446.028073814017,27446.02946309233,26775.830186769683,26775.830186769683,26775.830186769683,3041.039122545558,3041.039122545558,3041.039122545558,23734.791064224126,23734.791064224126,23734.791064224126,0.0,0.0,0.0,54221.859015828755
2011-12-03,27448.2677148093,11603.966331423102,38133.17688038834,27448.266883270408,27448.268388743738,-2487.4776219141845,-2487.4776219141845,-2487.4776219141845,-25867.655978153878,-25867.655978153878,-25867.655978153878,23380.178356239692,23380.178356239692,23380.178356239692,0.0,0.0,0.0,24960.790092895113
2011-12-04,27450.506600559525,28810.026724493408,54763.2713730332,27450.50571086888,27450.507302773774,14028.387783405813,14028.387783405813,14028.387783405813,-8801.109981426742,-8801.109981426742,-8801.109981426742,22829.497764832555,22829.497764832555,22829.497764832555,0.0,0.0,0.0,41478.89438396534
2011-12-05,27452.745486309752,41679.79296659818,66838.00979020252,27452.744544775825,27452.746248674866,26936.78994519232,26936.78994519232,26936.78994519232,4863.236747092566,4863.236747092566,4863.236747092566,22073.55319809975,22073.55319809975,22073.55319809975,0.0,0.0,0.0,54389.53543150207
2011-12-06,27454.984372059975,45427.302371347185,71950.90915814175,27454.983364447606,27454.985191330128,30915.212400072665,30915.212400072665,30915.212400072665,9808.312711143886,9808.312711143886,9808.312711143886,21106.89968892878,21106.89968892878,21106.89968892878,0.0,0.0,0.0,58370.19677213264
2011-12-07,27457.2232578102,39990.78032666715,65213.078600871915,27457.222149329402,27457.224184710565,25200.381456236977,25200.381456236977,25200.381456236977,5272.218302582019,5272.218302582019,5272.218302582019,19928.163153654958,19928.163153654958,19928.163153654958,0.0,0.0,0.0,52657.60471404718
2011-12-08,27459.462143560424,43987.337284862035,70263.70934256363,27459.46097203808,27459.4631096461,30224.22565152726,30224.22565152726,30224.22565152726,11683.959076235538,11683.959076235538,11683.959076235538,18540.26657529172,18540.26657529172,18540.26657529172,0.0,0.0,0.0,57683.68779508768
2011-12-09,27461.70102931065,34353.260440680606,61205.96464378339,27461.699807894187,27461.70203892315,19991.593156023362,19991.593156023362,19991.593156023362,3041.0391225317517,3041.0391225317517,3041.0391225317517,16950.55403349161,16950.55403349161,16950.55403349161,0.0,0.0,0.0,47453.294185334016
